,Observatorio,Tacubaya,Juanacatlán,Chapultepec,Sevilla,Insurgentes,Cuauhtémoc,Balderas,Salto del Agua,Isabel la Católica,Pino Suárez,Merced,Candelaria,San Lázaro,Moctezuma,Balbuena,Boulevard Pto. Aéreo,Gómez Farías,Zaragoza,Pantitlán,Cuatro Caminos,Panteones,Tacuba,Cuitláhuac,Popotla,Colegio Militar,Normal,San Cosme,Revolución,Hidalgo,Bellas Artes,Allende,Zócalo,San Antonio Abad,Chabacano,Viaducto,Xola,Villa de Cortés,Nativitas,Portales,Ermita,General Anaya,Tasqueña,Indios Verdes,Deportivo 18 de Marzo,Potrero,La Raza,Tlatelolco,Guerrero,Juárez,Niños Héroes,Hospital General,Centro Médico,Etiopía / Plaza de la Transparencia,Eugenia,División del Norte,Zapata,Coyoacán,Viveros / Derechos Humanos,Miguel Ángel de Quevedo,Copilco,Universidad,Martín Carrera,Talismán,Bondojito,Consulado,Canal del Norte,Morelos,Fray Servando,Jamaica,Santa Anita,Hangares,Terminal Aérea,Oceanía,Aragón,Eduardo Molina,Valle Gómez,Misterios,Autobuses del Norte,Instituto del Petróleo,Politécnico,El Rosario,Tezozómoc,Azcapotzalco,Ferrería,Norte 45,Vallejo,Lindavista,La Villa-Basílica,Aquiles Serdán,Camarones,Refinería,San Joaquín,Polanco,Auditorio,Constituyentes,San Pedro de los Pinos,San Antonio,Mixcoac,Barranca del Muerto,Garibaldi,San Juan de Letrán,Doctores,Obrera,La Viga,Coyuya,Iztacalco,Apatlaco,Aculco,Escuadrón 201,Atlalilco,Iztapalapa,Cerro de la Estrella,UAM-I,Constitución de 1917,Patriotismo,Chilpancingo,Lázaro Cárdenas,Mixiuhca,Velódromo,Ciudad Deportiva,Puebla,Agrícola Oriental,Canal de San Juan,Tepalcates,Guelatao,Peñón Viejo,Acatitla,Santa Marta,Los Reyes,La Paz,Ciudad Azteca,Plaza Aragón,Olímpica,Ecatepec,Muzquiz,Río de los Remedios,Impulsora,Nezahualcóyotl,Villa de Aragón,Bosque de Aragón,Deportivo Oceanía,Romero Rubio,R. Flores Magón,Tepito,Lagunilla,Buenavista,Insurgentes Sur,Hospital 20 de Noviembre,Parque de los Venados,Eje Central,Mexicaltzingo,Culhuacán,San Andrés Tomatlán,Lomas Estrella,Calle 11,Periférico Oriente,Tezonco,Olivos,Nopalera,Zapotitlán,Tlaltenco,Tláhuac
Observatorio,0.0,1403.2648461390445,2593.7600175221337,3570.8217967173805,4145.141533256437,4878.311065246258,5760.973910483761,6340.510975225779,6851.772410266246,7320.961506241786,7804.7580273425765,8489.563380170108,9176.905600981576,9765.373510850843,10061.561203498095,10655.274953516591,11255.62157428646,11732.15438369762,12436.950782902284,13428.74374905479,6906.7032323389085,6727.20417240565,6952.352930568229,6853.190188173725,6651.789864226518,6452.607492495277,6257.458687592169,6444.498561831527,6711.851617662469,7157.05206779522,7528.626449300436,7925.194685829782,8204.246454984652,7263.556143948244,6969.087810697015,6735.829187502063,6631.545623545669,6610.456786850609,6693.258191335734,6950.445772441229,7261.032352500534,7648.390508155748,8618.04932214347,13804.663049056377,12419.520117083015,11345.453434478679,10230.837558701787,8797.46923870268,7844.864095236567,6834.339138605259,5829.042842734198,5299.15598801599,4891.231418476662,4676.793992580403,4727.0021818372925,4787.027166713151,4812.689159027669,5092.239172259548,5518.514517426944,6025.507409050707,7263.884987093117,8565.85529814674,13786.617997690066,12929.075599096184,11926.323693008253,11233.8796212296,10552.992900647823,9870.915234801147,8845.983928872034,8377.758051964693,8380.200151395773,12265.03684573699,12477.406589139217,13073.560942712198,12489.491091149319,11630.49370821552,10856.544211102904,10329.98148841671,10980.755492765828,11773.219992156488,12583.562588654946,11927.528161020962,10749.440924810096,10426.952624523183,10667.231729951958,10816.455261271452,11348.539073543545,12164.188592925086,12708.619727951895,10191.525579764222,9077.384684681867,8009.540995397028,5402.829526943609,4106.4686571945385,3219.2538720734137,1812.9275303312509,1715.5863808528993,2035.804311621836,2714.0285632361815,4170.411309399541,8208.416566456865,7267.106692232713,6537.129229899301,6202.467104647698,7903.634353037584,9165.34659536213,9362.905156960636,9826.03178070368,10168.100441678582,10267.834356018766,11391.406245458025,12101.126310954196,12920.338676799827,14215.503147053607,15545.005055820819,2498.929482720247,3520.4849417632977,6010.299191960276,9299.250017858794,10342.907527334428,11541.695805517074,12473.620232213205,13762.637466710963,14807.771811981327,16210.210883066256,17377.799258565192,19454.927609754734,20780.552207112916,21912.61502291863,23914.380702436767,25749.69890726307,23704.644092476006,23050.79189663674,22281.72749636243,21644.28449913194,20243.417843076066,19183.97130099661,18664.132915772338,17465.44604324045,16269.007702019933,15342.324311304008,14057.447865154312,12152.637816697996,11079.194268527664,9541.62166207287,8877.289300737331,7361.98612046283,3516.561924547754,4209.707435872948,5418.142908158416,6558.205333145791,9385.683815064342,11617.237271004751,12909.604649670286,13753.129539381269,14869.899250960174,15922.399144214094,17403.61000439064,18233.324269042405,19526.321225888976,20780.49088747381,21796.303330272825,23088.097694444637
Tacubaya,1403.2648461390445,0.0,1356.6027494744021,2349.9648227032885,2857.19398738442,3540.0558557539935,4393.36663689142,4963.820486127655,5461.508951063867,5922.209729505834,6402.890250078069,7086.3009736860395,7773.855030566757,8362.228389337806,8660.57678516447,9261.43163186112,9871.797474768771,10360.189035183728,11081.714794214111,12063.329009436606,6823.352918173613,6397.589165533516,6310.171285653966,6078.832195508949,5746.719207125688,5450.150913827519,5159.330147341671,5249.1941170320115,5430.127502534888,5829.215547323659,6169.083659583985,6550.6821551954545,6812.825010033539,5867.431077889144,5598.245635047148,5422.67688219187,5378.1063074683825,5458.073795594196,5670.433486714245,6094.960429743574,6544.241705156987,7083.798435523757,8122.482840749017,12611.315985278537,11212.835190158283,10139.180858070114,9032.760389472072,7549.879119993351,6547.21674065495,5483.540877520577,4428.609558896477,3896.734588734934,3509.0465962860076,3435.2678824353607,3698.3853280480553,3963.295151338569,4274.2860100270245,4873.38181792049,5520.761271266482,6209.507868385177,7424.8927601785335,8739.485762026297,12500.243887308314,11616.087757962878,10592.119308868463,9880.076159081398,9179.286379884797,8479.099165095315,7446.809580624291,7010.4115678170165,7044.874047681181,10877.34847526565,11075.888241962017,11671.745462641466,11097.441806728231,10247.762790706833,9524.35035358989,9054.98265436065,9838.900935021204,10728.350035265687,11594.221511486023,11473.33511485265,10255.33803377882,9803.703657498058,9888.584466328843,9907.661857139363,10373.549479870595,11022.402735426911,11458.240582397144,9678.96922798297,8479.418183028161,7416.193024547362,4816.931366624572,3469.240745412057,2591.255311254372,1066.1693936297706,1236.0760420096192,1924.3066626053635,2865.0522087659206,4499.91983727292,6874.053997319735,5886.074059911921,5134.425896767844,4807.282447516554,6554.950593628723,7875.003147592015,8148.859690492212,8697.792077972927,9086.758990709684,9278.650062178604,10454.80568054227,11114.106467492069,11923.843036333725,13224.48254675769,14556.924857109127,1095.7657574417487,2131.8509635813502,4642.916821889497,7946.063821582535,8994.510179025947,10197.40797786165,11136.535774273947,12439.537129077862,13508.739346754322,14940.560319238746,16130.511104251269,18246.86662430849,19600.15531686265,20742.10565480632,22733.70309785276,24586.467954732376,22376.524944059656,21715.883510146414,20938.679674227118,20294.49953553141,18878.62805367085,17807.880288159013,17282.9040075929,16073.28598910399,14870.00823272688,13943.68499568246,12656.800087284419,10749.965388908053,9676.3526970463,8163.500362827684,7517.163265082271,6125.793488438799,3316.669627047249,3803.058748616984,4754.504989914378,5964.813021272962,8544.791619121488,10882.853089774708,12235.824827287037,13083.688381219,14145.679570334949,15167.002360340552,16681.229089128086,17495.16909238292,18762.294506066624,19989.27261518681,20981.67742366975,22282.57631830894
Juanacatlán,2593.7600175221337,1356.6027494744021,0.0,997.3275481796389,1551.5970353436,2303.89904759583,3216.9037076683544,3809.8202002209305,4358.414013517603,4871.058431814249,5384.163806205398,6111.089440815375,6771.503910540129,7360.307268874728,7732.884960710859,8396.84678173049,9062.8997179979,9602.603498980116,10382.376636238263,11320.321814657427,6093.36898401762,5474.497145173263,5156.471351837448,4846.606544632535,4450.4344541153405,4117.689111633675,3805.527558193524,3898.389978990516,4120.231868165454,4567.70470522246,4961.6478130877,5379.557038743717,5704.628529188968,5028.810658416056,4919.419443427237,4958.364974870152,5073.70945794535,5361.465814192999,5780.27037637867,6413.8449182930935,7005.912323312358,7682.1676502309965,8759.375323753275,11264.728611102235,9869.387374762819,8795.15987276119,7685.930061162855,6220.262453622071,5251.395026259808,4260.445713671025,3421.401680876431,3033.623006592967,2873.3479612999167,3298.9537285384026,3934.492514326397,4445.163960045659,5016.810492255357,5824.5474648149575,6583.157952587782,7350.171570452499,8534.496477963059,9839.65286484174,11196.47613308099,10335.319881145919,9336.123333828851,8654.770642623256,7998.29607366644,7364.679541590118,6553.064599073628,6313.2340994094075,6463.9387023429745,10040.512646546158,10126.088295258221,10623.026178866789,9976.748413275009,9091.667556028868,8266.0765521598,7742.238133009503,8483.370499720055,9376.227329898713,10251.1483794845,10382.819862217604,9148.152069097116,8620.509435923,8623.074791588464,8589.408427850409,9035.087119297477,9667.103782033431,10132.054475468074,8564.888399483574,7322.931035266775,6275.915183537566,3748.3778798607877,2445.093738165969,1707.7718397749816,994.1893163914642,2430.0520550504853,3145.1326371035884,4100.014787219309,5736.953094457026,5620.508743401361,4739.778851928948,4152.779845178609,4005.951924703413,5939.826048923129,7405.353359523068,7847.213585421218,8546.112693677329,9005.900543381014,9333.61160309398,10563.528143184725,11144.413436479319,11931.126271256504,13226.62901487803,14552.338917911793,892.9949076828368,1647.9294048911418,4016.265175748151,7287.93916359814,8338.72207545367,9542.335789969751,10495.888238194906,11830.045778533648,12955.733769360273,14448.638668085903,15680.959143827655,17866.275331017736,19265.62405323749,20421.32075161717,22389.06758333659,24267.947783554177,21111.69298408008,20459.22356602746,19692.880683298325,19058.73121296236,17669.676618620248,16625.11807061057,16114.724464807854,14946.17208405719,13785.011578706004,12857.226918977556,11590.979080290399,9720.064685414369,8655.294496982551,6997.494048848589,6307.384469165345,4789.461701140035,4365.278911279245,4682.700734193211,5351.476179026086,6572.57823458617,8809.719911006312,11232.41302932368,12635.33390103245,13479.432968560252,14472.752673930403,15451.333146461857,16992.95857374593,17784.729252640813,19016.15752654104,20206.240336797604,21167.076037657225,22474.2167899489
Chapultepec,3570.8217967173805,2349.9648227032885,997.3275481796389,0.0,640.3466957982511,1448.5425294748516,2390.43406149462,2988.015401525335,3572.6240151355423,4122.014952735239,4653.685000196473,5405.589250119417,6033.761389841435,6616.407883343216,7045.491073847409,7753.247922772591,8456.93343401955,9031.901638597206,9850.229843073332,10748.016027436435,5817.994941517914,5031.663139328498,4468.6958660203045,4065.5853505307605,3583.6187057699826,3192.767622708845,2833.0089297696713,2901.130983899731,3145.4141689312155,3630.8668820375806,4068.8139864718823,4514.17828966772,4890.222795484122,4467.919007460809,4502.300527915503,4719.545378169991,4957.5630159290795,5391.5526659896495,5945.021296854228,6706.3432738494985,7382.844905593665,8140.157738643513,9229.1960559228,10267.469695454707,8872.597465168852,7798.3027603718065,6688.695880876115,5229.21449287234,4283.404325226704,3361.6318030198213,2768.792501077181,2561.449677057512,2643.5145416383275,3432.7836467270563,4274.298061655962,4914.179891974527,5625.325497263892,6542.802536329331,7361.410565802369,8173.25109995366,9329.280516885387,10621.347610550969,10216.588935935186,9369.437585402202,8387.427981284558,7728.8281317948195,7107.3786846945195,6529.430692118879,5909.341549616945,5838.168458442088,6080.405695546809,9404.753347536001,9402.523527430016,9821.730294487577,9123.879722567306,8215.416219387213,7317.638883859034,6759.284943560033,7489.190829301999,8402.112385622933,9293.138079509408,9708.584583363569,8464.610218691465,7860.442832768832,7769.780020805692,7669.602474343778,8085.402183156276,8672.551112170826,9141.210065117006,7878.442645327522,6601.746217010813,5584.749011907869,3211.7825528496014,2082.261436890948,1686.3243600453147,1843.766030314683,3354.1433642871707,4061.9795093817056,5009.7813100483,6633.96680693489,4683.818779110558,3905.390292680398,3490.910817002211,3522.5503977582075,5542.044274414611,7090.054281706349,7653.604318006677,8453.860910935407,8959.414730856124,9382.603495955309,10637.235154188937,11154.918776119737,11917.75185538637,13199.825063381984,14512.484986661335,1635.0044471743327,1825.722053581767,3690.564012914698,6825.057866068554,7861.633044470508,9051.942331668399,10007.947502992409,11355.962942699929,12517.310541004501,14048.057521299703,15306.346425051574,17534.48357187303,18963.372869865936,20125.976826867347,22071.59756668268,23965.832040751084,20150.570476253924,19502.993562558237,18743.3217952586,18115.489745157007,16743.93207773659,15717.155457874338,15216.929611505871,14077.792265857519,12948.247334111014,12021.387450518729,10773.564572634457,8937.10533404218,7885.404131052849,6123.2707282490055,5402.13364460475,3796.011055334308,5168.595349230278,5382.4048522501325,5859.1815103638755,7056.745503621711,9017.906265032112,11474.154271851214,12902.325775312449,13738.34206237275,14676.158750864593,15618.631691079096,17173.667367354647,17946.227595683547,19147.298961468503,20306.69722149438,21241.70769618903,22550.247221233152
Sevilla,4145.141533256437,2857.19398738442,1551.5970353436,640.3466957982511,0.0,808.6868474846304,1750.6034131175743,2347.8896896647093,2934.599852578975,3488.036871890381,4021.808278704456,4776.997125450853,5398.929281908996,5980.33032237148,6418.139295628754,7134.486979655378,7846.623188559831,8430.502536156157,9259.181096749217,10144.153576438699,6134.490223022588,5253.650179597042,4504.837044602487,4014.5073043129455,3436.162381420779,2961.657154403324,2502.0161962463712,2437.469317600594,2575.242321126864,3019.278840671252,3437.4725516221533,3877.209959698084,4249.881869792554,3884.762077059264,3978.1643790418057,4279.4178703583775,4579.2425208851255,5089.069358266726,5714.742044160962,6546.768360522523,7271.903179524405,8078.521556873383,9168.728333940435,9767.72273272581,8365.037705604727,7292.825217510392,6192.459145222412,4693.572332277425,3701.5048788265735,2731.277057980172,2170.012819893963,2053.6199752989373,2272.9388407385536,3245.4337624951627,4189.113095126337,4900.58993067621,5700.035316097498,6693.658971583635,7557.919643813359,8407.379704520983,9530.474862052502,10805.211263704814,9650.594328261446,8784.05356602626,7785.880605653919,7112.637767587893,6477.315245113037,5889.948996292841,5293.82331529135,5278.480166373593,5556.909495775724,8786.048944944152,8767.698180312978,9181.383724615473,8486.659794811272,7582.042070573166,6715.764529086354,6200.285201490321,7035.412789235705,8017.953698947063,8943.61532795041,9705.905451651954,8459.991292076735,7785.137647333231,7588.788877086578,7394.860589765578,7756.270763729116,8214.13414285046,8601.050529367527,7874.9149887048015,6575.531354594775,5598.940094969428,3412.8272239534085,2459.834717241155,2237.164307427991,2465.4002942695843,3742.457143510945,4430.314496155165,5358.667642109511,6955.3407156867725,4072.785387787614,3265.223521377576,2880.8395674423446,2982.7004517228756,5016.278992959815,6590.518567911774,7208.163277262337,8055.206632916103,8582.226719496015,9055.54260220798,10318.583948257772,10799.368285714929,11547.002623671626,12818.710694647083,14121.884339623384,1978.5198208252402,1804.8157484994551,3225.137406412018,6265.30648228042,7293.061556726419,8475.849392325852,9430.964173453795,10781.704301749238,11953.959591804683,13496.691023971514,14763.454511692953,17006.258230791962,18445.9111757928,19610.54612679689,21546.202718459117,23445.655999542272,19560.12030998346,18908.054082766233,18142.94465579048,17510.563471062007,16128.741538966242,15094.148096118486,14590.350548167205,13443.699532524552,12309.646698254264,11382.635771584037,10133.56369901459,8297.15407914187,7246.318744954657,5488.768967608597,4775.910600738206,3274.736085238852,5409.023420863803,5531.801677149765,5856.477424876404,7022.954178802509,8786.37635292112,11251.901278838706,12691.191230479608,13519.880155017969,14421.436709105554,15340.489585242049,16900.792101196814,17660.904219691998,18842.84503228965,19983.556334446617,20903.299541144253,22211.453032483027
Insurgentes,4878.311065246258,3540.0558557539935,2303.89904759583,1448.5425294748516,808.6868474846304,0.0,941.9393154045183,1539.5229530251318,2126.8786371377446,2684.720968703447,3220.7398867158513,3979.499026333717,4593.794099942768,5173.87660299003,5621.133317266983,6347.602277934969,7069.857588467084,7664.596632178117,8505.758496945153,9373.890410817994,6634.271045129629,5662.10444420571,4717.238452896177,4136.072298802743,3458.487273191099,2896.6532417182675,2322.993098820757,2036.0546131140622,1949.111731590742,2289.3137259761284,2657.749944394625,3082.0934789891376,3442.3388549656725,3158.1190407140184,3344.445837119011,3770.0409030461115,4155.123724696755,4762.446939356892,5475.660545623224,6389.121685399992,7168.700157973113,8030.527232752102,9113.618121503769,9191.447554403105,7781.772838305181,6717.756425894982,5639.217388092249,4089.93147242123,3025.420196593376,1957.6643109928918,1441.1651891920149,1521.4326254606626,1967.5320522677455,3139.535191688152,4178.051529352976,4960.217631350485,5852.583071135055,6924.593705613567,7835.148548413222,8723.387285677127,9799.399022673908,11046.392474164539,8973.141966971647,8077.147816189255,7053.793339618038,6355.957608406219,5695.160549317711,5086.6360491411815,4513.132650737488,4578.018020240404,4907.517141869298,7998.326595517258,7962.128939358773,8373.94533157426,7688.673423165795,6792.508099084572,5985.2528152109935,5544.8964296625345,6541.3885292131035,7619.690094536778,8588.80962647634,9804.708894234043,8565.079924703972,7807.137647328918,7475.214280224081,7156.216115380308,7438.449759236541,7705.814533798958,7966.568622213745,7986.380361174019,6673.103165053947,5761.283800371633,3842.3195325211104,3088.4676661679027,2997.5441373239946,3253.34512032706,4291.191714400975,4944.711253288001,5837.878347843318,7386.347898851365,3334.885820299206,2459.8319562652864,2118.096104036662,2343.3047358346535,4367.873459328859,5968.676594091625,6657.915005666563,7563.745434819803,8116.712708003165,8654.328411975363,9922.3450128237,10352.762450164299,11078.019984488903,12332.845889580645,13621.012296206396,2554.200313977493,2044.8453701639028,2704.2319424628745,5560.141465759594,6572.514032860444,7742.893306054318,8695.522569359804,10048.315623381806,11233.400063535575,12790.032064567693,14066.529298002099,16326.254587741381,17778.522685652653,18945.06255622846,20867.490370689906,22772.6891328252,18837.463084426934,18178.759649169544,17405.51399982618,16766.235986427913,15368.46310649125,14321.222453569095,13811.4365075421,12651.406199967083,11508.05868844563,10580.736270674475,9328.147678375393,7488.581145870829,6437.709601741358,4698.075108243727,4004.007592882151,2723.9551851078636,5763.791315223635,5777.487822680719,5910.481043349968,7021.239452609093,8512.920323121238,10977.413679520854,12425.741007614572,13242.461863614037,14095.054542889728,14982.005603031692,16546.165437490978,17289.168521104446,18445.083081684286,19560.68444493879,20460.114023658447,21766.602715665293
Cuauhtémoc,5760.973910483761,4393.36663689142,3216.9037076683544,2390.43406149462,1750.6034131175743,941.9393154045183,0.0,598.312909280314,1188.7993587686342,1757.2727927884318,2296.559121414809,3060.3485661689556,3659.2566209916777,4236.611328827641,4699.978629580093,5441.930114471665,6178.724542053127,6788.729184932738,7646.5569995414435,8489.146530070448,7280.0225226685225,6229.836348514122,5108.554369535537,4453.407240493251,3704.5145579683754,3088.737418909202,2448.3654131137673,1914.7189375728858,1456.501447532766,1534.5286879159153,1778.1276414751399,2165.916822276647,2501.9481793951545,2385.7108859740015,2733.674648591812,3338.6358234524932,3830.2398771781022,4546.275564268773,5349.616711425602,6341.654618037869,7172.248661270341,8086.563662892354,9149.261677386949,8560.275803530238,7150.398792535941,6107.233807623421,5073.738494191967,3484.968774582969,2338.7444301462624,1115.1305142915396,821.6194055994295,1331.529670110287,2012.179150421304,3283.0734184956405,4367.775917413533,5199.223968382919,6169.545266923454,7306.66636345586,8255.173843526647,9176.234206047357,10193.483404681043,11402.22634795029,8208.135761524229,7275.156692014278,6220.202452027543,5489.202944035114,4792.191770405613,4152.185160625749,3622.785168944495,3822.716412858992,4228.204175759439,7089.393542843733,7025.784685693216,7433.226688935363,6760.593234100329,5876.95663353714,5158.809402017707,4833.541090831524,6043.450849333954,7233.530970556803,8247.409969585393,9992.003918316073,8771.029982476757,7927.795858534694,7442.55488585724,6977.259597870952,7156.846015698124,7175.238358967983,7264.503767819917,8206.052256581015,6896.26181939629,6073.092442735964,4470.21352001946,3900.854397434375,3905.540933326075,4182.552096797564,5025.364027418897,5637.849796512437,6485.80732494645,7970.151457262089,2524.859832993816,1524.5963747103613,1307.7126490357425,1790.1715889123398,3700.55263014432,5315.541809408559,6098.192641136228,7073.75554113626,7655.541474129215,8271.54555291861,9535.74267759783,9899.27681026525,10591.996711379094,11819.833710894516,13084.576982530201,3352.9479598762236,2634.613859323259,2325.4468837646596,4786.157950129324,5768.098967765689,6915.313567579911,7861.730184231519,9214.623778737101,10415.35535774767,11988.388208262724,13276.11125691836,15555.370070327945,17022.45313657889,18190.40604749022,20094.64760684843,22006.010589430643,18000.392646104312,17333.771316579834,16550.767380931058,15903.175822742682,14486.000798338255,13423.196988922124,12905.995852590435,11729.289296763436,10574.370586948786,9646.768209603646,8389.86311999229,6546.671667849298,5496.11323434411,3784.036376434334,3124.4759971415456,2275.692600201044,6291.528869452735,6194.193129430024,6118.470074309371,7145.190426335263,8292.50233838253,10735.320670617979,12186.504074654675,12984.85610746981,13774.265220873393,14618.841725703756,16183.296175222718,16903.578537659963,18025.202673676733,19108.044592452145,19981.17166222219,21283.832632029294
Balderas,6340.510975225779,4963.820486127655,3809.8202002209305,2988.015401525335,2347.8896896647093,1539.5229530251318,598.312909280314,0.0,610.558169501164,1193.9314146792365,1732.5979514162923,2498.3613739822063,3075.707188417883,3648.7205818627294,4130.8996003576285,4887.558926920017,5636.878765765631,6259.600324215378,7130.3609998430875,7949.742906213051,7696.333895382874,6607.124737316386,5396.233394053721,4709.322041345566,3937.2908523400793,3312.264718273421,2668.168512863508,2034.465802732889,1368.5812215466901,1166.9964186718964,1245.0368986674978,1586.9360953621717,1903.6420165537852,2003.884023347966,2492.5145733001136,3218.5874717849633,3771.9424570315146,4544.634320565791,5392.339546090051,6421.263265607846,7275.5802028990065,8215.33967010377,9259.05642442507,8160.835309623862,6756.819012236884,5734.755180471718,4743.49655705981,3153.2452159906,1979.5598111909844,688.0253877115505,874.810265140369,1565.0962469258486,2286.4255247378924,3538.425532628558,4619.502097919034,5464.524858427606,6467.257040374247,7631.8216106599575,8596.243018888934,9531.730720203737,10512.228485338548,11695.254674275155,7719.058315048957,6763.117759314563,5688.948962928925,4936.479933140264,4215.465904428632,3555.9209768784026,3090.7196863762433,3420.463708253179,3886.0814284588496,6529.5940760213825,6437.942642740021,6834.940693573406,6167.009785655917,5290.904996246174,4636.182470017085,4398.59689435452,5750.572590696319,7006.993528819441,8043.942337095851,10118.2730055316,8914.990566063905,8024.0788970569665,7445.903943536563,6890.320674246098,7000.762216247439,6850.987345374405,6821.44589866174,8361.888569473713,7064.133171829457,6302.528424194206,4896.890173020938,4427.6658442623075,4480.897292138095,4779.112007221516,5543.461654899976,6133.938170196686,6955.907983488344,8401.256842601855,2043.2692603824046,930.1427539269631,966.4395314104408,1672.9440639831093,3378.5818253141683,4980.882266931378,5828.249338221743,6847.0975064683735,7445.468817079859,8112.623779069479,9367.55835412937,9683.15613130094,10350.571588404142,11555.876557038422,12801.299445018136,3907.741957612115,3121.867406894173,2300.254645829257,4355.803486119249,5304.724215183355,6427.725962795225,7366.5464426041335,8717.071314468218,9928.656175686341,11512.63269655585,12807.660866751927,15099.710390804055,16576.723858209578,17744.985142944646,19634.935389972045,21550.0242960445,17457.072122123693,16785.86234196934,15997.211420457821,15344.822727855195,13916.52297769316,12844.934219339731,12323.63258901218,11138.092912768137,9977.844022507,9050.165236594574,7791.836049675067,5949.3409268895475,4900.660228128995,3201.1963625706603,2571.5267666357904,2124.9581955059357,6701.690825175619,6546.370982786027,6354.814664198241,7322.31539815352,8243.401947548253,10659.58346023099,12107.711753976108,12891.690502491861,13637.157124285002,14451.534435172483,16013.445143205885,16717.37864460556,17814.404122970613,18873.844682719664,19728.23823319199,21027.172316816115
Salto del Agua,6851.772410266246,5461.508951063867,4358.414013517603,3572.6240151355423,2934.599852578975,2126.8786371377446,1188.7993587686342,610.558169501164,0.0,585.2565291329367,1122.4403642474326,1888.0414047129213,2470.789075135109,3047.9128658768063,3520.6521189062128,4277.647620636542,5029.404520209543,5655.898591832041,6531.306119014224,7342.390500907017,8260.337576959859,7152.187758926733,5892.208633071883,5189.227052358942,4409.240510537072,3786.464883513824,3152.0076257120004,2477.3698495608733,1716.22758022833,1257.9572648416258,1010.4825460541216,1168.2149502263417,1352.6769076714847,1549.9187609561025,2165.585435066097,2988.116619521345,3588.2266330211105,4401.889972935558,5281.802846678043,6337.313202381552,7209.201593736477,8169.450852669289,9188.541965784685,7978.576975223799,6590.260524913781,5604.801936897573,4680.279148720694,3123.607978030505,1974.7155634669514,844.3156342276142,1104.8793655112904,1799.9545605337344,2498.20890198505,3681.8063404839922,4736.826559497289,5584.996924651926,6613.589202524472,7801.175611780349,8779.113303649816,9727.793700041075,10662.791938433367,11813.453239559083,7407.457201032706,6417.3872150453435,5314.0873460366265,4523.076093843932,3748.7982153147846,3019.2514927956117,2488.9850941256786,2910.6194327413455,3423.8271992034697,5919.0813317340935,5837.00397257626,6266.06906675552,5637.759442837113,4791.474982033003,4285.516136996106,4196.7394300541955,5720.9056507372225,7043.196810682116,8099.1196999571675,10478.361454894111,9292.84942609903,8366.158077565593,7710.05763506064,7073.086886680255,7112.951785125733,6773.568867977468,6584.6913593400095,8751.00648196348,7467.761803640551,6755.032403625929,5470.973971449222,5035.760090752832,5088.4374620959525,5338.642372019804,5959.322187919168,6517.188716656031,7301.502629205224,8691.98776516707,1837.798961835186,497.00652276761235,717.964422168899,1548.1659198326975,2942.865381681379,4514.599791748329,5412.66532267056,6464.051919130118,7074.321704443545,7785.023832045133,9026.798154362272,9298.690969543419,9942.55729417851,11126.562674284263,12354.336882924194,4385.648914299749,3522.7441740184754,2212.5535605475766,3815.177410683636,4736.962920360609,5843.32208178414,6777.20808547937,8125.722673815584,9342.171197537114,10931.24107910559,12229.770040703235,14528.293171655601,16010.68442389985,17178.838131537457,19060.25996442243,20977.135319097677,17039.214281039378,16359.872701594139,15560.89143211588,14899.408894834534,13448.538688347653,12357.014159456941,11825.42865582204,10613.677200204247,9430.287785107279,8502.590471484134,7232.632969148885,5370.065372846773,4313.726208169734,2724.5995028561556,2189.9611475147867,2348.750563613274,6974.777002108082,6753.07806729713,6435.333730138481,7332.400581208594,8019.0148309090755,10400.618382566563,11842.267482762061,12611.211231450312,13315.031975871589,14101.181662532674,15659.01370640822,16347.942053558061,17422.877110458954,18461.869925554798,19300.29836035135,20595.526066235856
Isabel la Católica,7320.961506241786,5922.209729505834,4871.058431814249,4122.014952735239,3488.036871890381,2684.720968703447,1757.2727927884318,1193.9314146792365,585.2565291329367,0.0,539.9429827571279,1305.5050096494444,1911.9488062767084,2496.568241945502,2942.9404125628575,3693.7391480279703,4444.159191103218,5071.320067154703,5948.707121084235,6757.143927895485,8826.302086537482,7707.217677894194,6417.148917955417,5705.352984770416,4923.155442319013,4305.052474606556,3680.5713155848684,2990.01525484101,2197.1716965616956,1625.5311023376696,1160.2681808298603,1044.840137172152,953.3042610452964,1187.274708832781,1918.6033639137358,2808.7033507857186,3438.9366362107403,4276.529203448931,5175.315096849812,6245.888893516792,7128.1799348125,8102.5090796128015,9093.230619231113,7909.666407645329,6546.205956521507,5606.540430389883,4759.048034926801,3269.025423704795,2198.876860119716,1314.417207146447,1495.932955862262,2118.9431176925127,2758.98040263936,3844.5805379432063,4855.913078643074,5696.356991630468,6740.069266323646,7941.908380386002,8928.076999983341,9885.791405278813,10774.246424537463,11890.755918941833,7206.297979369415,6184.785454231098,5057.371950580097,4229.234755435926,3398.03992146641,2580.125836949339,1906.0288988243067,2422.258509366495,2981.528648208245,5337.034475692091,5280.539333397018,5759.682524084484,5188.096884409481,4386.23983896322,4069.5299896552424,4145.864888931105,5818.292433455926,7190.802230496218,8258.046670372762,10892.58731853065,9723.445260356792,8770.430903034263,8053.034456181349,7350.504187626161,7328.633326945448,6816.120488233703,6468.540341488092,9191.558974460975,7922.530376287766,7247.7857323771905,6043.978860279195,5620.8106200077345,5662.6275154598925,5858.8455894974295,6341.612691199809,6866.195172416907,7611.362039237614,8944.092099969752,1884.731420563641,644.5476138509932,848.7531571313689,1583.8422741662562,2538.785882255844,4057.1770562916827,5000.5556193978955,6078.307755354434,6697.396474465873,7447.434954983092,8672.3611882132,8901.987005091849,9522.379650413479,10684.81027742336,11895.122524986307,4834.17675455827,3913.7285049679963,2219.4219774330795,3285.9022036545057,4179.003404358572,5270.533681648396,6200.505021101435,7547.395741362963,8766.819199439451,10359.110162428655,11659.897311489893,13962.750904684097,15448.905654080636,16616.84120080151,18491.962843784822,20409.969231961906,16701.838101011483,16014.073623706423,15204.296077070037,14533.224803862488,13058.12653216816,11944.617679642217,11401.473287915991,10159.35879206727,8948.085102359228,8021.558151793608,6738.021961137938,4850.121460424348,3784.2390403805,2381.7049889126924,2001.180905229318,2727.3231278551707,7218.122599839718,6935.449546723612,6500.892660654793,7324.0987340978,7780.440157837292,10120.541748634163,11552.80980385167,12306.166363868542,12969.842625482803,13728.773102022182,15281.316970833199,15955.912800750953,17009.99861264638,18029.984494169013,18853.776808190683,20145.21677898208
Pino Suárez,7804.7580273425765,6402.890250078069,5384.163806205398,4653.685000196473,4021.808278704456,3220.7398867158513,2296.559121414809,1732.5979514162923,1122.4403642474326,539.9429827571279,0.0,765.8305027456265,1387.5139359736527,1976.1519970142488,2403.4197415324766,3155.2206709370594,3909.691170974719,4542.357744562811,5425.773754238825,6222.469120838429,9328.135086647644,8196.612391052025,6875.8218534113,6156.719576037229,5374.65760278516,4763.291794663054,4150.860976924832,3450.6815402025895,2642.9157022564473,2012.2744705298135,1447.4876029790876,1135.468814095532,740.8796978661611,1125.0041800521526,1908.0076078929872,2820.8825087765044,3461.6864030708775,4305.515375462894,5210.155359523393,6285.016322319548,7171.102830840433,8153.463147920059,9113.716790832777,7808.802139320582,6476.2004029607515,5586.658873291344,4819.523686001207,3416.857902776932,2450.740458843883,1779.2721655753135,1978.287838049821,2545.87452700472,3133.959681286829,4128.951369956493,5092.6674215451985,5919.047721216627,6968.408980925377,8176.463318212569,9166.024137089646,10128.60178688812,10975.371838707693,12059.88505931946,6986.776101651085,5941.935389465414,4800.7334117397495,3946.0904683897884,3070.9702594261876,2176.5846553212446,1387.7914100683843,2076.7876241493896,2687.2031592988515,4797.358901563727,4751.578969780257,5268.864838423833,4748.863209682588,3993.420461259751,3864.2612220518154,4096.261540067341,5884.396007916968,7293.352172627956,8365.852302833344,11233.92313246513,10082.595744797287,9105.999747007409,8332.560309497885,7571.801692425607,7493.102151197459,6824.255296708247,6332.224264849525,9561.354359936939,8308.686043521464,7672.580651308871,6556.297486781065,6157.4937967486885,6202.086820860293,6374.822382414514,6768.925359047722,7268.142458701467,7982.00589861281,9266.236199692026,2009.9154845856683,1049.8477671049018,1272.3592335419012,1856.556975414317,2307.3580379896885,3726.365511911387,4716.644877361113,5817.341835658611,6442.962741630306,7232.516576271015,8434.790504717019,8617.603867200989,9210.354146646583,10346.341090367327,11535.15015477329,5310.125547175537,4358.216974298155,2426.838449428903,2862.882088854154,3704.9416865612548,4768.597571653637,5690.366933941845,7033.392393074378,8257.948954759673,9855.267555186958,11159.361405678508,13468.352717574287,14959.733459836794,16127.148277553588,17992.745956994968,19912.262608112196,16342.484852212216,15647.932147430602,14829.453447209487,14150.663270365347,12656.060332393763,11524.859175642145,10972.447856660117,9706.074381972787,8472.984719196427,7548.43161596068,6255.387970141815,4349.747661567063,3278.460336939857,2089.80223601327,1894.7246094796499,3083.5161527068726,7538.830508880601,7208.74131746084,6679.053023009478,7432.402900388179,7667.082194090625,9956.82586199364,11376.262531270831,12112.252711918782,12733.178868199042,13462.368273268263,15007.686179458558,15666.404431126666,16697.258665847607,17695.914062638785,18503.158459109047,19789.84861626242
Merced,8489.563380170108,7086.3009736860395,6111.089440815375,5405.589250119417,4776.997125450853,3979.499026333717,3060.3485661689556,2498.3613739822063,1888.0414047129213,1305.5050096494444,765.8305027456265,0.0,705.0458790866235,1281.9751547942005,1641.6373057009953,2390.098912083733,3149.699919921081,3790.163690061349,4681.892379669969,5461.405037061266,10056.631245103854,8912.118239269272,7558.972393905977,6833.55733828555,6054.2072182310685,5452.382801191031,4854.867353142182,4149.350035169066,3335.8134926306075,2668.6761499547965,2055.3403131975383,1623.1510513176054,1041.6736954733647,1410.9654230170759,2112.646048132803,2979.5258436764443,3603.9844269326304,4429.4475930978715,5322.766649819217,6387.664572542563,7269.46377570361,8254.848270046516,9165.95480165321,7759.947492515433,6485.031026584705,5678.668229071895,5034.677484310683,3778.536250384705,2965.492877344583,2500.4691642180305,2690.6365393039987,3195.940690427368,3717.4944820517485,4587.809601980736,5476.436546122866,6274.32889302485,7321.40678261994,8529.624721700582,9518.680072857816,10483.881845459919,11270.380435070743,12307.075313556596,6768.14588664589,5698.587056900266,4553.501131363685,3675.573819565674,2755.681412175872,1765.1910449608158,691.2386794704497,1732.57437602587,2388.9561814053586,4031.5574227369552,4015.006736628285,4608.065237405896,4189.023150877969,3530.312211428864,3722.238464322385,4178.255354344582,6089.978931423165,7532.96868116728,8604.659089081031,11766.229744135913,10639.79156503931,9636.460966991877,8795.668231926536,7964.953926163222,7813.16971750306,6939.525317839906,6246.118895076789,10132.983116724321,8903.5818097492,8315.068518160195,7297.823558965578,6921.936610547541,6965.647401177594,7104.221417843441,7382.740460591602,7847.256422781303,8517.355729851377,9732.202164528766,2418.3934209422137,1763.093546176747,1962.5958964916538,2384.0387827866357,2144.059508736392,3323.096977194663,4367.670492700281,5487.603052530061,6116.232254590722,6957.985513688322,8117.988096629382,8229.994508091166,8778.673412850098,9871.27881458997,11025.25746129739,5990.702971430482,5005.649465318277,2849.6656358551418,2321.560705069471,3051.3881661275495,4059.7615958619385,4965.964041034998,6301.320260352649,7532.373884388473,9135.831324108101,10443.886552028805,12760.46035300593,14258.585658532385,15424.863460610894,17276.824298368876,19198.038850541303,15875.320819368053,15171.09875660997,14340.137556281166,13650.20369022331,12127.029096168513,10969.33069775365,10402.845888672482,9098.718943275222,7830.870652253559,6911.967747877165,5605.888251140342,3674.9250800859463,2600.6486070635033,1906.546785762822,2030.0565100180088,3684.833838235871,8010.399575877312,7619.664556859388,6967.435406344151,7619.033895492053,7538.326028266989,9740.4782486926,11135.4981503722,11843.889139158535,12401.00035929492,13085.254192297047,14617.176641656617,15251.903210201974,16247.857513720774,17214.720613856207,17997.473986555116,19276.36438749334
Candelaria,9176.905600981576,7773.855030566757,6771.503910540129,6033.761389841435,5398.929281908996,4593.794099942768,3659.2566209916777,3075.707188417883,2470.789075135109,1911.9488062767084,1387.5139359736527,705.0458790866235,0.0,589.6827216256524,1105.342665676178,1921.1028352865858,2715.003077023832,3387.461567343925,4301.351790401555,4993.851684899703,10466.45700757958,9297.033753386655,7890.066163241092,7158.450782592021,6389.108083196525,5808.0631631080605,5241.774926895229,4536.168482422852,3728.562541195676,3032.0558619553876,2398.220870957166,1901.3308475848235,1316.7072953755055,2102.3344875503153,2766.1910912006188,3597.3126508452888,4204.403735552039,5010.787793299579,5889.924873739581,6941.997504735576,7816.641587133974,8799.49928411386,9678.192540242619,7330.303468750233,6110.65022387218,5383.267224494905,4860.213291361026,3778.4146190486213,3155.7200689611414,2959.56578605635,3360.168957911843,3890.887009315332,4422.009418497532,5282.693939057799,6152.191556569827,6939.4458373225125,7983.3794677786045,9189.528076805702,10177.03074912889,11142.053480045222,11904.280348983715,12918.482667314038,6225.217497394497,5147.225196680664,4011.8397033450365,3132.786091863323,2206.3826922439675,1195.6126170645325,843.5410303149172,2109.868168964616,2753.2906142242587,3505.20160502935,3368.822739890615,3907.74701378124,3491.5971900368418,2871.858545671827,3274.6459850154006,3904.307285703966,5889.53230597772,7348.450048675385,8411.283176208382,11867.825884261583,10776.426385765022,9744.002489804152,8829.065514931266,7928.29721034656,7703.448947825745,6649.157437112649,5800.298264867321,10290.140462819374,9096.951262357676,8578.391746594169,7747.236887662289,7460.415620492462,7556.376509298325,7762.329485576915,8086.3042113648935,8552.298105756376,9219.945074724743,10423.08071457721,2536.628688363116,2242.8683064376646,2640.6939286640427,3089.058717379974,2624.118433081933,3543.028300843551,4612.971748109488,5731.874779609451,6355.3705584411855,7237.415424038763,8349.109894867022,8389.149982801282,8886.489059446822,9923.171781742416,11029.631451182098,6678.967790046416,5703.187945195961,3544.3203111889975,2428.232018899974,2933.6940133607177,3792.1610935132103,4643.651525124409,5945.362712154647,7187.732384297205,8800.669471793473,10114.553055421828,12443.665661933737,13954.089483413212,15116.332570613846,16935.799781506572,18859.339178611564,15194.398598239011,14487.42621465171,13653.094316648714,12960.337522221955,11430.79557806084,10268.493032575296,9700.17089201216,8393.676540388386,7127.984825413387,6208.209525831757,4903.65533451208,2978.1009325450236,1903.5494832479092,1531.3144199927622,1935.543203362811,3946.676129150332,8703.526947185519,8298.775383417493,7606.760484011239,8211.187798658746,7934.289156372508,10053.771454411894,11422.078026812818,12103.307544463933,12598.116505780843,13234.879772279504,14749.02611290259,15356.601527327357,16311.644883414494,17239.685774469828,17991.41280355618,19258.90236841894
San Lázaro,9765.373510850843,8362.228389337806,7360.307268874728,6616.407883343216,5980.33032237148,5173.87660299003,4236.611328827641,3648.7205818627294,3047.9128658768063,2496.568241945502,1976.1519970142488,1281.9751547942005,589.6827216256524,0.0,708.8674607030689,1513.9898079615205,2306.064790760342,2989.585362401834,3907.0546494288496,4525.162352664541,10944.85656278516,9762.91877521045,8327.406682763314,7594.600939055653,6834.459177366657,6268.234338254059,5722.188335891558,5021.034033530598,4223.295563398766,3521.3944399495686,2890.6565523655536,2381.290227726179,1828.1033308588808,2647.145460445283,3265.423619154814,4053.9442457439686,4639.093221716568,5421.198239865087,6281.3790756505605,7316.016049293624,8180.361288391021,9157.726754184736,10002.239645486377,7157.782351288221,6004.008383496749,5361.612668024624,4954.954716148162,4032.084977018801,3549.936944025812,3492.022723536593,3949.850718100363,4476.336199611239,4995.940738585734,5821.545551259702,6660.753818544159,7432.6708145705925,8470.91738014239,9672.873499251513,10657.354353802324,11621.296214599663,12352.960318282609,13340.271513273718,5932.283771403372,4852.249138744603,3743.234225557469,2881.3379655112008,1982.6778135907236,1048.8074370451554,1194.9502160860238,2416.494205866161,3019.417989288798,3004.5385137920193,2789.3619770967093,3326.509260251469,2969.721713376833,2445.726886707588,3136.461029956644,3928.0674859086316,5948.660618377562,7409.168112702883,8457.954774064505,12139.122614766997,11075.911844147957,10025.403178640467,9058.677954056646,8107.992901532315,7825.329573531267,6619.54876288231,5621.870053902268,10605.581594080877,9441.23136875609,8971.029061804586,8252.213133659232,8009.261919688656,8126.308316344214,8350.737401937227,8662.716130479173,9119.641638598165,9773.57755618623,10950.539482584625,2906.1664273898123,2792.0872306282868,3229.9104982513763,3658.061934743923,2984.117059100624,3667.1606022583355,4734.8206201459225,5837.716489747906,6450.657716863435,7360.511048044337,8423.825898660847,8402.061605333385,8853.449210061617,9838.870450370538,10902.254686987922,7267.118156238571,6287.236214599973,4086.4246669506797,2507.6401464461883,2797.4780199469087,3500.2944527867176,4292.243733021923,5555.1946114778575,6799.248557186918,8413.168836952063,9727.813274882677,12061.64637824514,13578.926639943365,14736.845244862041,16531.235992297694,18455.05737948972,14695.031807850248,13983.314566144158,13142.887137820539,12444.734859910748,10901.534321832929,9726.882850969894,9152.210458767655,7829.597970477069,6551.104413970955,5633.968317685541,4325.582663860286,2393.031488819921,1318.6734526714606,1588.4803743665673,2197.0545880824347,4368.822046372683,9235.959519613569,8809.05572617278,8067.686136003129,8619.28095014013,8156.130794869581,10193.051779307174,11533.548967330213,12189.10415191494,12628.538837688795,13223.17857089034,14719.288772444117,15302.927453067616,16222.33277187652,17117.07343630626,17842.55891589859,19099.467401542777
Moctezuma,10061.561203498095,8660.57678516447,7732.884960710859,7045.491073847409,6418.139295628754,5621.133317266983,4699.978629580093,4130.8996003576285,3520.6521189062128,2942.9404125628575,2403.4197415324766,1641.6373057009953,1105.342665676178,708.8674607030689,0.0,823.8089669306507,1621.0870168903043,2300.9388430217477,3218.4431503842084,3888.517185520266,11571.386229326812,10400.152161651587,8984.801676669218,8252.512639134231,7486.181410933913,6909.243590427712,6346.440540258038,5641.123719587736,4833.894078741697,4136.976965755626,3503.0988844797266,3003.6477727945603,2422.008769006588,2816.5746373504403,3306.267544791645,3990.5304111746345,4525.166170548581,5255.0966004148,6075.863771808998,7075.862103324723,7919.910628485179,8884.611828330817,9680.079253540627,7705.640899978997,6603.2738459344,6009.912660157151,5645.998388133655,4740.160096487628,4225.772248059424,4058.4496876111507,4312.887268188819,4765.407713525936,5212.030709632299,5908.9411732228755,6664.935632411468,7397.458046591429,8417.654662765513,9605.511669544527,10580.28770280209,11539.141788333776,12210.922189920873,13149.85796643217,6377.287604447441,5305.216181840681,4237.738364756013,3408.8399378857375,2560.339007486512,1715.834356333592,1226.316867257193,2198.8707408852038,2715.1242582495743,2408.1561474411674,2416.745508805969,3206.1645886580086,3099.7090160518023,2789.0561173050082,3740.7620032962454,4601.400679341534,6627.139920395771,8085.587609670672,9127.862551546705,12847.475307027884,11781.75895311857,10732.959281161044,9767.241276402372,8812.473631159075,8519.170166391674,7259.723248665186,6173.228888890373,11309.050859759793,10138.414229467751,9651.882823522907,8851.37036769322,8541.792219864148,8605.496990845735,8727.003072655134,8868.297605949623,9281.973881702223,9883.259135878701,10979.973577100458,3589.7345265964464,3334.2753989012263,3580.6761422211734,3873.043869624365,2804.808461718682,3186.4706163082005,4233.097186103202,5310.686100609274,5910.556147189893,6838.66161315583,7858.760423115983,7793.92953576461,8216.909864076888,9175.344635534762,10220.64942590749,7565.988503828428,6550.601540007427,4206.676250900529,2025.4434026185622,2138.912522045179,2791.521200867514,3589.864729885405,4866.466668676937,6110.559283777955,7724.717549638753,9039.421694912862,11371.865661124699,12886.852657934196,14046.462545546101,15851.723222242597,17775.549492244412,14790.207676901626,14068.791897118546,13215.47357023956,12505.49713998387,10930.12658258121,9722.843962940397,9129.773272805274,7752.568564069326,6417.761636835505,5523.055819548018,4207.534430804052,2271.374415512718,1294.8335576812324,2289.770734561465,2901.84740308131,5032.689532215911,9284.430262538717,8804.008160845371,7964.4304240164265,8422.585896439998,7723.813978282087,9674.989938905088,10989.482868851364,11624.064174396946,12024.345987952402,12592.924264370136,14078.085943275468,14649.369544920819,15552.5655307664,16434.56685234136,17151.688022868013,18405.50463407723
Balbuena,10655.274953516591,9261.43163186112,8396.84678173049,7753.247922772591,7134.486979655378,6347.602277934969,5441.930114471665,4887.558926920017,4277.647620636542,3693.7391480279703,3155.2206709370594,2390.098912083733,1921.1028352865858,1513.9898079615205,823.8089669306507,0.0,797.2807846521189,1478.1531191525053,2395.96326530956,3081.6213029354235,12385.523555289854,11218.026881422998,9807.474827556027,9075.323252615724,8308.082536007256,7728.984702570514,7161.734103549333,6455.629680162204,5646.218485776796,4951.882411387073,4318.300295784432,3822.3373037981414,3236.0492512296505,3395.167992242558,3757.587199753694,4315.354352864392,4779.988185033657,5433.317812695687,6192.136360566782,7135.629216284213,7945.074090585361,8885.371767156774,9611.440136528558,8198.754980079797,7175.046506915123,6658.593698024246,6372.692075870554,5538.500892843738,5049.195586463505,4856.076327457885,4994.7723680989475,5388.344640441075,5770.797370887885,6343.130465160868,7006.990848939149,7690.134079486643,8681.6816509482,9845.656596098965,10804.078335485314,11752.63517925914,12352.954392073187,13230.923240618728,6747.539074139362,5699.617453305657,4701.966302190171,3932.13846005454,3167.0014175797755,2446.853998633239,1846.5145141326918,2462.026210189441,2825.383763254714,1651.6192028758303,1953.3409757422787,3003.0903053589136,3195.1552137402523,3137.9918559291054,4348.942432588748,5299.14694590221,7325.416260096679,8776.182618268156,9803.883488691532,13641.853227771424,12586.31866715509,11532.054771590687,10547.02855566546,9570.499335202305,9246.49167912739,7889.735135564891,6682.234645633337,12118.454109847735,10954.963505968002,10475.027014706311,9655.568903007226,9311.987613258743,9342.488739470458,9390.020112173628,9387.454737517042,9759.055904026676,10306.660470715791,11316.877847200656,4411.755041668906,4125.48006613316,4265.190922290492,4454.177739521049,3060.367265851082,3003.105640698728,3972.8734175257778,4983.22504216203,5551.47771783034,6499.87906837801,7437.631439133548,7294.068679545096,7658.093801029516,8554.092983638244,9552.623947509142,8172.674175323949,7134.835902157381,4701.237676577751,1937.5136305635303,1635.3660834350214,2030.4466116413012,2780.6051835252842,4044.3196710162165,5288.519371638954,6902.69354936069,8217.433360694495,10550.47766098652,12066.568773101246,13225.382201408558,15028.06178596647,16951.897730792403,14685.55276413201,13955.03381357186,13089.64472050344,12368.686802840815,10763.48483994726,9525.902661825334,8915.963215118325,7488.534890836304,6105.634005828114,5251.307622327704,3961.513578318968,2147.5685388014485,1484.2927495299216,3056.5776590687037,3710.126127492478,5856.368766335868,9649.77748045005,9116.886850597419,8176.926973560214,8522.007225901889,7516.399943300245,9322.23649970062,10588.791872227259,11186.145773459113,11516.379192491366,12034.520644409566,13495.641042926816,14040.781942287827,14907.47976172383,15758.065412555585,16452.28674202102,17696.533193129264
Boulevard Pto. Aéreo,11255.62157428646,9871.797474768771,9062.8997179979,8456.93343401955,7846.623188559831,7069.857588467084,6178.724542053127,5636.878765765631,5029.404520209543,4444.159191103218,3909.691170974719,3149.699919921081,2715.003077023832,2306.064790760342,1621.0870168903043,797.2807846521189,0.0,683.8295979084475,1600.990019688108,2312.986366604741,13174.177490485976,12010.016293361812,10603.683209126497,9871.665072429472,9103.667821350838,8522.821459212793,7952.084205788146,7245.53988811712,6434.765194847828,5742.62297166893,5109.554401452381,4616.1545302732675,4027.343585102628,4035.4801803489345,4298.84897706789,4743.790347146512,5139.038241959308,5711.958732634408,6401.562621473104,7279.4392272742825,8047.150532676108,8955.632940287378,9609.082835257255,8725.789016491835,7773.485892047577,7321.56357079448,7097.38045550859,6317.945288319705,5846.272787174151,5634.614465855661,5689.227233524851,6035.6227745293045,6364.759863480717,6829.766488230665,7408.099726015839,8041.325834091889,8999.21877180427,10133.884156366059,11072.11856701996,12006.811183584583,12537.686912964844,13354.497669945755,7180.458873761574,6164.969291955525,5238.213568946334,4526.419027230517,3833.567731630438,3198.4466994969503,2557.488728218292,2920.3311031120575,3138.561033123633,1025.8986652741314,1777.217577289438,3017.9720171985814,3478.6640046560715,3627.199191123147,4998.31924731263,6006.193020936233,8025.258440186118,9466.273659873024,10479.80435079134,14414.505037381465,13367.771622622242,12309.159824266382,11308.494545856447,10314.74337809371,9965.924547850262,8532.635087719189,7232.358992106359,12904.019238744422,11746.526945146896,11271.85688042415,10436.216326141703,10064.543608678181,10067.401226822582,10052.784798721234,9927.11598169518,10260.49458775964,10758.351401714022,11686.51267415524,5207.986049538316,4900.825303949571,4966.812760475311,5079.204722726418,3477.4639982519625,3032.356689899266,3871.2891060826837,4778.611198933619,5300.75624543135,6255.559098258952,7094.934114532898,6867.447156996756,7163.746072710576,7985.6878310984475,8929.031828530962,8791.745998405966,7740.032991954914,5257.0839670449,2167.4615461490034,1455.6890276653733,1363.1468763774635,2007.8457329328257,3249.2018200462426,4493.331289372593,6107.373926782376,7422.078927832944,9755.682486866492,11272.895397046517,12430.830490828072,14230.88560236317,16154.728511451169,14630.7245263182,13893.575359931052,13019.371555797414,12290.453402506073,10663.424715057363,9403.255016708992,8780.875066164435,7315.619568861548,5901.025611021753,5105.368534803098,3881.2040665056543,2321.123161452398,2003.178259006568,3822.0880530148174,4498.154590488785,6653.507431559098,10052.649215058902,9475.655387948267,8451.53705256427,8688.972602068643,7395.022818480676,9036.637243594037,10246.562531001404,10802.706897010741,11058.590824209477,11522.153138031426,12954.720569068764,13471.499529219842,14298.722615621862,15115.501026846412,15785.199325755293,17018.665385130193
Gómez Farías,11732.15438369762,10360.189035183728,9602.603498980116,9031.901638597206,8430.502536156157,7664.596632178117,6788.729184932738,6259.600324215378,5655.898591832041,5071.320067154703,4542.357744562811,3790.163690061349,3387.461567343925,2989.585362401834,2300.9388430217477,1478.1531191525053,683.8295979084475,0.0,917.8358856730828,1718.4288556185797,13834.51968659594,12675.568883125352,11277.509644200467,10545.909104368737,9776.15390797629,9192.022410012722,8616.008784549556,7909.109398941034,7096.904632574848,6408.066592712179,5776.095401296103,5286.68268152853,4694.854743372463,4578.329525458859,4763.372160175236,5114.316564660048,5448.397011060157,5947.822284584412,6571.44577832523,7385.012186694745,8110.753841804149,8985.726615337968,9573.084212937472,9264.653031209607,8360.597562388972,7947.945087949064,7757.017529929038,7000.201057178318,6526.679660250725,6285.8058233694455,6263.859249312319,6569.113993660901,6852.221057563925,7225.490256084226,7728.669731702294,8315.791158139446,9239.60674551531,10343.802510164352,11260.950155052577,12180.480141786966,12649.968978727868,13411.799654296316,7662.064352751899,6674.124705636468,5797.973167159304,5124.368742256622,4472.677104448296,3874.240149728932,3169.188643577068,3355.4357066907505,3460.9528076382335,878.8854212197206,1978.699718530356,3272.425703070958,3905.744507740533,4176.06773806847,5623.452257679878,6658.40255963823,8671.135184482508,10105.388916770255,11109.861053692415,15093.983369405356,14050.14978461987,12990.290335026306,11983.725229837486,10982.266220473071,10620.898344068875,9145.271371805098,7790.870479568624,13587.342157917637,12430.316900669934,11952.81827333334,11086.70793196124,10684.441547598739,10659.943204014062,10587.584030026946,10353.560174400913,10652.81801445604,11106.134677669537,11960.610215484963,5889.903937250578,5549.765544029329,5550.7709202987535,5600.583129503986,3865.6370700495854,3136.386508188242,3827.288881668015,4618.560277175191,5089.516284248502,6036.655329397858,6780.590438851365,6480.524935592812,6714.881568337946,7468.547544439849,8362.750628085741,9290.610268402186,8230.4164826743,5721.855208163435,2485.171818281741,1550.27980216125,885.3384769380232,1338.3286650421485,2566.2320115861426,3810.436276765543,5424.592695507466,6739.33154562256,9072.585253430092,10589.357555436281,11747.621089160264,13551.407416675122,15475.185988024818,14704.653177745782,13963.646277707436,13084.306358235453,12350.831362671403,10711.193246663886,9437.697941682545,8808.217476953194,7320.962768470096,5894.1948106839445,5163.816920001557,4025.8509675005757,2725.25020357641,2604.5516807134054,4501.339456769076,5181.944215538248,7330.872104104473,10360.925518885153,9748.718724837747,8658.743261253834,8803.299444414026,7272.033536014413,8759.426435479672,9915.032124506948,10433.960429542249,10625.957368169842,11042.632722044751,12449.126987533122,12942.150988915018,13736.982863786443,14526.813626301464,15177.545120375546,16402.500059180104
Zaragoza,12436.950782902284,11081.714794214111,10382.376636238263,9850.229843073332,9259.181096749217,8505.758496945153,7646.5569995414435,7130.3609998430875,6531.306119014224,5948.707121084235,5425.773754238825,4681.892379669969,4301.351790401555,3907.0546494288496,3218.4431503842084,2395.96326530956,1600.990019688108,917.8358856730828,0.0,1051.0384536860129,14735.590963776118,13581.53164758055,12190.46407409489,11459.232930081913,10688.229979325744,10101.608315469093,9521.38940637774,8814.427424148105,8001.381247878003,7315.503216399681,6684.674098961678,6198.343438780119,5604.764967741888,5382.9963325378785,5491.4735475938005,5741.480774174873,6004.170876631485,6412.400338753058,6948.507151300571,7672.111158975269,8336.42886270693,9159.716626572146,9654.987332535042,9984.790363750135,9144.152255652203,8782.06022638044,8634.726032141736,7911.886364140468,7443.994202322593,7181.701767589448,7089.184338809534,7352.307486774406,7586.375152420839,7857.850253628378,8271.783096512092,8800.168738054803,9676.411051792102,10736.481965804891,11622.569148693357,12518.82290326383,12908.051630249334,13595.460642471739,8317.878755350115,7369.593832960483,6559.114839159592,5933.686736402384,5331.805916885143,4777.55033549991,4042.681283378381,4079.9345045384143,4075.506049566692,1331.4284385625958,2491.607707433564,3742.964087981604,4543.146722452825,4939.381633202712,6462.016484189584,7527.682529735685,9529.505508773378,10953.22800367697,11944.551895659948,15999.487151242263,14961.551398112044,13899.098965967118,12882.299613463138,11869.221750523906,11490.027685696297,9959.588946328848,8540.652762932732,14501.199514530372,13347.158040016497,12870.264209207548,11979.169421054467,11546.939077976685,11494.198168322797,11359.95753700985,11004.850861442732,11263.529652992574,11662.64655018951,12424.821935565695,6807.686361596973,6444.598923344991,6387.765425655379,6377.125555477121,4533.821413850305,3534.4193772969497,4009.4156129590974,4612.552491839831,4996.241815812363,5910.251571968383,6501.08735624293,6094.11050847894,6226.948380540522,6861.770404214933,7668.512666730703,10026.800311378454,8961.094869844996,6440.385642303188,3137.7010942972283,2099.8752421235845,946.4895124283486,542.4378833302219,1648.3998391386838,2892.6026486610263,4506.756811144046,5821.495719493043,8154.808033800309,9671.931945491659,10829.89574912936,12635.168239075583,14558.866480280765,14799.705934354624,14056.164191041858,13173.460670135375,12437.200945196615,10789.756593050302,9507.66976737569,8874.241836003344,7374.469830590403,5955.531375859296,5328.071612838172,4335.2325647211965,3378.056577322022,3442.1821988119464,5408.765480983068,6097.935653568121,8246.57402442815,10873.388849059304,10221.981848895117,9059.290825701954,9087.068062802653,7260.21400176048,8512.467751447419,9579.667399610518,10040.254990828924,10134.787098946383,10477.445457011738,11838.96810266087,12293.668130259897,13035.834494917977,13781.450022382553,14400.767835489887,15610.871964663536
Pantitlán,13428.74374905479,12063.329009436606,11320.321814657427,10748.016027436435,10144.153576438699,9373.890410817994,8489.146530070448,7949.742906213051,7342.390500907017,6757.143927895485,6222.469120838429,5461.405037061266,4993.851684899703,4525.162352664541,3888.517185520266,3081.6213029354235,2312.986366604741,1718.4288556185797,1051.0384536860129,0.0,15459.220897275396,14284.29036228106,12851.951514995506,12119.13305050082,11359.592155883685,10790.723237227778,10234.04911422354,9529.208364443492,8722.411078478823,8025.121309645119,7391.260853610856,6889.648563629314,6310.522941998449,6296.757775063382,6465.22140820443,6761.687311958557,7043.149197878515,7462.515825114649,7997.6761630611,8709.353202986322,9359.2644566154,10166.210237117859,10626.556351272518,9944.239817287968,9232.938959828676,8989.544244151304,8970.109183898965,8413.047907685508,8068.035517563326,7937.692824137048,7979.422722886682,8286.717710053466,8558.364005562642,8878.895505490651,9314.917652556553,9849.916956315777,10727.399759647964,11785.349964719655,12668.105422777111,13560.827014357204,13933.668444452787,14598.782194326186,8187.857529748168,7317.626682775734,6638.410207237363,6123.509798318317,5655.426089661366,5266.0431043304425,4866.406479462307,5052.965511731988,5095.653648317766,1551.9495667889812,2435.2710990440105,3497.4768648726886,4476.9257932617775,5063.823910540916,6709.833947898182,7846.080851959426,9796.608376975657,11180.9138532726,12131.606547551577,16427.003418375407,15432.681892502436,14353.051667960912,13280.032861313892,12219.629021419814,11778.485468201075,10109.055442796056,8568.895688659242,14995.850365695123,13884.841341467116,13472.057118165567,12736.760105459281,12377.398739483851,12370.764673131747,12304.541654571114,12021.000223005078,12293.348952894698,12704.952013033753,13475.76543505123,7418.376491212148,7206.566744838763,7263.464754000116,7316.992783159474,5536.035173172083,4585.280736567464,5037.5231474311495,5575.683215384523,5913.548154749396,6798.433845178926,7278.375350317833,6785.825099260601,6813.150362002295,7288.609203978737,7947.257361244419,10998.633132812465,9936.108238296403,7421.00710968194,4140.32807858856,3122.9053408098894,1997.2547465214975,1319.6641631211235,1423.3277973501968,2512.9526972932063,4059.0551471120257,5348.872451884461,7670.950081059802,9197.771761457243,10336.245354207322,12064.273702280636,13985.370583716574,14000.21914281427,13256.764626609076,12374.194824919508,11638.362800154953,9991.960431170797,8710.470470965913,8078.366438154479,6582.385984458943,5190.147737437176,4669.281752889206,3863.7796576151536,3404.916152926015,3780.037501085341,5907.799532679211,6657.487532019099,8892.707265938843,11921.408850493512,11272.525338116902,10109.117358412239,10121.897569418614,8198.933253610008,9296.33148407941,10282.606493742951,10685.180852675141,10674.635569754973,10923.22284971808,12214.041853398237,12608.664422925323,13259.707918263646,13919.289260553624,14470.561854953443,15642.9284353749
Cuatro Caminos,6906.7032323389085,6823.352918173613,6093.36898401762,5817.994941517914,6134.490223022588,6634.271045129629,7280.0225226685225,7696.333895382874,8260.337576959859,8826.302086537482,9328.135086647644,10056.631245103854,10466.45700757958,10944.85656278516,11571.386229326812,12385.523555289854,13174.177490485976,13834.51968659594,14735.590963776118,15459.220897275396,0.0,1229.0946805457766,2794.7879868832943,3479.814235162271,4164.656670501795,4686.669461859505,5225.181801795367,5930.290882881625,6739.514033124956,7434.427333001943,8068.2976206296735,8569.92560933401,9149.968651830142,9663.246479552596,9964.398352208702,10388.576958872485,10713.4841616867,11201.604750153681,11759.17332465776,12478.621853533958,13097.062191029989,13769.244254761623,14840.800773337884,10825.0972791277,9785.55638048919,8927.68109559611,8023.7864178336085,7522.631334976168,7467.155066986461,7556.506939451702,8022.992419905013,8135.03465617954,8404.77499245193,9243.473507753255,10008.079200364906,10537.087544447975,11043.49588683348,11695.652894497807,12298.934728769495,12898.562341199022,14134.956129551318,15445.840219567941,11746.589181522178,11352.454163816235,10823.975671196362,10580.825562186727,10425.32845342987,10367.711057793562,10715.295205424763,11098.743121963937,11501.213620662089,13949.390251838211,13554.631258563275,13490.258150177375,12486.884803041237,11494.731890836407,9949.521159243382,8846.684074667812,8100.474099518077,7998.380828667573,8300.044100038433,5416.966239089162,4446.414102163854,4651.084467148097,5565.607761708615,6391.551946485015,7205.172728641678,9025.725255064228,10445.679367913814,4022.147749669637,3509.473981097837,2857.099887009019,2810.1486509972674,3738.5343439737853,4387.557917579876,5763.948548556794,8037.825690145742,8666.362651237812,9527.542372592505,11067.633942988008,8119.650603895949,8293.894350860643,8585.004153377742,8969.37057065974,10967.697498536685,12580.3835914256,13292.006838773752,14179.02103334516,14714.25886282107,15184.084861243573,16443.963387614345,16933.855540669152,17679.43136561035,18947.02116070186,20244.275417859648,6976.646790766521,7596.723625910302,9323.564715649505,12049.71959758838,12996.633790936517,14095.250067507623,15017.922468529605,16357.582260361025,17585.56057458793,19183.14663186094,20485.744814561884,22788.295222571138,24270.583173786134,25438.791610435303,27318.221510272335,29236.224339742002,21407.90669671446,20885.37673458175,20282.765529010656,19792.294167772085,18754.906262154396,18015.97746457118,17664.034448968032,16899.489231914915,16120.302948137085,15263.4179416949,14250.4190599459,12802.627803435627,11933.484066884565,9758.285856877637,8940.118012377401,6624.753448036882,10127.026876874303,10618.983634826474,11431.653915828636,12655.24008621779,14828.087014585639,17276.864004213214,18695.97142260551,19536.068120891086,20490.7290807215,21436.61916365943,22991.31716764877,23764.078439144636,24961.636030770864,26112.687880934198,27036.923393462846,28345.195499217636
Panteones,6727.20417240565,6397.589165533516,5474.497145173263,5031.663139328498,5253.650179597042,5662.10444420571,6229.836348514122,6607.124737316386,7152.187758926733,7707.217677894194,8196.612391052025,8912.118239269272,9297.033753386655,9762.91877521045,10400.152161651587,11218.026881422998,12010.016293361812,12675.568883125352,13581.53164758055,14284.29036228106,1229.0946805457766,0.0,1568.2458766440548,2251.8986984908897,2951.307152867548,3494.854832516418,4060.169518041844,4767.117624888925,5580.4210283289185,6267.709546985189,6900.474204113924,7396.507094915194,7982.6798874443875,8596.801975154229,8947.938335729414,9432.066534035248,9799.64335140318,10341.880724290899,10955.845348998831,11737.989344520192,12405.424819454092,13132.38945171731,14216.150178246204,9709.093759119214,8625.415809776356,7741.356032660254,6815.179979840704,6294.053833645501,6262.63918503372,6418.265609131739,7002.221688496187,7181.3702436353615,7519.4976334772555,8455.710025457323,9297.250351001312,9891.860794974802,10489.596674004233,11241.038927262243,11918.340399202498,12587.000596578411,13812.064235486836,15127.354623303267,10564.350244788413,10144.433088378328,9599.697968772196,9351.743936884859,9200.99384324413,9161.073623363267,9579.891016216618,10025.443210062187,10457.406495889905,12766.078599268794,12347.643895101133,12266.111424282813,11259.141497573546,10267.301800104216,8720.828351276228,7621.821916481014,6935.871490327173,6932.460424724499,7324.961013320247,5216.541179586234,4081.807981816289,3999.156133155583,4701.857234198697,5392.423521732919,6178.042656700713,7900.97930022074,9266.11446579954,3559.770803354155,2704.3953070220555,1827.5605082297614,1840.8408346670628,3031.1123960649534,3828.6578940481922,5334.658373648482,7633.239376328752,8304.114093723761,9212.370503702547,10808.039841670094,6916.511742714121,7153.750589143934,7522.8445751507215,7965.309145959155,9930.321664928599,11545.348294524756,12300.697518124003,13225.259844547512,13778.208964075262,14294.47502073696,15560.442504024266,16012.017765563493,16740.10648046033,17993.614059991698,19277.599630211847,6367.231588291063,6852.480212863433,8366.332885705222,10961.014465376018,11885.848950405105,12964.32442895564,13878.030658148937,15211.363978142614,16444.382242986558,18047.438239150506,19354.03652878451,21664.964769490056,23154.983721629407,24322.69331525099,26187.532202306902,28107.865902366182,20294.747720082967,19759.33982532058,19141.58985180995,18638.807935423825,17575.248415799928,16818.12986454886,16458.364862020106,15678.989767747533,14892.352871311181,14034.559596003965,13022.305258147258,11585.814133399337,10727.916972281666,8547.094124452113,7731.81556257859,5421.522756718693,9709.3861207159,10124.591757987237,10815.524217789685,12031.59639884472,14030.62302345743,16492.9399666528,17926.43841638985,18759.591399473986,19674.06784467483,20593.449321713506,22154.185545084754,22912.23831030442,24086.78549290996,25214.998595197623,26120.386661647608,27427.27233166514
Tacuba,6952.352930568229,6310.171285653966,5156.471351837448,4468.6958660203045,4504.837044602487,4717.238452896177,5108.554369535537,5396.233394053721,5892.208633071883,6417.148917955417,6875.8218534113,7558.972393905977,7890.066163241092,8327.406682763314,8984.801676669218,9807.474827556027,10603.683209126497,11277.509644200467,12190.46407409489,12851.951514995506,2794.7879868832943,1568.2458766440548,0.0,732.8192555814508,1504.9734224241781,2113.0441758520005,2740.2243901179604,3427.9024991465335,4232.951146649052,4890.852733465461,5513.763384127876,5992.516247458172,6588.0016522276965,7399.410574200488,7838.280995958248,8421.296282321224,8856.028891473328,9479.561806653468,10174.88787702204,11043.669337253797,11776.725206669698,12576.149171302264,13666.62827985516,8267.825735218776,7127.933553810962,6211.615798226424,5259.792575256097,4740.26078756038,4790.024130144351,5105.03621615657,5919.339830707744,6219.502994507146,6669.845061387468,7744.803310384885,8688.685934510806,9370.83807347092,10091.433888196003,10970.619987594124,11739.278508126785,12491.543802490958,13686.266940186859,14993.895013146652,9035.113709793673,8587.435956985908,8031.5116745243995,7789.700756860876,7663.165615557017,7671.379747078602,8240.584271655991,8800.748026472551,9282.296487616357,11319.850921949228,10851.726381487268,10726.950058103641,9707.575275169262,8717.446812776294,7155.882476301899,6053.587238356964,5438.706318092761,5586.450411168703,6114.612957876724,5241.926657060368,4000.191676525344,3496.503677716021,3773.0176516600704,4191.758530517506,4907.8181420620695,6456.454036415921,7741.954810192185,3414.7626747564354,2171.06954735617,1120.591094189062,1552.230512433231,2865.93869649857,3765.1671845611036,5308.032631815387,7521.655715736569,8228.246745750459,9174.768564130953,10809.855571451437,5443.712318091593,5825.988884008085,6349.277485805843,6893.794419290211,8771.59714685077,10377.0644155588,11201.499136319853,12181.530536283266,12759.408700086387,13345.980299104656,14613.667065448362,15003.097043752501,15700.392999439791,16926.90647740203,18185.946290398922,6011.636278068748,6261.854492183419,7371.699246088747,9701.300088154048,10580.759993185911,11618.034878964902,12512.548989685838,13831.199396423286,15070.964625690682,16681.04675876626,17992.71943926473,20315.0958334324,21816.479305590707,22982.188251480617,24821.122128611354,26744.034976496354,18837.778551392254,18287.57958112908,17652.619545862297,17136.044707871122,16044.131116851564,15268.762803853668,14901.883158798792,14111.923054309213,13325.592661133021,12470.11416625129,11468.60856203342,10067.236979060339,9237.575108580553,7047.477441317581,6242.045738053194,3959.4065558102025,9520.042189990665,9818.677112073829,10320.959226269772,11507.930884379557,13226.52427436418,15692.312229444527,17139.415857385313,17958.346351426473,18809.49142853191,19686.076157714153,21250.891358269062,21985.02462484678,23122.47712398152,24214.230579340343,25089.724602126822,26392.331949372918
Cuitláhuac,6853.190188173725,6078.832195508949,4846.606544632535,4065.5853505307605,4014.5073043129455,4136.072298802743,4453.407240493251,4709.322041345566,5189.227052358942,5705.352984770416,6156.719576037229,6833.55733828555,7158.450782592021,7594.600939055653,8252.512639134231,9075.323252615724,9871.665072429472,10545.909104368737,11459.232930081913,12119.13305050082,3479.814235162271,2251.8986984908897,732.8192555814508,0.0,782.4153737980414,1402.7627069044463,2042.076740278739,2715.8074346535536,3514.481803960019,4164.889675078255,4785.478029126326,5261.861653499348,5857.936383793483,6708.509400360522,7171.551466513308,7784.082888760896,8239.838055793249,8889.377278976262,9611.345158416705,10508.89656896361,11264.07756983556,12088.589807490842,13178.147324293015,7824.964842094525,6625.746139610716,5667.377000707996,4669.145665978449,4043.0620810633495,4057.9473924490053,4391.428160372886,5271.112833477296,5612.845795250025,6102.219839903563,7222.524616194156,8200.112373474545,8913.002144947553,9679.553871107782,10607.117341922285,11410.546061232606,12195.177973626629,13371.49435833551,14671.101322010785,8481.277579494437,7982.548765970366,7380.1157845616635,7105.06850390049,6951.392844182274,6942.3389821709525,7516.766652486182,8099.774662291873,8593.08982710194,10587.220242257074,10124.474844037073,10016.383786733093,9007.27901439211,8015.403645183518,6479.067275028731,5402.863518491816,4948.9634778282025,5261.765153259031,5897.407548611311,5694.341207143243,4449.189837600917,3794.8577472167435,3821.8734943497825,4026.208132356059,4663.912533666104,6022.065814047339,7199.744050871588,3865.6145862128324,2561.36981239531,1629.0856317568941,1624.1212228740399,2755.6930468842365,3633.9435187734257,5129.318165730851,7259.027885261735,7972.690935383766,8926.45787026286,10566.098902210635,4711.859430986719,5107.318790696507,5668.96041506614,6243.38515905918,8087.879174976564,9687.822903297723,10529.758935414096,11524.280605068838,12108.690763218652,12716.106806027605,13982.360195151403,14352.2986605924,15039.897039619944,16257.81606315661,17509.32064702667,5664.355845472062,5806.323399382733,6744.980223632925,8991.121073032327,9861.02762523323,10891.531525182441,11783.55447299188,13100.61756216959,14340.818549942891,15951.370224795333,17263.40062763927,19586.73674144576,21089.255740517754,22254.64300872378,24090.917601699086,26013.97335995576,18356.25523036238,17791.387048938046,17138.330995414784,16606.23692730332,15478.016388056412,14673.277570977727,14291.983594658015,13468.267089911742,12653.534915258924,11790.18162564118,10770.624967822503,9346.329329168984,8508.97722092389,6320.255023352078,5512.598165559049,3226.623385963602,9201.540427381868,9447.558173091587,9868.013827287443,11037.383231484331,12645.205462590307,15107.441132626676,16557.043839805738,17370.09183133668,18199.400253043335,19061.611851960366,20626.498507883978,21352.799511364577,22478.535836244115,23559.293754535087,24426.157764102176,25727.15318280925
Popotla,6651.789864226518,5746.719207125688,4450.4344541153405,3583.6187057699826,3436.162381420779,3458.487273191099,3704.5145579683754,3937.2908523400793,4409.240510537072,4923.155442319013,5374.65760278516,6054.2072182310685,6389.108083196525,6834.459177366657,7486.181410933913,8308.082536007256,9103.667821350838,9776.15390797629,10688.229979325744,11359.592155883685,4164.656670501795,2951.307152867548,1504.9734224241781,782.4153737980414,0.0,625.0911481908769,1269.7367061699215,1934.0798687811432,2732.1829149290797,3385.9174711742426,4009.0780732548483,4489.886547184379,5084.4790203530865,5932.9582769743065,6409.451260934365,7042.040019658722,7513.414646099509,8183.117544940829,8926.429641950906,9847.485917235086,10621.016006262324,11466.749123818563,12553.77693357451,7570.379593797238,6300.998376653311,5292.227707911478,4235.294354761867,3412.0305000680078,3313.579124466228,3609.1161085300373,4525.277549749644,4901.053608250944,5423.916596200592,6581.770566688619,7587.362362596692,8326.970617721376,9135.206045323846,10106.920107979515,10942.070211129128,11756.476738218931,12911.477921156413,14200.482176485652,8068.136496255292,7494.487545811556,6817.732443231467,6482.071139980766,6270.029493355746,6210.146582596848,6736.409428407107,7319.845195668675,7817.705988439927,9832.400611175093,9396.47750158019,9332.85568333097,8347.556716153724,7353.88009747628,5874.084958348375,4854.535820715847,4665.84361246178,5191.364551605771,5942.046169756987,6347.145013982511,5109.626919888407,4362.105968171926,4186.280627394966,4172.2510651655375,4703.49057915532,5798.010722563981,6812.0554736094755,4533.708092558062,3219.3733866616894,2370.913804525838,1867.9773901191095,2669.1837049736387,3472.4978772618333,4870.109793152651,6880.482557296155,7595.5520308157775,8550.328642970437,10186.2526895013,3967.9562353334363,4325.139778301537,4899.790792785203,5493.79765121923,7315.327152709663,8912.17497773145,9762.838892119698,10765.696386338368,11354.05788326713,11975.418541304307,13240.09292057303,13596.8769511117,14278.351542553803,15491.16504620417,16738.58417847234,5214.287227093789,5240.974285249458,6012.827020125273,8208.996792291424,9079.19000570524,10113.102003174263,11007.958456909608,12327.880538808762,13567.135361061943,15176.805180868085,16488.241575436634,18810.23861201398,20311.507106164845,21477.218786061858,23317.250717269482,25240.024489518328,18016.147016616844,17432.789553969447,16756.54960052872,16204.224553549573,15027.189687020602,14181.14126223176,13778.873173440235,12903.64929339169,12042.226990642015,11165.87627017265,10113.087974727301,8637.971179449532,7777.145712313981,5595.927595618686,4780.646948694037,2474.6152533908908,8752.150076780588,8944.24221195133,9283.466413166698,10433.235320445503,11941.639378278764,14399.29887863737,15850.094593113898,16658.201254420066,17470.815482165464,18322.56323137723,19887.166936083006,20608.01761111919,21725.976064233448,22799.896832365834,23661.755602369187,24961.78590880625
Colegio Militar,6452.607492495277,5450.150913827519,4117.689111633675,3192.767622708845,2961.657154403324,2896.6532417182675,3088.737418909202,3312.264718273421,3786.464883513824,4305.052474606556,4763.291794663054,5452.382801191031,5808.0631631080605,6268.234338254059,6909.243590427712,7728.984702570514,8522.821459212793,9192.022410012722,10101.608315469093,10790.723237227778,4686.669461859505,3494.854832516418,2113.0441758520005,1402.7627069044463,625.0911481908769,0.0,645.573259819578,1315.1378382866951,2120.856555512475,2788.3418721878306,3417.10093787155,3906.736143101543,4497.21265032637,5308.073083210925,5786.386510917302,6427.361785419337,6906.91532913945,7588.140639607362,8344.331506835932,9280.000833151158,10065.155348884342,10924.60796690028,12008.974684491137,7522.663476717859,6202.820778495239,5160.1823621217945,4065.183073178456,3042.808165197971,2785.880639013853,2992.2076903615216,3910.243493941469,4306.776606663562,4851.957094315448,6033.9943805761395,7057.583118467701,7815.133959740218,8652.482763007254,9655.102531239821,10512.364669188646,11347.635411411007,12484.627283628786,13764.012215270814,7875.521812633263,7233.9781534943395,6486.611717906792,6088.01074068822,5809.8696728788045,5685.610563367432,6131.351926315369,6697.016864908877,7192.820157310427,9271.223904962639,8871.47612998776,8861.18506009647,7905.124097977658,6912.570865986116,5503.885176148378,4556.072553468033,4627.841877105041,5320.831019035351,6149.031876787393,6930.74314009119,5699.270355185033,4911.471049241179,4628.513627457901,4477.609268393994,4924.122512962362,5793.558522930131,6651.788009695372,5128.100241298213,3814.935734490664,2993.4917342741314,2168.1706597329994,2660.6646480302497,3363.993892543708,4645.556173530786,6536.474833897874,7248.279768535449,8199.177084797346,9826.310769144584,3435.8448824162433,3713.4511705613836,4275.091522963398,4876.120446788031,6690.237259144317,8287.34784172984,9138.33240507326,10143.344970259355,10733.033437942056,11360.183855584815,12623.981010512565,12975.431300259592,13654.972972594898,14866.61526156881,16113.537373356685,4826.049479551038,4757.70186854524,5404.129518142467,7590.218686694398,8468.190427855601,9512.135921663015,10412.81964068491,11737.765225469893,12975.075041828915,14582.888154632894,15893.064740385567,18212.28857812301,19710.92284927491,20877.246163684384,22724.23053713704,24646.409356554006,17862.655884847252,17263.849497008985,16568.0318090634,15998.434740436282,14778.887224821305,13895.820231364518,13474.37472002476,12550.708649644232,11643.716629249537,10755.391776155306,9669.013726877209,8138.391393044978,7249.593177253062,5084.1183478150715,4261.868021019776,1943.8661723247749,8342.966571417775,8492.991664212323,8770.72834974323,9904.611493902365,11346.291531227413,13800.610668895979,15251.780455530146,16057.003841370473,16860.76784781745,17707.4844766062,19271.873366668555,19990.347147960318,21105.264880253533,22176.96392347711,23037.57301244082,24337.40504620651
Normal,6257.458687592169,5159.330147341671,3805.527558193524,2833.0089297696713,2502.0161962463712,2322.993098820757,2448.3654131137673,2668.168512863508,3152.0076257120004,3680.5713155848684,4150.860976924832,4854.867353142182,5241.774926895229,5722.188335891558,6346.440540258038,7161.734103549333,7952.084205788146,8616.008784549556,9521.38940637774,10234.04911422354,5225.181801795367,4060.169518041844,2740.2243901179604,2042.076740278739,1269.7367061699215,645.573259819578,0.0,706.9664921347439,1520.4017355177875,2209.859691899706,2843.580659676614,3344.877451023655,3925.6993555598697,4666.437223520525,5140.838506584004,5786.5252214529255,6272.683394701461,6964.05579104311,7732.045005291982,8681.293935629274,9477.314098902822,10349.709056136797,11430.709552828586,7576.8893849831975,6215.9482410330265,5150.545733814151,4035.278500060917,2806.99172838608,2329.4123835605274,2372.997011355442,3269.9472456922413,3686.76203201645,4254.922988299785,5460.105855035456,6500.488129046986,7275.372058237223,8141.610065326285,9174.570319648175,10053.245955204526,10908.69956820826,12025.299174124828,13293.296132965403,7773.53281084439,7061.01677338571,6238.152803795067,5767.383918851933,5408.528439696034,5199.8507587665135,5527.600239714948,6061.189854425798,6551.016326614263,8726.391375249203,8374.64723630792,8431.552685955397,7514.723388257222,6528.18262186846,5217.828599613154,4369.3680860251725,4725.3203992566005,5571.170944096083,6462.859932827407,7554.34127548233,6327.749835309641,5514.113003854737,5153.909674653667,4894.804873449459,5262.757189189911,5907.784149179868,6594.260818398061,5759.98501317275,4448.795315083494,3639.061987117237,2568.139055153529,2755.10245534848,3322.830371764356,4445.572912072185,6183.858674319091,6887.7099537026115,7829.839060831319,9442.013456957815,2959.4181639610288,3102.711990725784,3630.0825178173145,4233.378562642042,6046.6373692197385,7645.746199748657,8493.108802706649,9497.910423614716,10088.03629766875,10718.4647901419,11981.631552427834,12330.254843077792,13009.39989077102,14221.430936007213,15469.353793537237,4439.4472419935,4262.274380595377,4768.611276479344,6962.314281053539,7853.120067427305,8911.842208357672,9820.446379391715,11151.744667823343,12385.846655475792,13990.588303304943,15298.708904406301,17613.695077184064,19108.49649440393,20275.52471746056,22131.687404090033,24052.87461382159,17774.618507329866,17160.1333420482,16444.32209585438,15856.97590403874,14593.208813285195,13670.951962630941,13228.964650016864,12252.49605424479,11294.895556116704,10394.52888317371,9270.86265091933,7675.859879911386,6753.481765723971,4619.565084850324,3794.748609153376,1515.514857449337,7911.028976732614,8015.789889347332,8228.215390843468,9344.232427702942,10720.576462179566,13171.600726566026,14622.918458886523,15425.676011443084,16222.472082780012,17065.664487013535,18629.88683614783,19346.91722661873,20460.328759632102,21531.411125454106,22392.157427556886,23692.094614244907
San Cosme,6444.498561831527,5249.1941170320115,3898.389978990516,2901.130983899731,2437.469317600594,2036.0546131140622,1914.7189375728858,2034.465802732889,2477.3698495608733,2990.01525484101,3450.6815402025895,4149.350035169066,4536.168482422852,5021.034033530598,5641.123719587736,6455.629680162204,7245.53988811712,7909.109398941034,8814.427424148105,9529.208364443492,5930.290882881625,4767.117624888925,3427.9024991465335,2715.8074346535536,1934.0798687811432,1315.1378382866951,706.9664921347439,0.0,813.8251183383838,1504.1468291193994,2138.02511939037,2641.4326036057273,3219.755673447505,4010.815082672148,4526.041957715557,5218.20344350699,5734.906663026967,6460.765963912573,7261.269680862625,8242.580778535486,9061.750748232256,9960.033965062612,11031.522168797488,7367.692699107047,5976.475788673104,4902.101392266848,3789.6099969722613,2387.5731784208087,1703.4386001222892,1677.1376065148143,2721.7270362377044,3221.4504407615914,3849.4149372380925,5096.490661613253,6163.9820631035,6967.829742734152,7881.687010610646,8960.59789932021,9869.583246977587,10752.689180262225,11834.963080576486,13082.224682766744,7403.733057355519,6628.03111415146,5741.716035282486,5211.450666830813,4790.350740889654,4526.245598161553,4823.903900881536,5387.301326176572,5894.251504607458,8024.399280004287,7690.689596371433,7784.94020748691,6896.527295557929,5917.5659441933285,4696.485152793271,3953.919427255593,4599.976287053621,5602.039978834396,6557.278253299444,8098.265054599965,6887.4632368557495,6020.039121613471,5537.088059592462,5136.738327129119,5402.395317670499,5780.673244042137,6277.907615721789,6330.793410610383,5030.422942394863,4280.074456877739,3245.478278351817,3271.9039988378495,3716.6834221437603,4654.800788373193,6179.924905584635,6865.846628500734,7788.455002471182,9370.6190015753,2304.9176827087763,2401.2454010478377,3000.751880713726,3659.2380660173244,5399.348530226359,6987.552852306939,7858.532965447314,8881.563297922083,9479.356169400718,10136.370593442769,11394.662677234279,11717.576208710247,12383.625131964094,13584.021200707732,14822.182697667295,4415.895322282935,4070.4267850462747,4232.458194173938,6275.482577755164,7154.994467118835,8207.45942450041,9114.441128224322,10445.054151667833,11679.495149336399,13284.697032308077,14593.201384618225,16909.159449245708,18405.06867531789,19571.89600491393,21425.950102586496,23347.326599352957,17390.758153664225,16762.339856388004,16028.951075689482,15426.192476232567,14124.785904660364,13170.126835527984,12711.57531834942,11693.914622615355,10699.31692662565,9791.549484672298,8643.553189890119,7010.5461221188,6071.491132851225,3960.926410653285,3139.1221411220295,969.8058073462726,7779.590992657448,7813.175713563584,7910.357659386351,8987.191739984784,10203.626429017595,12641.18255002651,14091.884879718304,14885.7099824764,15654.689749100895,16479.60527196284,18042.376662569135,18749.68596539105,19848.855937637745,20906.888499586188,21757.590680509617,23055.366440392034
Revolución,6711.851617662469,5430.127502534888,4120.231868165454,3145.4141689312155,2575.242321126864,1949.111731590742,1456.501447532766,1368.5812215466901,1716.22758022833,2197.1716965616956,2642.9157022564473,3335.8134926306075,3728.562541195676,4223.295563398766,4833.894078741697,5646.218485776796,6434.765194847828,7096.904632574848,8001.381247878003,8722.411078478823,6739.514033124956,5580.4210283289185,4232.951146649052,3514.481803960019,2732.1829149290797,2120.856555512475,1520.4017355177875,813.8251183383838,0.0,702.4645616735281,1333.3501553956753,1842.1652591435184,2411.8995764310757,3265.278703187785,3835.607576399323,4586.209393038255,5139.362454573965,5904.320241381877,6740.431626576088,7755.597343673487,8598.798317877812,9524.32502078973,10579.973271026713,7242.33592969255,5832.727650952485,4768.894186978678,3695.60451188892,2141.298548834485,1141.8780872478114,884.8024827229368,2174.5697328257056,2779.7827274794977,3468.657270507956,4739.563947874867,5824.10804511349,6654.120600204977,7617.008553657352,8742.374074621785,9681.311170982859,10592.03809138639,11628.95173694365,12847.188770156132,7076.393403570667,6225.028963176339,5261.1525699403755,4650.533302924075,4137.227330198336,3781.359182153118,4011.7031916914475,4610.911995617111,5139.070737675132,7223.496538169051,6920.834762406597,7072.905933456961,6229.932890007749,5267.51366016101,4194.8589482556,3625.1790427673086,4625.006475185789,5781.6961857927,6791.505644058558,8773.738674800565,7581.421379875649,6669.743409874765,6077.698872415896,5546.291591116971,5702.705286250064,5776.557095488019,6032.486615040027,7036.727894414015,5751.598131542436,5051.385753541742,4029.57340737647,3920.8980795561533,4245.502292128145,4977.3218662834415,6238.325420169175,6893.7687815234995,7783.221384286471,9317.200323332321,1631.0537602324837,1593.1459616778573,2309.078603803351,3040.8295390208036,4658.371802648959,6228.160850758258,7127.074270831088,8170.679488447858,8776.758028798075,9464.999564578151,10715.20132949909,11006.932591506311,11656.830878462228,12842.790107948078,14069.12489595011,4491.270658231464,3958.7806098402757,3658.560811874143,5481.552220617848,6347.826826547421,7394.497649134954,8300.650117528628,9631.349574642933,10865.672640898341,12470.9263577317,13779.55547638242,16095.993308851881,17592.606880104428,18759.287968757853,20612.214431915825,22533.652223204077,17007.148678321784,16362.483295350788,15608.440263004994,14987.433775812611,13640.796799445843,12646.349580894683,12167.161085154856,11097.056376945291,10054.163080528655,9138.017888576636,7958.001979520197,6271.496474108209,5307.211765119267,3246.816019760888,2441.043685434958,820.9036049576733,7669.330279032749,7618.076138927158,7574.948580134114,8596.286420503675,9611.725924902043,12027.537499075037,13475.277310618569,14257.537177019505,14993.048550926966,15796.009341086481,17356.11667251568,18051.880975705204,19134.33358035028,20177.271019330492,21016.5099749501,22311.60194068674
Hidalgo,7157.05206779522,5829.215547323659,4567.70470522246,3630.8668820375806,3019.278840671252,2289.3137259761284,1534.5286879159153,1166.9964186718964,1257.9572648416258,1625.5311023376696,2012.2744705298135,2668.6761499547965,3032.0558619553876,3521.3944399495686,4136.976965755626,4951.882411387073,5742.62297166893,6408.066592712179,7315.503216399681,8025.121309645119,7434.427333001943,6267.709546985189,4890.852733465461,4164.889675078255,3385.9174711742426,2788.3418721878306,2209.859691899706,1504.1468291193994,702.4645616735281,0.0,633.8794540344586,1140.10468845409,1715.8400890511668,2772.8014529311404,3422.41033395035,4241.425242325698,4832.554849815118,5634.570435937924,6502.5421202753905,7546.282219808678,8409.28559639823,9357.818268679368,10392.333382174053,7030.236687049867,5621.62265114176,4586.389767217507,3579.376305768193,1987.6304504732398,816.9837475767374,481.2586798606386,2041.5886428750807,2727.808128061374,3447.439841324969,4704.45633379096,5786.275943628542,6630.859149579352,7630.302125601455,8789.491230063615,9749.533361356316,10680.05569899419,11672.39161561376,12860.194882447762,6695.217898408775,5788.204446315605,4769.272136890271,4098.267396642905,3515.0839876382715,3096.38750383776,3353.060246841798,4043.416481154603,4606.450481346042,6522.715350075933,6221.880574996209,6400.474162013271,5587.660230247806,4640.505003918316,3699.564688205358,3300.074055004018,4583.59662293046,5850.547732155544,6894.308552400505,9267.571338477363,8098.253665094026,7146.63953062484,6457.763938682383,5817.128059436786,5876.833597593447,5686.912341418998,5731.186481584869,7568.002751306305,6304.348812532864,5661.559426240183,4731.99942402742,4591.445088913137,4863.278745987676,5474.598456916441,6538.411120226316,7163.424659227269,8018.837080903564,9503.212320921248,1053.618299476827,984.8050684411218,1948.8992988212656,2755.8626506003343,4153.612315433198,5682.35515244919,6621.313204849856,7690.414226840961,8305.797487441203,9032.826586019057,10269.251511506725,10519.533183451118,11146.240891344,12310.286149494916,13518.224969693722,4830.941465707543,4167.287089635718,3410.3533182989354,4873.456964953379,5704.33859060386,6727.185747122531,7624.640226481743,8949.872283025701,10186.778813232082,11794.595506990314,13104.988447815153,15425.273045754047,16925.69605465806,18091.54145273195,19935.9036550926,21858.133215218913,16550.308914101985,15894.060598129787,15125.345777870132,14491.44214516033,13113.078262713825,12091.070059275657,11597.783869443605,10492.557966878207,9418.898387929234,8498.547438653712,7300.054789998911,5585.486640082046,4610.783245012106,2584.97171164054,1802.8185014251562,1105.051803044626,7819.2088050543925,7694.608850275111,7521.567338764368,8480.527267209825,9275.302329387458,11658.449225914934,13099.709866107243,13867.155881187644,14561.769214728805,15336.793675790006,16892.100632646914,17572.805369513637,18633.055300893695,19655.44700582895,20478.671252982374,21769.54530643972
Bellas Artes,7528.626449300436,6169.083659583985,4961.6478130877,4068.8139864718823,3437.4725516221533,2657.749944394625,1778.1276414751399,1245.0368986674978,1010.4825460541216,1160.2681808298603,1447.4876029790876,2055.3403131975383,2398.220870957166,2890.6565523655536,3503.0988844797266,4318.300295784432,5109.554401452381,5776.095401296103,6684.674098961678,7391.260853610856,8068.2976206296735,6900.474204113924,5513.763384127876,4785.478029126326,4009.0780732548483,3417.10093787155,2843.580659676614,2138.02511939037,1333.3501553956753,633.8794540344586,0.0,512.0931688511583,1082.3083742933288,2347.326523015442,3062.5240942311293,3932.088020862602,4549.997025652656,5376.509666305429,6265.343219598303,7327.2644973986835,8203.058765555043,9167.713467843934,10179.04586903793,6979.378741022989,5586.349399638101,4595.055709538171,3674.774948032532,2136.064990824836,1038.6485325083604,707.4294780586185,2040.561083361355,2750.7144859352,3466.1164805509125,4677.763565349634,5740.269787931803,6588.741717107241,7612.849813071586,8795.221984098842,9769.561200640062,10714.183239575517,11662.899997374712,12819.889910137344,6477.158491817745,5518.097423676606,4447.721952069894,3711.4338397060787,3039.9439033184103,2519.191785733844,2744.4966344956183,3517.033770231497,4108.968701396233,5890.15034203868,5608.123371673571,5834.121001739219,5067.769383017792,4147.216502708453,3392.0055223306176,3199.639145454814,4721.0269876231805,6063.606782200376,7125.8978471203945,9786.966709476905,8635.42901650501,7659.525186461073,6906.3908583153,6190.397039380325,6175.127887742545,5764.258250188087,5605.24627243017,8115.735184001025,6868.520628624635,6260.251663081407,5361.5566296776915,5178.2856340847175,5400.0434980115415,5902.383943193083,6785.663632952746,7378.959746633676,8198.427121703156,9630.579077927354,831.8138283873759,552.6103748027407,1721.713420986121,2552.4528121765784,3687.8587650033314,5165.7090433196645,6136.7140948597535,7224.514335282878,7846.127967109945,8605.304447447501,9826.442568634851,10040.328309797002,10646.286437153904,11790.624215939692,12982.47395619956,5130.623389745915,4366.8625748302875,3216.672388766118,4303.994086061723,5102.768551016723,6107.1766661918755,6998.884213409978,8320.923990444862,9558.994887701929,11167.985995153176,12479.202974334592,14801.417010961064,16303.8999278195,17469.184086908455,19308.834733019106,21231.40532025102,16223.622431518263,15555.980119723652,14772.671662771301,14125.792317886926,12714.792663624776,11663.472880604812,11154.821330557064,10009.857898518972,8899.436934058105,7975.014014903882,6753.428997761634,4998.25788934719,4004.3988442464374,2058.622888926419,1348.7931644334055,1640.9094913568224,7923.268513064992,7733.670926929055,7444.614088135385,8340.78150507237,8932.422436249763,11279.970622277817,12712.898066019243,13466.328309633518,14124.919037150274,14875.466750804397,16425.480426039412,17093.183356052552,18134.55482783872,19139.815480418838,19949.928290716307,21237.059469453714
Allende,7925.194685829782,6550.6821551954545,5379.557038743717,4514.17828966772,3877.209959698084,3082.0934789891376,2165.916822276647,1586.9360953621717,1168.2149502263417,1044.840137172152,1135.468814095532,1623.1510513176054,1901.3308475848235,2381.290227726179,3003.6477727945603,3822.3373037981414,4616.1545302732675,5286.68268152853,6198.343438780119,6889.648563629314,8569.92560933401,7396.507094915194,5992.516247458172,5261.861653499348,4489.886547184379,3906.736143101543,3344.877451023655,2641.4326036057273,1842.1652591435184,1140.10468845409,512.0931688511583,0.0,598.6167372727457,2180.9489110915015,2943.2839346522164,3844.1734972570066,4478.049184670566,5317.769323603728,6217.978435952805,7289.429935719589,8172.236157410788,9147.125891066162,10135.431756383648,6876.294951390044,5506.139729496895,4561.702057846697,3727.1664121593262,2284.061585078173,1347.275469985127,1179.2306831044655,2271.197702013901,2968.004038939822,3661.8194816367018,4819.962479568471,5856.624561287335,6701.910844478676,7739.625630636252,8935.080439275824,9917.314836349875,10870.280081335623,11783.19323074417,12913.718660352535,6243.5361389183045,5249.35477914716,4146.911118420726,3365.4231030098335,2628.684595258515,2030.5611159803068,2313.494142796395,3199.330801984115,3819.8528152880604,5383.222319931615,5097.139698168168,5344.778301657059,4609.701499809639,3712.1186694020216,3117.788642390963,3104.817292571727,4789.721842102562,6180.2407288930635,7251.016733631237,10152.06677030023,9019.049212042157,8022.239462985914,7214.238026711009,6437.668984665743,6360.572263232019,5773.413930453526,5451.652896670384,8510.290512817905,7281.162952843412,6709.162268526267,5871.590178283503,5684.408890496312,5887.57186527953,6335.375212227754,7106.40374728523,7676.198194565265,8468.062296681912,9858.822011640023,876.8772612878331,682.5817288919176,1798.3923554891007,2599.5792316898637,3440.9233675863643,4845.64146906676,5847.955159892438,6951.429710163465,7577.5082565743705,8367.386011623874,9570.119551204647,9746.098730670266,10329.099098089944,11450.709685043308,12623.715374187337,5492.956326255811,4672.656834286259,3249.940625742597,3922.5109497352278,4671.927358263351,5644.306632145138,6524.269082842524,7838.769193840379,9079.084354434744,10690.140914356067,12002.734623589338,14328.192863495187,15834.094386853923,16998.277958217634,18829.10250733087,20752.22796362955,15887.320075116082,15211.895633542215,14418.644796776798,13762.958969335621,12329.927288512496,11258.997510163672,10740.177076348284,9569.320735544974,8435.933405550171,7509.750983458371,6274.947130723724,4498.16791944988,3496.129652920994,1618.2837824425926,1021.8433900583144,2071.010851089204,8140.105034014447,7903.165774623687,7525.1787376174625,8365.819666601814,8775.758192725929,11083.95250077017,12506.616427451892,13245.615307597523,13868.336861129346,14593.756982069304,16137.2654886849,16791.348336030424,17812.708908316854,18799.532428773015,19595.313236180133,20877.99273265107
Zócalo,8204.246454984652,6812.825010033539,5704.628529188968,4890.222795484122,4249.881869792554,3442.3388549656725,2501.9481793951545,1903.6420165537852,1352.6769076714847,953.3042610452964,740.8796978661611,1041.6736954733647,1316.7072953755055,1828.1033308588808,2422.008769006588,3236.0492512296505,4027.343585102628,4694.854743372463,5604.764967741888,6310.522941998449,9149.968651830142,7982.6798874443875,6588.0016522276965,5857.936383793483,5084.4790203530865,4497.21265032637,3925.6993555598697,3219.755673447505,2411.8995764310757,1715.8400890511668,1082.3083742933288,598.6167372727457,0.0,1865.590834847443,2648.530144441216,3561.443551574965,4202.197837533664,5046.092578745118,5950.72626991193,7025.599399516904,7911.646425486527,8893.743915893925,9854.485991861266,7069.842705365681,5735.325129244556,4849.790213086982,4106.558394101586,2764.5280528548415,1926.417556599861,1665.3970182257046,2414.866999553613,3064.6255189951003,3712.211815311156,4784.244338204644,5777.961490230782,6612.406161306499,7659.726305272087,8865.191170685914,9853.326813114774,10813.528931176852,11681.163510739303,12778.279233900003,6282.346963283431,5249.507015701385,4115.91325151638,3279.652290029537,2445.3488083037923,1666.6687820830002,1726.897056923017,2692.1705772977807,3331.780194661698,4815.776322290748,4588.537888988163,4931.608929636082,4285.252421623132,3451.025936935301,3149.6784134457776,3356.9558716504102,5170.628368068771,6592.442152211138,7665.688291947532,10724.633709101627,9600.145144247423,8594.897061281801,7759.430579897749,6947.041117336317,6826.512014024342,6091.5222529894845,5598.274015996104,9095.764905435672,7872.888026255053,7307.55331201526,6433.548664464851,6187.555210484375,6337.938574676108,6679.77353643682,7277.987640565074,7812.578821620072,8563.771439650918,9895.294606381802,1382.1762121721317,991.1828263774337,1801.72192417694,2510.8884675557706,2997.902472946163,4324.006680369498,5347.738633673501,6460.651534477207,7088.801392218007,7902.956265244676,9087.722038275499,9233.106546440278,9798.423284082848,10903.538095295355,12064.067843896139,5733.895648897433,4844.312352988302,3119.409259194101,3359.174734877557,4080.5451716830153,5045.7036372109005,5926.657087456637,7243.401946088284,8482.977502839705,10093.469239853574,11405.73738547265,13730.547069662936,15235.95150335784,16400.28868141184,18233.130313211477,20156.097121163686,15750.073907043405,15063.432683457588,14255.583222958274,13586.71119945684,12119.424505178036,11016.197284370524,10479.866798821378,9261.241550624816,8080.66024375478,7152.876815775621,5889.087300960512,4051.708625600993,3015.4512108017507,1428.5874231215678,1154.233592534787,2669.0929999872606,8168.804802854348,7874.022509799317,7392.194519296694,8165.496134977609,8384.744219630165,10651.473856124716,12063.114010868696,12788.785066097083,13381.094376746169,14086.318585732392,15624.143833308675,16267.971521034475,17275.01961769657,18249.526344825383,19036.3668642109,20316.241916976665
San Antonio Abad,7263.556143948244,5867.431077889144,5028.810658416056,4467.919007460809,3884.762077059264,3158.1190407140184,2385.7108859740015,2003.884023347966,1549.9187609561025,1187.274708832781,1125.0041800521526,1410.9654230170759,2102.3344875503153,2647.145460445283,2816.5746373504403,3395.167992242558,4035.4801803489345,4578.329525458859,5382.9963325378785,6296.757775063382,9663.246479552596,8596.801975154229,7399.410574200488,6708.509400360522,5932.9582769743065,5308.073083210925,4666.437223520525,4010.815082672148,3265.278703187785,2772.8014529311404,2347.326523015442,2180.9489110915015,1865.590834847443,0.0,783.0036097374307,1695.888304441697,2336.684051343327,3180.5324622552444,4085.17183291378,5160.039363436924,6046.112659129441,7028.480741891181,7990.595803297304,8933.293615517481,7600.683646687931,6703.36398579326,5906.355520502614,4446.783488851212,3385.7355280101215,2392.532051975805,1720.2357916848075,2000.4375041021328,2395.7327895913027,3180.3736245679765,4069.5671265712513,4875.356036939308,5924.3160508736255,7133.498035350079,8123.360089588176,9088.216388268405,9900.059996017677,10964.255571361244,8078.670346033246,7023.270334849394,5877.917901374121,5010.544786164476,4109.225487272601,3149.8276136696472,1591.025549225158,1437.0526191190843,1884.7488493895044,5023.438432201017,5230.388206674312,5953.901199822461,5593.931665014768,4937.496291657741,4971.094052181608,5217.2647893502235,6969.806721973823,8359.284407221194,9428.995742628,12025.828669380191,10842.464248950697,9910.839762511287,9225.534349758751,8536.858201740037,8513.262939868397,7934.258115293138,7453.1499483738335,10300.91752172937,9016.725085456404,8290.622329325093,6854.352552020894,6240.8751986620955,6121.924006048592,6017.633414842893,6053.975304379473,6484.523905525342,7126.511315008381,8322.162539957058,3049.253087921523,1818.0260748980081,1078.4456926059913,1061.396182095596,1393.1001427451558,2979.3412407695573,3862.7949498282933,4919.539358771942,5533.386430215203,6266.7003069203365,7497.993461894957,7751.992953899501,8392.666472162815,9578.525190735148,10811.568449172595,4777.634609684209,3744.6600374196873,1442.1193293762071,2407.4152264643535,3414.653246650938,4591.399099535306,5546.266440750012,6897.423430784204,8076.192399049642,9632.401916823763,10911.465335217255,13179.886782444484,14641.609987785447,15809.267804763367,17720.577611711906,19629.371235947743,17286.138212316237,16582.064123694545,15750.832284358305,15060.200494668243,13533.126809711124,12368.804840111334,11797.49187150359,10475.081023282886,9182.410728357161,8270.887468245923,6957.605135363873,5013.056394145647,3949.2910125883955,3171.645856387851,3018.3938696185446,3877.07070906787,6601.521830239555,6210.28735894887,5596.928218196369,6316.289770272095,6600.3036698518135,8933.380753077477,10365.584966746514,11120.01276608695,11792.912153911464,12564.036764528284,14119.718171794844,14803.456852917718,15873.829636028828,16912.110276539017,17752.541684006694,19048.623016655896
Chabacano,6969.087810697015,5598.245635047148,4919.419443427237,4502.300527915503,3978.1643790418057,3344.445837119011,2733.674648591812,2492.5145733001136,2165.585435066097,1918.6033639137358,1908.0076078929872,2112.646048132803,2766.1910912006188,3265.423619154814,3306.267544791645,3757.587199753694,4298.84897706789,4763.372160175236,5491.4735475938005,6465.22140820443,9964.398352208702,8947.938335729414,7838.280995958248,7171.551466513308,6409.451260934365,5786.386510917302,5140.838506584004,4526.041957715557,3835.607576399323,3422.41033395035,3062.5240942311293,2943.2839346522164,2648.530144441216,783.0036097374307,0.0,912.9137351147705,1553.6860346629796,2397.562439151086,3302.1971694425647,4377.069612774947,5263.1270276009445,6245.492022228322,7209.297432623536,9716.02819610254,8383.38920536015,7481.989938367797,6670.122283284153,5186.768386552409,4093.0544788769075,2999.415401871619,1945.901692411141,1940.9168579281907,2095.1091822011954,2603.9127177623927,3395.3641410482387,4173.6228100842945,5217.199531852187,6423.645940247938,7411.588267814781,8376.724707705695,9158.458885499724,10205.292439597111,8843.671414292896,7783.348687907121,6637.170431185659,5765.167169229863,4854.915533795059,3876.2349274920402,2109.1660014978697,1412.9552013056486,1579.5377789324755,5317.976055151062,5673.066188293735,6503.839247503224,6234.907023524386,5634.22543654372,5745.712516285472,5998.32259941865,7731.785110655343,9109.372341065606,10176.598955713991,12606.46889472318,11406.52916011129,10505.33885171074,9874.69434141168,9229.628562996266,9237.422787780839,8708.99738732068,8234.020590507584,10854.322734425503,9556.351409706123,8779.853857401351,7158.8518689284665,6415.09637794292,6186.745787601773,5883.61660565885,5635.334304021039,6002.9578917169965,6578.628838496656,7693.427260521989,3801.3559168785027,2516.1819107649435,1529.1614486439719,1002.1604039961331,1039.924427373969,2624.3844923373954,3364.5835436506227,4357.883933970603,4953.322750543305,5629.921517845112,6879.7999631024,7192.531124495409,7868.998779837996,9088.694926014881,10350.930664029886,4535.963740533598,3471.535893536817,959.5795440514835,2371.114899290658,3423.463909031211,4628.923178188245,5579.945136239053,6910.837241066303,8041.375825270867,9553.406480389978,10805.599858732117,13033.458724045331,14468.458266649033,15632.735920699894,17571.90282231686,19469.137788973097,17955.611341699132,17246.038199417235,16407.480199252856,15710.097016158526,14164.666479165886,12981.798549757184,12400.029838316894,11046.857390865405,9723.049358794076,8824.079758579184,7507.806443427741,5563.487236881258,4524.32151671154,3939.0319455322146,3800.912980913049,4512.948138710932,5986.981473318906,5543.658884703528,4855.047881981705,5541.489476199311,5870.936973338693,8237.042734119246,9677.39876142133,10445.67249501539,11159.103562249997,11961.904138721691,13522.99315522039,14224.954473120231,15323.874953449085,16390.578361419895,17254.69279639239,18556.07192483435
Viaducto,6735.829187502063,5422.67688219187,4958.364974870152,4719.545378169991,4279.4178703583775,3770.0409030461115,3338.6358234524932,3218.5874717849633,2988.116619521345,2808.7033507857186,2820.8825087765044,2979.5258436764443,3597.3126508452888,4053.9442457439686,3990.5304111746345,4315.354352864392,4743.790347146512,5114.316564660048,5741.480774174873,6761.687311958557,10388.576958872485,9432.066534035248,8421.296282321224,7784.082888760896,7042.040019658722,6427.361785419337,5786.5252214529255,5218.20344350699,4586.209393038255,4241.425242325698,3932.088020862602,3844.1734972570066,3561.443551574965,1695.888304441697,912.9137351147705,0.0,640.8281441335226,1484.649549136942,2389.286418317061,3464.1574315411417,4350.224354702783,5332.756941061218,6298.126629965631,10628.374611338011,9296.215991541427,8391.727686213526,7567.478943570026,6065.906967786572,4950.008382101429,3794.1700500484512,2517.137539882489,2254.5764966286415,2099.3999068529915,2117.2464330588427,2692.51513034118,3406.9288522231773,4430.989002086989,5626.113422406431,6607.4279780117995,7570.266746934096,8307.42814099017,9328.483153275567,9737.170453242385,8672.435122214789,7526.311156367336,6650.915453976238,5734.297189703079,4742.952546790487,2864.063249614768,1853.4293455927984,1666.4735664615712,5768.683478313212,6266.009261812618,7193.07714309069,7013.48204328599,6467.4727684781865,6650.019080549763,6910.080628320382,8626.985983925906,9992.918815369934,11057.196517129692,13316.25156157118,12101.79314070442,11234.000678689707,10659.615055612216,10058.431230191436,10096.357283122506,9615.252630017418,9144.174397923069,11540.089094315976,10232.335857357013,9408.136726583027,7609.867799639544,6738.263678690845,6394.166561256653,5867.796755654603,5263.615152617537,5538.790762202578,6014.7551422419665,7007.120909398195,4693.139711873898,3380.500551526163,2297.4981486511415,1558.9729011211864,1267.2037806856854,2462.4451521588408,2934.504497601547,3794.138379671182,4349.321689878272,4933.395032815753,6198.64384273498,6589.491170570252,7308.353085715031,8563.674613686306,9856.057047330669,4426.472274548326,3372.5398311060667,1066.3163978624889,2630.1470559984828,3642.2148669740177,4824.948579264572,5744.736303727839,7026.810939718846,8086.1201779399125,9531.235269612403,10742.363576926036,12910.015374682904,14307.481013663228,15463.876376464503,17430.762186513013,19310.14369403173,18741.992779992543,18026.85940700726,17180.93244846427,16476.808210472194,14913.202005376148,13712.150837880272,13120.257288862824,11737.554838826964,10385.347259502689,9503.05711401018,8190.478041011664,6261.569485300273,5257.082001002809,4838.45220690199,4713.685178386556,5309.129405810054,5334.464681463875,4817.816971243005,4014.397789987074,4643.663275412751,5036.171743825496,7441.358502531122,8889.160290394764,9674.121743146557,10438.862692288774,11280.538321448827,12845.126924851713,13568.718528805755,14701.32161538765,15801.406769908532,16693.251040797353,17999.13800135366
Xola,6631.545623545669,5378.1063074683825,5073.70945794535,4957.5630159290795,4579.2425208851255,4155.123724696755,3830.2398771781022,3771.9424570315146,3588.2266330211105,3438.9366362107403,3461.6864030708775,3603.9844269326304,4204.403735552039,4639.093221716568,4525.166170548581,4779.988185033657,5139.038241959308,5448.397011060157,6004.170876631485,7043.149197878515,10713.4841616867,9799.64335140318,8856.028891473328,8239.838055793249,7513.414646099509,6906.91532913945,6272.683394701461,5734.906663026967,5139.362454573965,4832.554849815118,4549.997025652656,4478.049184670566,4202.197837533664,2336.684051343327,1553.6860346629796,640.8281441335226,0.0,843.9567261762903,1748.5467727938621,2823.4195082052847,3709.448604367833,4691.935182335641,5659.774719761495,11269.120630218642,9936.768414753229,9029.814192633075,8197.594242022744,6685.856584397915,5559.043565795415,4375.413434960304,3013.8529331344334,2638.1580933223245,2317.4390813430027,1955.1145430216677,2280.285093727538,2911.789460358415,3905.311133684929,5083.240987443067,6055.429695426995,7013.980812156236,7714.072347185821,8714.08516816083,10368.330217560595,9301.422198398619,8155.673596176255,7278.875479422765,6359.612499433488,5363.2118577237825,3444.3797248061173,2338.998066136507,2001.2523311492876,6155.193380749245,6732.527656987657,7711.074791993482,7582.890717278974,7067.921258704738,7287.284292129183,7549.704067199336,9255.451414092413,10613.518790090342,11675.574182916942,13822.160386362566,12599.700058217319,11754.649217377571,11216.939907205935,10644.16908299679,10701.17480727593,10250.836357221526,9784.044357300776,12032.658183595135,10720.926766181381,9868.303948766552,7964.8757073253955,7017.674307589831,6601.334701179448,5930.166228558551,5074.278550801267,5272.988397109289,5663.914652885088,6550.3807138597085,5321.461039393492,3997.4698046098506,2883.662822718173,2099.037448053827,1729.7614948223127,2556.4478514689413,2786.7877910836664,3497.9865524023567,4005.648405809864,4499.452429241535,5767.338878972974,6220.750661444553,6969.032151265766,8245.398322424011,9555.426949793784,4450.036494169004,3437.9745501870543,1504.8487830026345,2979.0185267269676,3926.9837903207144,5067.329475853103,5952.304453747083,7187.377409133505,8189.315867773504,9578.798900221203,10755.214631788076,12872.446715824843,14239.41271323606,15387.617842467882,17370.700079999206,19234.63437075194,19305.903139185146,18587.502666356428,17737.26016713813,17029.209367863525,15455.072141442068,14243.548833930288,13645.881793210454,12246.439148411577,10878.912790261647,10008.616785017295,8701.49297735865,6788.255558566927,5807.504230770346,5473.903210906847,5354.205508274112,5883.728099609221,4917.326497395296,4342.736696840253,3440.9178819487033,4015.074356713253,4474.022546683863,6906.403852672269,8357.299125799665,9154.648553786721,9959.614005669599,10830.592148894437,12395.268787084304,13134.594182216726,14291.516085769068,15415.561151505683,16327.226933661872,17635.055381236307
Villa de Cortés,6610.456786850609,5458.073795594196,5361.465814192999,5391.5526659896495,5089.069358266726,4762.446939356892,4546.275564268773,4544.634320565791,4401.889972935558,4276.529203448931,4305.515375462894,4429.4475930978715,5010.787793299579,5421.198239865087,5255.0966004148,5433.317812695687,5711.958732634408,5947.822284584412,6412.400338753058,7462.515825114649,11201.604750153681,10341.880724290899,9479.561806653468,8889.377278976262,8183.117544940829,7588.140639607362,6964.05579104311,6460.765963912573,5904.320241381877,5634.570435937924,5376.509666305429,5317.769323603728,5046.092578745118,3180.5324622552444,2397.562439151086,1484.649549136942,843.9567261762903,0.0,904.6400649470684,1979.508036882273,2865.590114392008,3848.5058378334447,4817.945680386222,12112.358085934731,10780.72465694796,9872.290846770056,9033.115533703429,7512.335114327258,6376.279983407977,5169.854159957265,3746.0474934106396,3282.2077362754353,2825.911925911015,2072.592105211334,1959.775471069365,2388.38335530523,3293.1081960852634,4423.694410218142,5372.78251772652,6319.375540736335,6955.843394486039,7919.113635509876,11197.371738323232,10127.863674371376,8982.946072017392,8104.745091509793,7182.810603283769,6181.501759645776,4227.876036152259,3056.4039768821935,2608.3632999391257,6707.32001851703,7372.811455409043,8406.879907176786,8339.123236746707,7861.250863165954,8125.048904654475,8393.286358402303,10089.201279940286,11439.121339985144,12498.621085077499,14517.674790912613,13287.379844456655,12469.559277503187,11973.804637950947,11432.779194914829,11510.247752479376,11091.148830821307,10625.507835825863,12714.971538054453,11400.900659749997,10517.723078807334,8501.130237562951,7472.957260829835,6975.483091050211,6136.6254335473295,4964.989233684111,5049.739872813656,5306.897925512929,6018.873875185777,6156.289093780916,4824.001907638413,3689.768795497896,2881.7094030949543,2454.255418081459,2880.305992035374,2789.125699893569,3239.995682356669,3654.6192903754572,3993.729080668925,5245.705705715346,5787.166769328114,6569.9395857196205,7865.177757081297,9191.428875024018,4640.538077487747,3716.7719942751364,2245.800661079872,3549.103296740731,4399.583825830534,5465.9919756516565,6294.839046420266,7456.522852748318,8376.139011427214,9683.221596346419,10807.269037387758,12848.570299989613,14170.493430849228,15304.572096182845,17304.492810137563,19144.505881662215,20044.97883152361,19322.64571730563,18467.23519844438,17754.51642786198,16167.962522783391,14944.213374665995,14339.891714864543,12921.332446005128,11537.27731520408,10683.441384512898,9386.084531416709,7497.396749361723,6547.331953419083,6309.742666274489,6198.161021921903,6667.219764870423,4470.1012405926695,3811.0317563497583,2745.9861188527957,3201.09053419993,3758.569394574517,6218.13479924435,7668.142849197014,8481.178484636148,9341.60305609439,10251.590672634775,11812.452336815633,12572.083991647525,13760.304317302618,14915.1671185786,15852.331826352325,17160.821684554005
Nativitas,6693.258191335734,5670.433486714245,5780.27037637867,5945.021296854228,5714.742044160962,5475.660545623224,5349.616711425602,5392.339546090051,5281.802846678043,5175.315096849812,5210.155359523393,5322.766649819217,5889.924873739581,6281.3790756505605,6075.863771808998,6192.136360566782,6401.562621473104,6571.44577832523,6948.507151300571,7997.6761630611,11759.17332465776,10955.845348998831,10174.88787702204,9611.345158416705,8926.429641950906,8344.331506835932,7732.045005291982,7261.269680862625,6740.431626576088,6502.5421202753905,6265.343219598303,6217.978435952805,5950.72626991193,4085.17183291378,3302.1971694425647,2389.286418317061,1748.5467727938621,904.6400649470684,0.0,1074.8743566740452,1960.9533167670397,2944.2035426225425,3918.025701320179,13016.741628397598,11685.255682882287,10774.796590626807,9928.53101042983,8399.670286243472,7256.17957220694,6032.635427800751,4568.786348054559,4048.395661142961,3509.2838412836804,2516.17365924606,1978.211622624311,2063.167828378067,2763.2814263559544,3788.0850096668087,4689.921874313648,5611.289604688518,6160.834071578759,7074.297872666726,12090.506301810019,11019.029651709723,9875.094643403909,8996.043233552495,8072.39990108075,7067.979948935272,5092.953828966034,3887.2013930153153,3380.5110023531433,7369.825202592605,8108.354493518583,9187.061068457466,9171.93683118888,8726.0849451481,9025.651963839437,9297.157833256659,10982.669811219539,12324.215140957087,13380.91140587638,15272.542503567287,14036.050492220314,13246.008373014107,12791.619620043819,12281.792459502107,12379.083120844343,11991.225293813712,11528.715097355345,13459.22163504742,12145.164366704194,11234.568344090578,9118.163188963768,8020.658806908295,7450.985540857358,6461.443200566577,4992.105344771244,4947.305032760998,5040.962658124687,5524.041502723632,7051.837620918231,5713.409654859799,4566.066573806881,3746.8626296761004,3298.9082916597918,3439.9070317032033,3074.154521704547,3209.886403342353,3485.8022007613245,3608.429636454094,4802.10939160602,5443.676579728211,6254.417851881503,7554.745819475188,8887.173138395749,4985.147468067018,4176.391135090584,3095.1510642893154,4269.891773099799,5024.905671980389,6007.179856293408,6771.6950877881745,7848.278419591648,8676.366450256573,9887.556988160894,10948.802457007045,12898.107208180532,14165.932531901879,15280.639123643183,17292.769633397296,19102.588743194032,20852.19216735057,20126.379632750508,19266.413426150324,18549.606030921223,16952.239183712718,15717.912458616449,15107.903845067145,13673.119173046955,12275.98457798994,11439.121878496986,10153.642670386518,8291.942650736759,7370.691170484379,7209.237331128703,7102.690848572727,7517.264891450149,4117.687644758116,3372.371955889845,2113.4065934127075,2346.7754094508236,3074.94062402452,5537.97132610962,6976.523762598285,7805.623836511813,8731.696797964689,9685.242089577885,11235.390414080206,12016.783612265368,13238.390349593812,14426.070933964182,15390.368596471932,16696.817161762025
Portales,6950.445772441229,6094.960429743574,6413.8449182930935,6706.3432738494985,6546.768360522523,6389.121685399992,6341.654618037869,6421.263265607846,6337.313202381552,6245.888893516792,6285.016322319548,6387.664572542563,6941.997504735576,7316.016049293624,7075.862103324723,7135.629216284213,7279.4392272742825,7385.012186694745,7672.111158975269,8709.353202986322,12478.621853533958,11737.989344520192,11043.669337253797,10508.89656896361,9847.485917235086,9280.000833151158,8681.293935629274,8242.580778535486,7755.597343673487,7546.282219808678,7327.2644973986835,7289.429935719589,7025.599399516904,5160.039363436924,4377.069612774947,3464.1574315411417,2823.4195082052847,1979.508036882273,1074.8743566740452,0.0,886.1618341527536,1870.4467724402582,2851.811322905957,14091.224812571347,12760.082629507648,11847.873049636537,10995.068296527916,9459.13007075299,8309.598533171473,7072.677063098564,5581.085119798575,5021.143602813527,4428.229526855561,3301.3377254351767,2479.576561862926,2164.8435082979013,2444.875861108082,3210.534477767662,3999.341386704744,4859.766731985652,5265.7177371151265,6095.298308063122,13152.971040859411,12079.661837288793,10937.00079530215,10057.353945793682,9132.393590778398,8125.579547337319,6134.449985072961,4906.864139176475,4362.692578409729,8214.051707763174,9019.61845070411,10138.557413806804,10175.570733950044,9761.670000202002,10096.216923441303,10371.473053891357,12047.17594421599,13380.257352520059,14433.89995391,16192.196737855124,14950.84644133111,14190.862797779984,13779.540701691805,13301.783673754218,13418.91414863466,13061.969644132301,12601.870681409868,14370.297735447279,13058.636329617639,12122.003231279676,9912.440391070768,8752.642928998412,8115.578708467194,6986.00684145806,5236.788259129515,5043.909268507906,4931.871437231465,5090.086598204874,8119.147599985333,6776.1947522007895,5619.93792991971,4794.894183723144,4332.800049918248,4258.64261590296,3678.814387221067,3487.888433878187,3578.8485006069163,3410.395196977638,4454.696826500679,5207.784219754729,6030.921401268417,7309.932768055794,8630.22933571135,5565.000397560729,4890.546975838611,4136.123846699936,5199.0647225555,5860.246904133977,6748.420158503936,7438.15435014127,8412.588247565882,9132.468233277228,10224.411829430797,11204.68369061016,13033.168414645346,14229.989059315223,15316.279911124544,17334.82515024291,19102.94245600622,21818.914176067407,21089.623200146838,20225.12510721178,19504.284226473424,17896.332722066076,16651.743437182704,16036.30426833886,14586.166763699219,13177.756121376799,12360.33426228894,11089.972661886446,9260.057246167784,8368.934944284494,8278.968125505771,8177.523209773059,8543.404209999382,3940.8438870568375,3129.0217714994724,1720.6250559521645,1418.973661969183,2451.1342934655845,4822.224239833589,6222.026496954242,7065.641471519317,8074.653902989352,9079.137037376013,10604.805494112516,11410.568057306493,12669.629019087228,13894.353705906064,14889.434816239951,16189.071119037382
Ermita,7261.032352500534,6544.241705156987,7005.912323312358,7382.844905593665,7271.903179524405,7168.700157973113,7172.248661270341,7275.5802028990065,7209.201593736477,7128.1799348125,7171.102830840433,7269.46377570361,7816.641587133974,8180.361288391021,7919.910628485179,7945.074090585361,8047.150532676108,8110.753841804149,8336.42886270693,9359.2644566154,13097.062191029989,12405.424819454092,11776.725206669698,11264.07756983556,10621.016006262324,10065.155348884342,9477.314098902822,9061.750748232256,8598.798317877812,8409.28559639823,8203.058765555043,8172.236157410788,7911.646425486527,6046.112659129441,5263.1270276009445,4350.224354702783,3709.448604367833,2865.590114392008,1960.9533167670397,886.1618341527536,0.0,985.5484359648748,1983.557138430377,14977.363463864318,13645.932050454394,12731.800459027554,11873.55808044232,10332.458804692194,9178.926034884058,7933.572283473095,6426.504131674962,5844.571592636494,5224.229859464624,4041.9882993503134,3108.9495978503683,2590.7330386432773,2503.6870416517613,2935.6186894458338,3560.6079049525665,4329.724821727493,4575.083134418088,5307.915776886993,14032.412526156462,12958.073061318806,11816.326562630884,10936.443711637325,10010.866565343831,9002.904035148458,7003.787504261544,5766.416777069144,5204.867509249259,8956.028683047869,9803.325253696583,10946.789645014022,11018.122796354643,10624.988235870505,10980.593767553588,11256.654457744551,12923.922364425482,14250.12254946095,15301.182640942341,16956.140238498952,15712.234793425485,14975.750263650198,14597.259523645414,14144.009974945939,14276.208664744448,13943.776732520266,13487.507264763768,15129.485317805558,13821.216652500396,12866.64566448709,10594.536744535675,9395.011096808323,8713.674472883722,7494.331447537834,5573.375444599087,5273.738344312938,5000.274452188159,4867.41655488323,8998.66179017023,7652.80654532522,6491.3234896973445,5663.649681589087,5200.824761283571,5014.987267895676,4327.507869769142,3942.3799032428888,3898.9094715428005,3512.019305139788,4367.323114566983,5191.990794581121,6003.524840986784,7239.433573235229,8531.486673125177,6132.278838206892,5557.194047856348,5002.089277442827,6008.1355723069155,6609.602663904713,7431.226743335768,8065.483611986444,8960.979989164302,9596.79759323475,10591.167889261003,11502.477634482257,13225.308257342993,14359.429443973373,15418.339899294739,17435.604510958736,19164.976272946624,22629.866641151122,21898.273790524625,21030.78793811832,20307.30759168219,18692.469083558502,17441.24314096028,16822.344694688247,15362.495110859498,13947.680367594578,13144.88845144324,11886.618726892373,10080.553149439658,9209.955799797845,9163.007524583378,9063.399833090043,9393.29737209621,3995.52670955069,3181.51742108564,1844.1190719211995,917.2358840239683,2230.795559385787,4359.467659166958,5691.755999080975,6539.5805852402655,7619.232358761024,8662.954478133355,10155.612403238303,10979.454213028499,12266.6348827648,13519.641936719187,14538.50560310756,15828.26885109879
General Anaya,7648.390508155748,7083.798435523757,7682.1676502309965,8140.157738643513,8078.521556873383,8030.527232752102,8086.563662892354,8215.33967010377,8169.450852669289,8102.5090796128015,8153.463147920059,8254.848270046516,8799.49928411386,9157.726754184736,8884.611828330817,8885.371767156774,8955.632940287378,8985.726615337968,9159.716626572146,10166.210237117859,13769.244254761623,13132.38945171731,12576.149171302264,12088.589807490842,11466.749123818563,10924.60796690028,10349.709056136797,9960.033965062612,9524.32502078973,9357.818268679368,9167.713467843934,9147.125891066162,8893.743915893925,7028.480741891181,6245.492022228322,5332.756941061218,4691.935182335641,3848.5058378334447,2944.2035426225425,1870.4467724402582,985.5484359648748,0.0,1090.4801224424702,15960.863019716384,14626.954247553254,13708.124665342593,12840.902559058255,11292.92286242402,10134.694654153596,8880.050937543818,7358.094905582647,6755.364418737185,6111.52362251704,4891.051577445854,3889.4125114883122,3240.9383525700987,2842.799800840932,2857.8089936161055,3220.04808614124,3828.210223923373,3845.8399020587503,4436.171050408121,15016.999731107788,13942.278031077389,12800.914469716052,11920.967619870271,10995.189068347296,9986.819658477822,7984.216284523477,6742.17185618517,6171.282686299725,9841.870374001654,10721.248585995372,11882.860423328038,11980.08841049943,11601.153093205232,11966.068958236683,12235.819181762834,13888.48378251278,15204.742471900856,16252.066395165368,17782.67238121108,16537.07447892198,15828.004634061008,15487.642036213963,15063.719240741899,15214.429471886053,14916.116181179626,14472.309472674475,15952.483296441349,14649.63927308992,13676.633361871216,11342.535783400313,10106.111936104697,9382.743082948675,8081.674702623151,6018.161805981241,5618.2994907208995,5184.963211621672,4730.660033829179,9968.214900830873,8618.821718246496,7451.565761821391,6621.77247480937,6181.259099510173,5926.261261473028,5169.425903518178,4646.413891673903,4494.4515067164975,3930.785434773693,4549.047508611601,5419.194059024015,6195.823530805789,7359.556540888756,8601.35265231214,6793.941970650106,6320.82460643729,5958.2172698530685,6951.786356932133,7508.295869196163,8273.92287569835,8858.552125967553,9679.696598156741,10234.317341875356,11128.995168865846,11966.536947410828,13572.161437999894,14635.183588662245,15660.71897025146,17670.07979947188,19352.963631169074,23563.351185216317,22829.954074627974,21960.127378757355,21234.58707785366,19614.376241515914,18357.970387519163,17736.399046548035,16269.056396426147,14849.805911740032,14059.993959744505,12812.67751968621,11026.769028673996,10171.73927175686,10148.528891390008,10044.708801521367,10325.542120465703,4209.209612510326,3446.709580553307,2341.7025780841795,1120.000870880028,2448.9240426917527,4086.4918478220548,5284.04595766593,6120.6039756518685,7276.099229626124,8356.607651390399,9794.445388447111,10634.89533770297,11948.849862227682,13229.845696669438,14272.82319970084,15546.124647092045
Tasqueña,8618.04932214347,8122.482840749017,8759.375323753275,9229.1960559228,9168.728333940435,9113.618121503769,9149.261677386949,9259.05642442507,9188.541965784685,9093.230619231113,9113.716790832777,9165.95480165321,9678.192540242619,10002.239645486377,9680.079253540627,9611.440136528558,9609.082835257255,9573.084212937472,9654.987332535042,10626.556351272518,14840.800773337884,14216.150178246204,13666.62827985516,13178.147324293015,12553.77693357451,12008.974684491137,11430.709552828586,11031.522168797488,10579.973271026713,10392.333382174053,10179.04586903793,10135.431756383648,9854.485991861266,7990.595803297304,7209.297432623536,6298.126629965631,5659.774719761495,4817.945680386222,3918.025701320179,2851.811322905957,1983.557138430377,1090.4801224424702,0.0,16906.79727985063,15589.065497310785,14689.56659023907,13845.818877019772,12310.816449956646,11159.89021924697,9916.91926422888,8408.787778506012,7819.5867594622805,7186.004061002581,5975.004685116338,4979.628753955503,4324.5935195105985,3853.739149926405,3651.801214785839,3769.8994828435743,4157.800471256401,3836.9707234981465,4096.686318173304,15903.364068043118,14824.893635935592,13689.622380590406,12809.98295429723,11883.127797038249,10872.16146289412,8849.073136614994,7589.441313934822,6988.039078905444,10444.126552882286,11385.580105395853,12585.733945603242,12756.416891154782,12433.607378573623,12887.444014650639,13207.597078284225,14898.68000369547,16230.95238848126,17283.244702286087,18872.36108473168,17626.841071598054,16914.384400213577,16563.301993894896,16123.972126810095,16259.735041572792,15908.837351438046,15405.807396325581,17042.350820766875,15739.045885425394,14767.004481482638,12429.807811047855,11188.22788996091,10456.484875693626,9133.999738929442,7024.853267963841,6582.255049257524,6067.040925528691,5392.410657143614,10969.401671672344,9627.878974606156,8470.9420720597,7644.6009834526585,7054.42188416824,6614.140177790574,5751.323013330116,5050.873745603309,4769.905557220722,4032.592209789367,4345.925083667768,5226.435751265891,5938.350013818183,6995.672970972941,8163.807736602338,7869.290852230386,7410.783237013373,6984.022931430133,7699.139198734544,8153.407205317695,8809.992137349771,9307.607395322102,10008.26509698258,10443.330427997995,11198.388846945252,11936.646312810255,13391.589769402348,14367.921649422877,15351.711705586642,17344.716802642644,18972.435039492324,24239.779042865764,23502.371668134718,22627.429637942503,21897.495271992277,20266.11758262535,18999.276981516392,18372.543609489563,16891.127839155062,15465.52547732303,14706.458192554841,13488.132775349792,11758.997426386284,10952.738636059328,11069.656877569647,11008.39936239563,11376.047584568087,5127.428316309071,4409.992042159206,3409.3849345420895,2186.8047792139855,2501.7498799465066,3421.6176516222163,4447.813230889579,5259.261560960905,6463.104637347332,7563.357561302514,8944.963324174862,9793.91089051773,11123.041231415227,12421.543065805688,13480.60265047008,14736.83984737716
Indios Verdes,13804.663049056377,12611.315985278537,11264.728611102235,10267.469695454707,9767.72273272581,9191.447554403105,8560.275803530238,8160.835309623862,7978.576975223799,7909.666407645329,7808.802139320582,7759.947492515433,7330.303468750233,7157.782351288221,7705.640899978997,8198.754980079797,8725.789016491835,9264.653031209607,9984.790363750135,9944.239817287968,10825.0972791277,9709.093759119214,8267.825735218776,7824.964842094525,7570.379593797238,7522.663476717859,7576.8893849831975,7367.692699107047,7242.33592969255,7030.236687049867,6979.378741022989,6876.294951390044,7069.842705365681,8933.293615517481,9716.02819610254,10628.374611338011,11269.120630218642,12112.358085934731,13016.741628397598,14091.224812571347,14977.363463864318,15960.863019716384,16906.79727985063,0.0,1411.0813078972972,2475.8604590992363,3578.8281583427674,5102.498672233719,6221.602284080104,7484.901966293797,9008.73106161625,9716.670993491818,10436.932875172295,11657.013398519843,12715.26186529404,13563.238452158663,14591.421625178857,15774.407437932708,16747.236704093502,17688.630467768795,18641.131241574596,19786.86585897691,1881.325115604921,2627.5019920649593,3497.3021816112237,4296.806733662977,5175.116373867624,6154.147158620417,8173.113338732847,9432.678352037234,10082.061888650553,8657.918375398747,7544.189468719432,6476.871299317723,5473.743134581506,5098.715648339825,4055.982566913367,3781.8598011388613,2905.172230206866,2908.5199024827753,3156.3229307665624,8504.914095899814,8061.809681629935,7059.669488121761,5753.575849919514,4617.7049518625745,3783.9422779755123,1811.575287533782,1535.912319392554,7939.57618803574,7554.8957160552745,7970.939360508281,9394.764939483748,10178.654201625506,10870.31451572812,12002.299743612262,13478.275142994544,14136.042338363884,15020.19245422915,16529.468167399642,6147.74582901006,7487.472054506577,8663.24202914207,9475.30770793787,9901.238043916679,10823.565332254719,11892.406162738722,12994.296903498387,13604.173251290798,14518.174389456115,15563.819451029098,15482.033451375974,15855.70364448434,16711.466453017103,17626.28748901404,11723.799118184415,11177.5650890128,10125.680748062698,9665.39971836982,9803.564398797493,10084.151067836265,10515.495892328629,11353.055982326408,12429.53160474121,13863.85840429749,15060.717969641559,17262.53964989441,18754.398977804118,19812.94487979602,21264.921392560496,23113.057007000934,10586.19777041763,10060.900731153273,9475.116408270927,9019.388321440663,8151.67979322941,7662.010080723957,7478.283926336013,7251.977781450306,7155.957616691912,6663.313280124204,6474.984110146644,6610.618339988992,6739.716317950059,5854.976812341046,5925.064103894733,6494.100177520603,14849.445319671471,14704.690835057743,14400.320005101607,15227.8904263842,15264.111781166457,17350.667148911944,18687.36172905743,19329.52618476237,19710.059106697503,20229.879473954315,21677.54170771855,22196.458166605913,23000.607027614245,23766.22163243899,24374.522567069514,25568.53745106944
Deportivo 18 de Marzo,12419.520117083015,11212.835190158283,9869.387374762819,8872.597465168852,8365.037705604727,7781.772838305181,7150.398792535941,6756.819012236884,6590.260524913781,6546.205956521507,6476.2004029607515,6485.031026584705,6110.65022387218,6004.008383496749,6603.2738459344,7175.046506915123,7773.485892047577,8360.597562388972,9144.152255652203,9232.938959828676,9785.55638048919,8625.415809776356,7127.933553810962,6625.746139610716,6300.998376653311,6202.820778495239,6215.9482410330265,5976.475788673104,5832.727650952485,5621.62265114176,5586.349399638101,5506.139729496895,5735.325129244556,7600.683646687931,8383.38920536015,9296.215991541427,9936.768414753229,10780.72465694796,11685.255682882287,12760.082629507648,13645.932050454394,14626.954247553254,15589.065497310785,1411.0813078972972,0.0,1074.425084224414,2189.310381758085,3692.181518649436,4811.655506097569,6078.658960192674,7608.9197673081,8315.588839065716,9036.544988177684,10263.223128916194,11326.22228396921,12174.620670031441,13198.83765976602,14377.956878588458,15348.412423638507,16287.474576822426,17248.9249179203,18403.421402212734,2041.196071877344,2151.332348141103,2596.6224817772595,3248.8976553272432,4042.9389252992846,4969.164567175644,6945.857557576949,8188.648882803319,8843.941785787269,7842.421276215919,6798.385198410757,5885.753653109082,4789.161860173226,4205.811280894637,2868.0417011261043,2401.441300931118,1690.3463960229344,2314.187288248585,3020.5342971499886,8119.413306109607,7490.685390075858,6422.671011081342,5115.763018255831,3917.8939459733238,3159.71468177555,1014.2803381182426,815.3006558186764,7275.79616097642,6694.083091950017,6963.305982476828,8152.2872785272075,8863.469615125816,9526.778587902165,10622.166328635452,12069.886732376235,12726.099026765902,13609.248930726684,15118.964504100366,4754.667950102008,6102.342076938461,7282.206768937083,8100.161493341995,8628.465332200314,9642.873496688939,10714.445919335521,11827.900892087426,12446.187550628403,13342.315710939447,14426.449637139816,14395.760026580183,14813.625728519728,15728.76104046378,16702.178020940133,10317.012792662345,9766.52247033013,8755.006822198824,8499.119570307023,8734.441162382444,9135.864380341467,9658.488646760294,10608.115062567795,11744.397709515191,13244.182462163843,14485.270246446284,16743.382777472965,18255.22926273082,19345.615659391835,20887.31150890906,22765.02241857006,11731.446595525713,11166.577831444372,10524.686567549392,10013.55140345853,8985.637730895229,8330.426787988983,8051.849300133245,7568.347871755949,7202.108007233529,6559.644765511179,6096.363266309581,5832.190784215648,5770.49149933837,4598.055586616032,4582.565819015731,5090.3504238907535,13440.556700972254,13302.637878371026,13021.099760924815,13870.260330855352,14019.270794659438,16163.700389525688,17524.412954031017,18190.47003910589,18625.513925852538,19191.61358351666,20665.859350678904,21215.8155028344,22069.53634001989,22885.2262207412,23535.676391227127,24753.323722226083
Potrero,11345.453434478679,10139.180858070114,8795.15987276119,7798.3027603718065,7292.825217510392,6717.756425894982,6107.233807623421,5734.755180471718,5604.801936897573,5606.540430389883,5586.658873291344,5678.668229071895,5383.267224494905,5361.612668024624,6009.912660157151,6658.593698024246,7321.56357079448,7947.945087949064,8782.06022638044,8989.544244151304,8927.68109559611,7741.356032660254,6211.615798226424,5667.377000707996,5292.227707911478,5160.1823621217945,5150.545733814151,4902.101392266848,4768.894186978678,4586.389767217507,4595.055709538171,4561.702057846697,4849.790213086982,6703.36398579326,7481.989938367797,8391.727686213526,9029.814192633075,9872.290846770056,10774.796590626807,11847.873049636537,12731.800459027554,13708.124665342593,14689.56659023907,2475.8604590992363,1074.425084224414,0.0,1117.1561305065045,2632.3758257896575,3771.4818110145893,5051.24059667521,6595.986681123883,7298.517970890014,8020.159784520956,9259.240289221692,10329.923099906156,11178.223861094164,12194.484813020468,13365.634767131995,14330.97525836144,15264.884168839588,16243.109727427374,17411.707848158207,2823.89687046628,2527.1910589431486,2478.605749972159,2867.0709647202825,3493.504356259922,4312.813010140561,6196.692926239501,7405.99640230768,8063.6727520404975,7524.436266256484,6569.034759578997,5825.173220393974,4691.226416692971,3932.350631753398,2324.593279036872,1501.4166343414595,947.1282372704529,2192.877199171882,3162.8388939172305,7793.5280408582175,7029.0490872530445,5931.810285911524,4668.4468696023005,3482.837680089231,2867.5441021172123,1266.0205805728222,1532.6452334112855,6743.377780340878,6010.75599807975,6154.5150422435145,7154.834413445394,7818.654751648964,8466.794073197098,9548.969185798423,11002.928265541048,11662.436552824029,12550.318481630566,14069.404843602662,3768.1392949755364,5125.354489944218,6308.265407241248,7133.998150361465,7806.39319641311,8924.602546830522,9992.56071950498,11113.081701937832,11737.717674172325,12611.034707460944,13732.37663846149,13754.42174908652,14215.025955962035,15184.609533244067,16210.006227167878,9247.959809032902,8712.85600676481,7794.439251269911,7806.654095291767,8147.272467478857,8668.955836272316,9274.492740261476,10317.829241435247,11496.820809925744,13041.880953043854,14312.640907675934,16606.150453043043,18128.22396500041,19240.740513703007,20849.84540310021,22745.91302265235,12724.05540189779,12142.082228294958,11475.269180224348,10938.873183495563,9834.535615846215,9095.102931983512,8765.894893847619,8134.730716519723,7597.947991415979,6865.949701027172,6207.518357652076,5600.265564852762,5345.671425884519,3851.958865663329,3699.2912592977614,4018.597727513848,12398.597869001045,12279.252979724719,12039.655358619697,12920.234309557243,13209.362276340364,15412.43190790983,16795.505559354147,17484.852267284663,17973.83013677596,18583.978603900025,20080.606154999332,20658.79855736148,21556.890627573302,22416.638025183875,23103.648351420947,24340.038007703908
La Raza,10230.837558701787,9032.760389472072,7685.930061162855,6688.695880876115,6192.459145222412,5639.217388092249,5073.738494191967,4743.49655705981,4680.279148720694,4759.048034926801,4819.523686001207,5034.677484310683,4860.213291361026,4954.954716148162,5645.998388133655,6372.692075870554,7097.38045550859,7757.017529929038,8634.726032141736,8970.109183898965,8023.7864178336085,6815.179979840704,5259.792575256097,4669.145665978449,4235.294354761867,4065.183073178456,4035.278500060917,3789.6099969722613,3695.60451188892,3579.376305768193,3674.774948032532,3727.1664121593262,4106.558394101586,5906.355520502614,6670.122283284153,7567.478943570026,8197.594242022744,9033.115533703429,9928.53101042983,10995.068296527916,11873.55808044232,12840.902559058255,13845.818877019772,3578.8281583427674,2189.310381758085,1117.1561305065045,0.0,1592.599782540534,2763.9815865324654,4055.5014403668156,5615.2822557945,6306.986722049273,7026.8139790902405,8281.721440698522,9361.207385687336,10207.297745816628,11209.64686817293,12367.128018523532,13323.694358230077,14248.994406175361,15251.112839166679,16438.74848054606,3832.87976033129,3329.3066434427137,2909.9060532085823,2969.375836347031,3318.3733949741377,3934.087345930184,5621.495337655435,6762.917582444615,7415.1467071505185,7449.057991763012,6613.89188959517,6068.304395270601,4943.945019044582,4049.069585332055,2317.40277168281,1126.3132159339473,1064.8735651589975,2498.8121499498434,3569.9886190830894,7501.71169677616,6601.660380591783,5498.9111391497445,4336.768611243339,3249.520031989011,2874.523314389556,2107.5844382268624,2587.332485602799,6241.33181963537,5347.016244268106,5334.904837323436,6103.181983809775,6718.0766511267875,7354.080732828239,8432.857588769699,9914.264713209132,10580.368293838996,11476.92118876856,13011.690012010038,2876.8665601261455,4222.1799039112775,5395.654275579173,6226.721406309653,7103.957762889796,8347.638642747928,9400.669053460231,10521.49989584612,11149.960358866754,11989.975299118329,13151.670661016573,13237.311878623705,13746.456125086152,14775.120797309924,15855.774898091757,8155.282730231114,7652.600466498134,6891.135516624539,7277.331621293776,7745.383472841561,8403.117672374454,9095.34035038667,10230.119442818599,11443.666911388535,13024.91563812479,14318.981281976032,16638.13286702962,18164.804781465347,19296.61429926636,20970.854179095335,22881.024056978655,13799.66038716721,13206.401299613162,12522.783873715198,11969.045056778888,10810.856046232431,10010.144591289734,9643.28286447764,8898.265784869425,8223.90461148152,7426.036889937226,6605.406811066768,5673.6202033379595,5211.740711626456,3371.2913018106146,3004.7599823099044,2923.786710299027,11354.75348104127,11265.24573611762,11088.907166327977,12012.155865907229,12486.483277524576,14755.174730659108,16161.36406424618,16876.89891563806,17428.712649303547,18088.776472915026,19607.44708717855,20216.68007691032,21163.15318316185,22070.545955870544,22796.826817987414,24051.501040025363
Tlatelolco,8797.46923870268,7549.879119993351,6220.262453622071,5229.21449287234,4693.572332277425,4089.93147242123,3484.968774582969,3153.2452159906,3123.607978030505,3269.025423704795,3416.857902776932,3778.536250384705,3778.4146190486213,4032.084977018801,4740.160096487628,5538.500892843738,6317.945288319705,7000.201057178318,7911.886364140468,8413.047907685508,7522.631334976168,6294.053833645501,4740.26078756038,4043.0620810633495,3412.0305000680078,3042.808165197971,2806.99172838608,2387.5731784208087,2141.298548834485,1987.6304504732398,2136.064990824836,2284.061585078173,2764.5280528548415,4446.783488851212,5186.768386552409,6065.906967786572,6685.856584397915,7512.335114327258,8399.670286243472,9459.13007075299,10332.458804692194,11292.92286242402,12310.816449956646,5102.498672233719,3692.181518649436,2632.3758257896575,1592.599782540534,0.0,1174.473394219354,2465.3021921950326,4026.464910897647,4715.431259202388,5434.789067673457,6691.613543415313,7772.483777638418,8617.767767021449,9617.767715658269,10774.531472478018,11731.523370758918,12657.954059914853,13658.565271426109,14847.806389913385,5016.345198523792,4258.018728791496,3446.9982992378423,3070.5683953313305,2944.9813489356115,3150.166024935309,4430.654260134585,5455.304445028279,6089.296158523911,6861.192436293182,6230.493914196871,5997.186660745788,4967.316165998455,3977.68296482316,2465.858160303526,1570.4781880994358,2604.049521218677,3927.667293527256,4991.395287300686,8107.476943092296,7049.954385021243,5993.777932887987,5050.767575438802,4186.44339504157,4076.5714102799,3699.6919986667476,3912.0297121719564,6592.380386075498,5474.89352243871,5147.251632732374,5206.807317825463,5562.077721002479,6087.545510934984,7025.421349331176,8379.58789487097,9033.951958448366,9918.527791526907,11438.271419982259,1407.3481759206686,2688.675298843947,3841.5693598408798,4671.190833017837,5724.068173023071,7087.979989631425,8110.794014726174,9221.178907821506,9848.698799550162,10648.856185621664,11845.205610872861,11997.44180923323,12556.663055970506,13645.605137035627,14783.75220698175,6630.52395178276,6080.785931566735,5335.101011907447,6094.185820781458,6710.573068977883,7528.319591123838,8318.86718999758,9552.716328665074,10792.508497408564,12401.597031577583,13713.34997177684,16047.806535598553,17570.704453269496,18722.11697228897,20476.78120151212,22398.295771978585,15005.02631678272,14379.738879313421,13652.670668849363,13057.809969206051,11786.222468879978,10871.38906172478,10439.27294309268,9509.505211430642,8630.224827556196,7756.0155412674685,6728.870233589509,5385.239907582776,4660.957992054045,2510.0545076819117,1847.520673144482,1436.98877197103,9772.423302396266,9673.676929387957,9504.156490064091,10443.437442015296,11046.937306144375,13367.10582981631,14790.636072284437,15529.033208417708,16141.309096466948,16850.845411257684,18388.17459226072,19028.82792667106,20025.466435526854,20983.67694794293,21752.86525726301,23025.42553613045
Guerrero,7844.864095236567,6547.21674065495,5251.395026259808,4283.404325226704,3701.5048788265735,3025.420196593376,2338.7444301462624,1979.5598111909844,1974.7155634669514,2198.876860119716,2450.740458843883,2965.492877344583,3155.7200689611414,3549.936944025812,4225.772248059424,5049.195586463505,5846.272787174151,6526.679660250725,7443.994202322593,8068.035517563326,7467.155066986461,6262.63918503372,4790.024130144351,4057.9473924490053,3313.579124466228,2785.880639013853,2329.4123835605274,1703.4386001222892,1141.8780872478114,816.9837475767374,1038.6485325083604,1347.275469985127,1926.417556599861,3385.7355280101215,4093.0544788769075,4950.008382101429,5559.043565795415,6376.279983407977,7256.17957220694,8309.598533171473,9178.926034884058,10134.694654153596,11159.89021924697,6221.602284080104,4811.655506097569,3771.4818110145893,2763.9815865324654,1174.473394219354,0.0,1291.541015129351,2852.159244303016,3543.2169951739847,4263.487843956925,5517.934686863799,6598.261550324454,7443.829602793155,8445.96240705105,9606.356269520147,10566.49104005399,11496.614936062624,12488.961243774223,13674.779653660396,5953.112254980999,5086.13348499591,4120.629920651508,3530.7473884442234,3088.1883759004677,2900.7102165478964,3653.135680850153,4527.43985544069,5132.618928643696,6531.404469813438,6087.510563324251,6102.252002091787,5195.0379878472395,4214.389581538407,3056.030875193576,2520.4332609468383,3776.647537391524,5071.1987387196405,6124.879133813302,8804.795813695364,7674.310051445418,6674.964429077327,5882.132917346025,5151.771691901245,5146.9688691258425,4871.531037721557,4947.038417572505,7169.469297088553,5952.177561944125,5426.376199522964,4893.68345488743,4969.55764874876,5358.157874729982,6118.317756994895,7307.223449205257,7944.28212088093,8811.10483039697,10308.177104712637,654.4909600408646,1577.0195646304733,2690.3061305169776,3515.350898474965,4722.198908274419,6176.870940280016,7162.24302184608,8255.404178173745,8878.367361783095,9642.895942736777,10861.701084146103,11065.216848413249,11661.048967910483,12791.97463794037,13969.628356133167,5579.556939576263,4961.5952604480135,4177.240974060267,5269.723137436715,6005.557965699303,6942.644656393873,7798.751080729982,9091.56228832621,10335.385300651216,11949.358137566755,13263.902691202136,15595.122716404356,17107.619280840616,18268.865954586065,20077.11908474795,22000.969241974464,15867.301299537794,15221.37341710264,14466.589307195729,13845.7843719204,12503.487451262874,11518.06490613785,11045.792793635283,10001.606040369925,8996.081834163435,8088.1322806419685,6946.007814627589,5356.657184655537,4466.3892411383395,2299.821973710591,1476.2626559749776,842.5715907664918,8629.534740661802,8511.26493070558,8329.774204280548,9274.370597680623,9963.967226825842,12317.519599837171,13751.147084871847,14504.976471730592,15160.579278769088,15905.280665993963,17453.33403755587,18115.911728010138,19147.609549320285,20141.437489437252,20940.777934688474,22224.214622176394
Juárez,6834.339138605259,5483.540877520577,4260.445713671025,3361.6318030198213,2731.277057980172,1957.6643109928918,1115.1305142915396,688.0253877115505,844.3156342276142,1314.417207146447,1779.2721655753135,2500.4691642180305,2959.56578605635,3492.022723536593,4058.4496876111507,4856.076327457885,5634.614465855661,6285.8058233694455,7181.701767589448,7937.692824137048,7556.506939451702,6418.265609131739,5105.03621615657,4391.428160372886,3609.1161085300373,2992.2076903615216,2372.997011355442,1677.1376065148143,884.8024827229368,481.2586798606386,707.4294780586185,1179.2306831044655,1665.3970182257046,2392.532051975805,2999.415401871619,3794.1700500484512,4375.413434960304,5169.854159957265,6032.635427800751,7072.677063098564,7933.572283473095,8880.050937543818,9916.91926422888,7484.901966293797,6078.658960192674,5051.24059667521,4055.5014403668156,2465.3021921950326,1291.541015129351,0.0,1561.5459636488742,2252.2348458221063,2973.0744969837406,4226.442527985942,5307.2498395659695,6152.479646893512,7154.854150896654,8317.647338772613,9280.336646751832,10213.70583837909,11199.021056292724,12383.24789372913,7093.551222980328,6161.1559451548155,5112.993940211162,4399.70631428445,3746.203762298133,3209.3198451586663,3161.8410276554146,3726.177777751868,4258.7565964945325,6464.257378889798,6250.0043153446895,6523.969898702207,5773.108427699276,4854.645926490747,4048.691538130247,3734.641719499411,5063.842996663477,6330.637307137749,7372.754306564855,9634.205768976823,8450.070579320165,7521.895043798096,6876.723460186509,6268.780573919462,6347.042469859891,6163.018492296614,6163.257038380287,7909.857480356505,6630.008793345518,5936.024415975655,4801.738889655881,4523.717179907317,4708.373465121798,5196.576661019283,6140.443072927611,6751.370895586846,7592.714028109213,9059.828956844089,1409.7345480726583,737.4203859189183,1496.6721207362498,2288.393119102934,3784.605824784894,5346.0209990047415,6255.074845295687,7308.353792054328,7918.537289805269,8625.360403817482,9869.138613632753,10142.850758737037,10784.776432173241,11964.788153618434,13187.414496670535,4458.974634586649,3744.2157028289676,2938.207743735189,4600.244035794992,5480.130834145189,6546.065224988123,7462.6539930712825,8801.077483039928,10030.066326338525,11630.514430329597,12936.125856588542,15246.968392826497,16738.978347515847,17906.35951806162,19769.65723407107,21689.71695430515,16896.62011206597,16233.299151569212,15455.18427593742,14812.584698364963,13410.836819001499,12365.762514165615,11859.491334237908,10717.287246926517,9603.867823425277,8678.85983324725,7451.417572531416,5674.761513812238,4662.163876282856,2765.2835172115347,2047.0517271515196,1516.6059171847032,7368.059223576873,7228.082647986632,7041.115612801089,7999.66090241379,8830.341661372457,11225.364029899954,12669.394054159218,13442.745593890086,14155.424519038812,14944.784709894859,16502.911909699036,17192.257454156483,18266.306266818385,19302.722701669685,20137.829635830796,21432.0253101441
Niños Héroes,5829.042842734198,4428.609558896477,3421.401680876431,2768.792501077181,2170.012819893963,1441.1651891920149,821.6194055994295,874.810265140369,1104.8793655112904,1495.932955862262,1978.287838049821,2690.6365393039987,3360.168957911843,3949.850718100363,4312.887268188819,4994.7723680989475,5689.227233524851,6263.859249312319,7089.184338809534,7979.422722886682,8022.992419905013,7002.221688496187,5919.339830707744,5271.112833477296,4525.277549749644,3910.243493941469,3269.9472456922413,2721.7270362377044,2174.5697328257056,2041.5886428750807,2040.561083361355,2271.197702013901,2414.866999553613,1720.2357916848075,1945.901692411141,2517.137539882489,3013.8529331344334,3746.0474934106396,4568.786348054559,5581.085119798575,6426.504131674962,7358.094905582647,8408.787778506012,9008.73106161625,7608.9197673081,6595.986681123883,5615.2822557945,4026.464910897647,2852.159244303016,1561.5459636488742,0.0,710.1785126728819,1428.2852550248601,2667.0071658462166,3746.1163650748003,4592.02607956905,5599.59182594691,6770.474827614155,7739.492806115694,8679.948725362141,9647.240722438908,10824.424524489554,8499.976410928884,7517.7678053402515,6418.061694141602,5627.435333038157,4843.03162829868,4070.0600558384313,3148.352176586151,3136.927723483254,3483.158685560356,6644.758275853832,6705.401668141293,7245.329941201196,6682.682586498938,5865.824945623762,5385.4277395957415,5234.883190548238,6625.159655076805,7878.416154796445,8912.068414139527,10810.387945648974,9591.023931434052,8740.9037830657,8228.734779549442,7720.702988690209,7856.879822279338,7722.371891857293,7645.7407918172175,9026.83452169173,7717.4859455375445,6892.802281226972,5215.301982611125,4529.005006792935,4406.039143573133,4415.142927208537,4865.269618713426,5414.295466097434,6197.010723001674,7598.367041368655,2866.6891792273454,1591.635642817052,732.3701647187563,974.5230368703333,2946.6403410657767,4557.564205366846,5302.952515421468,6262.871354014779,6840.515400026855,7450.285680473928,8714.820050460788,9084.325625503378,9782.545207452138,11016.497162309071,12287.57360904041,3338.8678270218993,2429.9342225197656,1510.735949197562,4119.1016921832015,5134.560565454519,6310.507499850715,7264.716428946609,8616.558693198393,9796.301395372193,11349.83444000662,12625.46213749516,14885.696729529009,16339.762312217012,17506.596740981222,19426.925428083505,21332.761344507642,18140.79106065897,17459.792166178006,16658.165747120558,15993.824860432593,14533.47159023438,13430.282983509827,12891.264483245468,11655.074549889203,10441.635994598466,9515.56585642812,8228.438308914478,6327.997253637837,5256.609861498086,3818.477233069417,3291.830564554717,2967.7309743727446,5886.168538264884,5696.809518242839,5480.031402913091,6452.732130917257,7482.182182899418,9920.22478141324,11371.151307111555,12167.330314766867,12952.885074441616,13797.546828318968,15362.061163699824,16083.38730208565,17207.8678892862,18294.922916174517,19172.526735890024,20476.05891431991
Hospital General,5299.15598801599,3896.734588734934,3033.623006592967,2561.449677057512,2053.6199752989373,1521.4326254606626,1331.529670110287,1565.0962469258486,1799.9545605337344,2118.9431176925127,2545.87452700472,3195.940690427368,3890.887009315332,4476.336199611239,4765.407713525936,5388.344640441075,6035.6227745293045,6569.113993660901,7352.307486774406,8286.717710053466,8135.03465617954,7181.3702436353615,6219.502994507146,5612.845795250025,4901.053608250944,4306.776606663562,3686.76203201645,3221.4504407615914,2779.7827274794977,2727.808128061374,2750.7144859352,2968.004038939822,3064.6255189951003,2000.4375041021328,1940.9168579281907,2254.5764966286415,2638.1580933223245,3282.2077362754353,4048.395661142961,5021.143602813527,5844.571592636494,6755.364418737185,7819.5867594622805,9716.670993491818,8315.588839065716,7298.517970890014,6306.986722049273,4715.431259202388,3543.2169951739847,2252.2348458221063,710.1785126728819,0.0,721.6421399720604,1979.4890711660985,3064.2644915519395,3905.774919340143,4902.745837144712,6067.227567642665,7033.559479372627,7972.107387376154,8947.132947706017,10132.504839729623,9205.050737674932,8217.319525642592,7111.71265875386,6310.852436742591,5507.291063520931,4695.421558261658,3557.558228309336,3297.031312261172,3519.10268886309,7022.708303876628,7179.6252559603,7797.893526239013,7291.539836577891,6504.883507715812,6085.464894330415,5944.381094750358,7307.033395317246,8536.516223393197,9560.394973164375,11237.30149239357,10005.675938746144,9199.162569350607,8758.41447779971,8308.696099555242,8482.398989435322,8414.569060526917,8355.91666977915,9432.82989062721,8118.716978428529,7241.91255600602,5355.954351360898,4509.353293221394,4246.470436759446,4019.302055038179,4226.65102014036,4748.110336737973,5508.98483496239,6893.066391973215,3576.605001892769,2293.0701000413637,1279.2930173302457,976.5670602718989,2980.5962495582207,4539.168668535714,5165.672393179472,6048.28135439408,6596.855146032542,7135.503952360497,8403.65963981205,8831.710523752712,9559.453619237765,10817.879574789366,12110.430003102643,2801.3480614465702,1813.9992397456797,1188.6668396935347,4280.423927525624,5325.492980423774,6524.580034441962,7480.112125435127,8821.892680669203,9969.297561754116,11490.969306448098,12746.000429992624,14973.408762598854,16404.963391816636,17568.372222520025,19511.100575498484,21406.706947989605,18811.919261378953,18127.059511458065,17320.191555753325,16650.911682944232,15176.822909042405,14059.470738806755,13512.294989301528,12251.946552709336,11012.464781466522,10089.487306478823,8790.909498960904,6868.757946541098,5794.115195215661,4484.9001892822125,3989.8347425636125,3593.1456851181088,5178.404783834569,4988.111266418577,4808.705500903767,5816.554890935176,7040.7759376332115,9498.580989750064,10949.20933806782,11758.933950518847,12590.98089936931,13468.526547981613,15033.114964742075,15772.452069215235,16924.782165322107,18039.25206702913,18939.49040635081,20246.163149145028
Centro Médico,4891.231418476662,3509.0465962860076,2873.3479612999167,2643.5145416383275,2272.9388407385536,1967.5320522677455,2012.179150421304,2286.4255247378924,2498.20890198505,2758.98040263936,3133.959681286829,3717.4944820517485,4422.009418497532,4995.940738585734,5212.030709632299,5770.797370887885,6364.759863480717,6852.221057563925,7586.375152420839,8558.364005562642,8404.77499245193,7519.4976334772555,6669.845061387468,6102.219839903563,5423.916596200592,4851.957094315448,4254.922988299785,3849.4149372380925,3468.657270507956,3447.439841324969,3466.1164805509125,3661.8194816367018,3712.211815311156,2395.7327895913027,2095.1091822011954,2099.3999068529915,2317.4390813430027,2825.911925911015,3509.2838412836804,4428.229526855561,5224.229859464624,6111.52362251704,7186.004061002581,10436.932875172295,9036.544988177684,8020.159784520956,7026.8139790902405,5434.789067673457,4263.487843956925,2973.0744969837406,1428.2852550248601,721.6421399720604,0.0,1271.2736699830386,2356.7659753576845,3193.0541908928744,4183.001813499714,5345.606542393779,6312.185062476344,7251.704297585615,8225.959573812283,9414.323998304235,9904.888420362273,8908.056004362772,7794.484980695359,6981.126954555941,6156.823358395348,5307.6980325129025,3986.7583233440114,3507.859342269041,3600.283625217745,7373.969119847875,7626.033307378027,8321.302576258837,7875.829551608928,7123.972064161004,6778.298091674367,6662.840007356151,8023.234838694764,9240.798995803594,10258.686089574232,11770.974342051557,10532.08932362675,9762.633314681003,9377.312532996044,8969.589063036155,9167.546638090322,9134.32809933814,9070.75839238195,9953.752585598653,8640.28433429257,7725.367834604115,5679.4179912501195,4700.478965658117,4303.632058186723,3811.7499561284585,3667.6882037869873,4137.205717784136,4854.545094893863,6199.231026101746,4294.193747435063,2994.5782451318714,1910.5896613884224,1342.442667242431,3085.5022927512596,4532.901761630266,5022.975092190014,5810.957695896861,6322.820964817727,6782.604080364283,8045.863713851819,8531.237176733272,9285.172178971066,10562.80983035411,11872.41876070559,2440.927008498926,1378.195789821704,1154.0040443120954,4459.753925533591,5511.995205667815,6717.681620558156,7665.288370847083,8987.21522314268,10095.457201956808,11578.063672537188,12807.750112400392,14995.698472895316,16401.30700236981,17559.143278975655,19521.785708991694,21404.61483196803,19458.84168980426,18769.072920351326,17955.670695924968,17280.357052217383,15789.977460254362,14656.407724446293,14100.12288857204,12813.500020393438,11547.045097498505,10629.192023246702,9321.483219784403,7384.053684211979,6312.4755162584215,5140.122867758343,4682.479502498057,4287.1587952020545,4478.511275067436,4268.628000440484,4106.571292536051,5143.622498779883,6557.590014118838,9024.100860831326,10470.120149236389,11291.19924713491,12167.109522873528,13075.205681250396,14636.94381039048,15392.774962935813,16570.76650379041,17710.71658649193,18632.150019880555,19940.43344045946
Etiopía / Plaza de la Transparencia,4676.793992580403,3435.2678824353607,3298.9537285384026,3432.7836467270563,3245.4337624951627,3139.535191688152,3283.0734184956405,3538.425532628558,3681.8063404839922,3844.5805379432063,4128.951369956493,4587.809601980736,5282.693939057799,5821.545551259702,5908.9411732228755,6343.130465160868,6829.766488230665,7225.490256084226,7857.850253628378,8878.895505490651,9243.473507753255,8455.710025457323,7744.803310384885,7222.524616194156,6581.770566688619,6033.9943805761395,5460.105855035456,5096.490661613253,4739.563947874867,4704.45633379096,4677.763565349634,4819.962479568471,4784.244338204644,3180.3736245679765,2603.9127177623927,2117.2464330588427,1955.1145430216677,2072.592105211334,2516.17365924606,3301.3377254351767,4041.9882993503134,4891.051577445854,5975.004685116338,11657.013398519843,10263.223128916194,9259.240289221692,8281.721440698522,6691.613543415313,5517.934686863799,4226.442527985942,2667.0071658462166,1979.4890711660985,1271.2736699830386,0.0,1085.811387700673,1926.5815985568186,2935.882630645749,4119.369664212047,5098.451639705932,6050.3189144973885,6985.830461898661,8157.426691529033,11048.579634424937,10029.250289550651,8899.551108829959,8061.3415667548625,7199.191126724029,6288.680797401926,4701.32691881728,3911.095445004699,3783.640483217064,7855.566513435301,8272.39513830079,9099.912477456599,8774.281747856492,8097.010893065503,7912.2104418465515,7876.144769745221,9286.014035033542,10511.549316512102,11529.949074396312,12914.151964323819,11670.302760860664,10940.43158845183,10605.415586532443,10227.490851271767,10436.456537588241,10389.053266074172,10264.855001443824,11087.705232959817,9779.228358089043,8828.489745647748,6622.948426639358,5505.109796588909,4944.5299936634265,4065.5620441412416,3150.283245119106,3431.2486044629723,3974.7314807947746,5147.187774330317,5509.542222608412,4176.725299127567,3023.831996651701,2276.4524036093544,3361.9002759937325,4495.00997444209,4713.691755141001,5297.0272214651495,5726.959955711861,6034.916760956151,7268.645586579634,7846.393621970728,8635.999428034565,9933.242978547343,11261.057309887688,2569.45315624715,1667.6282934526278,1738.4750341500792,4744.451330378802,5759.119004404248,6937.654689889054,7849.285106188512,9112.744775327434,10136.429698128413,11533.862496866184,12708.26803079544,14812.428298494215,16165.531516676027,17308.66732590594,19298.86708737917,21153.863555865475,20453.38779702042,19752.863362741766,18925.390902088573,18237.329353824516,16713.448516641514,15547.607972262113,14973.668230105983,13637.43224545504,12323.138205478135,11420.594453260404,10104.51846480958,8158.482723613631,7108.42426121959,6204.090505684138,5828.274144099657,5558.364020998908,3423.074266622227,3090.878017491878,2835.405643421939,3891.8639580662743,5585.813472270401,8041.481439942187,9471.369107805029,10306.24603241259,11247.274175124365,12200.050213631719,13751.287249629459,14530.754352925136,15745.961968915433,16923.456379333158,17876.545649695778,19184.315398518902
Eugenia,4727.0021818372925,3698.3853280480553,3934.492514326397,4274.298061655962,4189.113095126337,4178.051529352976,4367.775917413533,4619.502097919034,4736.826559497289,4855.913078643074,5092.6674215451985,5476.436546122866,6152.191556569827,6660.753818544159,6664.935632411468,7006.990848939149,7408.099726015839,7728.669731702294,8271.783096512092,9314.917652556553,10008.079200364906,9297.250351001312,8688.685934510806,8200.112373474545,7587.362362596692,7057.583118467701,6500.488129046986,6163.9820631035,5824.10804511349,5786.275943628542,5740.269787931803,5856.624561287335,5777.961490230782,4069.5671265712513,3395.3641410482387,2692.51513034118,2280.285093727538,1959.775471069365,1978.211622624311,2479.576561862926,3108.9495978503683,3889.4125114883122,4979.628753955503,12715.26186529404,11326.22228396921,10329.923099906156,9361.207385687336,7772.483777638418,6598.261550324454,5307.2498395659695,3746.1163650748003,3064.2644915519395,2356.7659753576845,1085.811387700673,0.0,848.4898631423672,1884.2868307431556,3087.302285660871,4075.458292407739,5036.642297717829,5927.66449335243,7081.980882531227,12058.774602148367,11026.722794774409,9889.57091433603,9038.696924591452,8157.455912568238,7216.634027440284,5496.859306072902,4545.046459101016,4276.473427127146,8428.10481596761,8958.368599293924,9871.088154584166,9630.032884944767,9006.277884988647,8922.929067266967,8933.40561770581,10369.130949276405,11597.34235145777,12615.085699112511,13893.773003422239,12648.056560117926,11949.40577451368,11653.24041326606,11299.32663143865,11518.27178596155,11467.984709321556,11308.077401098442,12063.315457721681,10761.40583436316,9787.503638166414,7485.786449551132,6292.360569758454,5637.653679326771,4530.027048052607,3041.7490884097397,3090.090089481082,3391.140205304067,4316.870742223917,6571.683138313086,5228.144674098503,4058.8087577869665,3272.4009199528186,3950.103419227941,4774.0826114842985,4747.881505399697,5109.359989920665,5441.214389398223,5582.791136309267,6757.506884873291,7419.088543985918,8231.561770253065,9531.508616112376,10863.826541161834,3088.3025429492423,2448.578482516604,2665.8452779961194,5255.827460109572,6204.632172150085,7330.330131059292,8194.816741916975,9390.642280660528,10331.344847625483,11642.295064475777,12759.39955798633,14776.986396828379,16077.135695795792,17202.25130044482,19209.02054023131,21034.00368011319,21346.55259184512,20638.77946537725,19801.851193495095,19105.265237074214,17559.07046976124,16371.813750076142,15786.257453301974,14417.46920253493,13073.222454023466,12186.153246017439,10871.623604708677,8935.026070258145,7910.790165255416,7181.494564342598,6853.464639705409,6643.369542150544,2645.9664555114155,2148.3019324669376,1751.679304841301,2847.1377919116176,4895.439532534007,7300.423776505489,8700.858504833888,9544.97811754748,10547.64421567812,11540.081957283654,13073.75284520548,13873.331046820016,15120.204001156719,16329.734558452938,17309.887187288667,18613.69720529888
División del Norte,4787.027166713151,3963.295151338569,4445.163960045659,4914.179891974527,4900.58993067621,4960.217631350485,5199.223968382919,5464.524858427606,5584.996924651926,5696.356991630468,5919.047721216627,6274.32889302485,6939.4458373225125,7432.6708145705925,7397.458046591429,7690.134079486643,8041.325834091889,8315.791158139446,8800.168738054803,9849.916956315777,10537.087544447975,9891.860794974802,9370.83807347092,8913.002144947553,8326.970617721376,7815.133959740218,7275.372058237223,6967.829742734152,6654.120600204977,6630.859149579352,6588.741717107241,6701.910844478676,6612.406161306499,4875.356036939308,4173.6228100842945,3406.9288522231773,2911.789460358415,2388.38335530523,2063.167828378067,2164.8435082979013,2590.7330386432773,3240.9383525700987,4324.5935195105985,13563.238452158663,12174.620670031441,11178.223861094164,10207.297745816628,8617.767767021449,7443.829602793155,6152.479646893512,4592.02607956905,3905.774919340143,3193.0541908928744,1926.5815985568186,848.4898631423672,0.0,1049.8447219842521,2259.024907103687,3249.0870428812204,4213.415878212164,5081.312306885222,6233.973030188729,12894.673017786901,11858.519741172488,10719.217332239787,9864.233422771013,8976.561420060365,8025.169016059896,6255.235615961405,5238.315102508676,4904.090521871818,9051.246796467518,9643.226447096376,10598.995090336875,10401.481301205748,9803.736654222073,9760.101723468368,9781.408891422636,11212.57941686981,12432.239964570326,13445.460268418645,14597.84308446042,13351.917549299968,12684.087681249737,12428.558726199355,12104.423081029478,12339.80683419884,12314.374478356896,12153.563708893711,12766.020314303354,11472.359120504789,10479.608224716783,8107.053909796637,6865.176239590991,6149.54019642948,4903.602752497174,3072.4549330580244,2921.7630723748052,2981.2055350338455,3646.8582227932575,7420.126140726267,6075.89983514252,4904.843385139127,4112.546759222205,4632.495144290751,5268.682488358934,5083.826837887688,5270.662260787198,5514.492253618186,5509.455294552919,6607.099392411384,7333.619742683336,8155.652341368843,9445.029003168578,10771.18010469345,3560.8129057090973,3110.2926222663555,3494.3672938195914,5874.905872658168,6772.955476937478,7853.876831538293,8680.430866742161,9822.306587150726,10699.823808385792,11941.630974658237,13011.258240576311,14955.647519207152,16210.832998951637,17318.71730325293,19333.48082407893,21131.472043387097,22127.25880279032,21415.97880690123,20574.449242397186,19873.69813781479,18316.49956388504,17118.550103686768,16527.174988541952,15141.9294551748,13782.923971276216,12905.981947355316,11594.93492604626,9668.40979877337,8660.579355844711,8008.84879274855,7695.730407126258,7474.460492882615,2089.915709506428,1434.6618593193182,956.496809752953,2143.6766760552864,4609.953603423093,6919.681512272594,8277.036557076532,9124.861950489572,10182.655251348739,11207.893902353639,12718.493327438695,13534.142472312613,14806.400156739051,16041.746957359259,17043.757164890125,18341.21807989423
Zapata,4812.689159027669,4274.2860100270245,5016.810492255357,5625.325497263892,5700.035316097498,5852.583071135055,6169.545266923454,6467.257040374247,6613.589202524472,6740.069266323646,6968.408980925377,7321.40678261994,7983.3794677786045,8470.91738014239,8417.654662765513,8681.6816509482,8999.21877180427,9239.60674551531,9676.411051792102,10727.399759647964,11043.49588683348,10489.596674004233,10091.433888196003,9679.553871107782,9135.206045323846,8652.482763007254,8141.610065326285,7881.687010610646,7617.008553657352,7630.302125601455,7612.849813071586,7739.625630636252,7659.726305272087,5924.3160508736255,5217.199531852187,4430.989002086989,3905.311133684929,3293.1081960852634,2763.2814263559544,2444.875861108082,2503.6870416517613,2842.799800840932,3853.739149926405,14591.421625178857,13198.83765976602,12194.484813020468,11209.64686817293,9617.767715658269,8445.96240705105,7154.854150896654,5599.59182594691,4902.745837144712,4183.001813499714,2935.882630645749,1884.2868307431556,1049.8447219842521,0.0,1209.3085013131117,2199.352688961646,3163.9438163270997,4050.088645572206,5233.332400450441,13941.558193209714,12906.992119122127,11768.212050233236,10913.851181424663,10026.386476813888,9073.997348164787,7289.08760176058,6243.249610331815,5873.553421753845,9999.099010256705,10632.144308204295,11613.184731957348,11438.008238760267,10849.857645604823,10806.230015979016,10809.91035614647,12204.17969850466,13398.517157367874,14400.040023847823,15332.935314963914,14089.528980358902,13470.070049589442,13280.06357653226,13008.562330210962,13275.849086547487,13317.208434741615,13190.487370075098,13503.427729810739,12225.802600388533,11209.16915640306,8753.324924168459,7461.847092263338,6681.314117330179,5300.500622534499,3176.7553512774375,2793.5231244648703,2512.165129399312,2761.2353590735984,8444.662822064554,7106.747516357521,5941.368439970331,5156.398768685461,5634.583237194809,6144.6930275772,5836.5726128536135,5860.113114368126,6009.085156183042,5843.637811056618,6822.5915896980205,7613.406923256205,8434.213429055808,9695.588747704951,11002.15614733177,4125.916120734208,3896.244862234234,4542.971959903596,6832.580506353016,7690.253383881382,8730.907950808358,9522.115116456602,10611.555828945331,11426.833360310673,12595.857676527636,13612.861873029153,15472.831295295364,16674.862439763532,17760.35404979232,19778.993391188706,21542.900345899874,23165.84581982829,22453.039932253963,21609.427806001662,20906.72168731477,19344.071929168553,18140.484346123154,17545.93109147794,16151.316969674517,14783.74076419128,13913.70928625098,12605.664082329167,10686.474174760917,9688.066639480627,9058.180433422474,8737.71516300067,8437.771397572888,1509.0938096997932,689.9729879260492,724.2532509853716,1745.6061474775456,4714.816838577628,6824.771156936857,8097.933821410217,8940.799535625456,10066.223916205123,11128.147361755227,12597.018976389243,13430.206833376018,14730.784999375845,15995.617067255385,17022.936164306226,18308.018555309936
Coyoacán,5092.239172259548,4873.38181792049,5824.5474648149575,6542.802536329331,6693.658971583635,6924.593705613567,7306.66636345586,7631.8216106599575,7801.175611780349,7941.908380386002,8176.463318212569,8529.624721700582,9189.528076805702,9672.873499251513,9605.511669544527,9845.656596098965,10133.884156366059,10343.802510164352,10736.481965804891,11785.349964719655,11695.652894497807,11241.038927262243,10970.619987594124,10607.117341922285,10106.920107979515,9655.102531239821,9174.570319648175,8960.59789932021,8742.374074621785,8789.491230063615,8795.221984098842,8935.080439275824,8865.191170685914,7133.498035350079,6423.645940247938,5626.113422406431,5083.240987443067,4423.694410218142,3788.0850096668087,3210.534477767662,2935.6186894458338,2857.8089936161055,3651.801214785839,15774.407437932708,14377.956878588458,13365.634767131995,12367.128018523532,10774.531472478018,9606.356269520147,8317.647338772613,6770.474827614155,6067.227567642665,5345.606542393779,4119.369664212047,3087.302285660871,2259.024907103687,1209.3085013131117,0.0,990.0630287742986,1954.7214226161782,2886.9624367214883,4122.404467827131,15145.99554527567,14113.562733567614,12975.561751214906,12122.238554539686,11235.564033548593,10283.092141118215,8488.183894461767,7421.801399516094,7026.3471590997015,11122.945442608572,11791.557236185374,12794.104649962708,12637.996351017013,12057.291646233107,12009.95625398001,11994.528951015569,13349.760090389203,14516.732708504813,15504.991845104336,16205.455645834621,14968.386795579048,14401.40746848481,14279.842034692321,14063.192058411341,14362.91828486682,14473.620590996275,14383.427512930968,14384.020366201268,13127.777809834288,12091.204233903765,9568.611481434555,8243.289148398098,7412.453225396837,5937.027794435653,3662.748058613945,3089.878039565145,2439.4131053138144,1932.031537083835,9626.704226702353,8295.970211381584,7136.829479588672,6359.030405111243,6812.3055919399585,7222.540967078713,6816.144155432343,6698.170885130884,6757.668700255622,6444.069732503527,7276.736280290815,8116.842976260019,8922.006100592778,10136.015847251148,11406.974041938747,4958.983738173886,4912.7961827402,5750.325020865131,7972.75857731135,8793.848649472375,9795.225811264641,10551.158763946978,11586.948403190296,12338.627006768134,13430.189805432025,14389.265401119912,16153.866807055032,17295.04064296421,18352.797352935886,20369.644155105307,22092.129020182576,24366.62982568561,23652.48965070352,22807.045004979285,22102.611067594953,20535.117069993237,19326.497194314485,18729.11062838503,17326.15076860138,15951.131754165679,15087.817384375763,13783.05461943102,11871.203048287252,10881.139859873096,10266.11426990448,9937.174945285007,9561.237669621818,1589.854570120287,1162.77355693799,1685.1740292896234,2021.2484892962498,5130.842282886412,6939.712615897154,8083.7386991590565,8905.000236699969,10092.810081194088,11184.406577155085,12590.645286186467,13437.540509322394,14761.992567077961,16053.53964819659,17104.821927854195,18370.090007182836
Viveros / Derechos Humanos,5518.514517426944,5520.761271266482,6583.157952587782,7361.410565802369,7557.919643813359,7835.148548413222,8255.173843526647,8596.243018888934,8779.113303649816,8928.076999983341,9166.024137089646,9518.680072857816,10177.03074912889,10657.354353802324,10580.28770280209,10804.078335485314,11072.11856701996,11260.950155052577,11622.569148693357,12668.105422777111,12298.934728769495,11918.340399202498,11739.278508126785,11410.546061232606,10942.070211129128,10512.364669188646,10053.245955204526,9869.583246977587,9681.311170982859,9749.533361356316,9769.561200640062,9917.314836349875,9853.326813114774,8123.360089588176,7411.588267814781,6607.4279780117995,6055.429695426995,5372.78251772652,4689.921874313648,3999.341386704744,3560.6079049525665,3220.04808614124,3769.8994828435743,16747.236704093502,15348.412423638507,14330.97525836144,13323.694358230077,11731.523370758918,10566.49104005399,9280.336646751832,7739.492806115694,7033.559479372627,6312.185062476344,5098.451639705932,4075.458292407739,3249.0870428812204,2199.352688961646,990.0630287742986,0.0,965.21228922417,1972.567765259708,3260.763635258972,16133.24636333785,15102.173459027725,13964.656389431873,13111.924225786268,12225.61288806577,11272.850396460006,9470.901960760692,8391.674262943532,7980.570037609491,12052.670570678643,12745.587719114937,13762.994036992764,13620.723614140592,13045.64497615227,12996.882147893859,12969.194866754202,14297.791609780204,15445.244689439685,16423.58675836686,16955.88911071328,15725.821049058448,15197.869497459618,15125.360165765163,14947.693367423779,15269.832829909454,15428.555024574274,15363.174751160474,15143.954810252262,13905.99316172377,12858.109798315929,10299.323369637259,8959.632905089127,8102.474432400244,6584.829993366638,4285.4640634064845,3632.9355847807865,2805.846486094468,1658.7343465934164,10600.473547866435,9274.664906959084,8119.57675217119,7345.903771244987,7782.205984651405,8129.463226012313,7663.11273454577,7455.529635056808,7455.560886190152,7046.71515110213,7762.937649027798,8627.071950544152,9411.708074799493,10578.990458356217,11813.108723761334,5746.1946064420745,5803.711174762982,6739.635084827615,8917.491094502338,9713.238569665275,10686.15828207766,11416.149789368195,12411.810688709818,13116.049645947864,14148.124607847838,15061.55682645164,16749.420798750856,17841.0524668957,18874.823822349168,20886.00730355764,22572.982615802113,25349.369453640873,24634.184382019186,23787.318133409157,23081.556752915294,21510.39147556776,20298.018422985006,19698.545331258578,18289.517415205908,16909.27967530483,16051.141080803667,14749.120452237034,12843.073859389313,11859.163976453276,11255.576833162482,10921.656323679506,10497.814234008712,2221.138193989308,2063.322655223623,2627.2254639136895,2661.6424891821684,5637.443300174083,7177.735477567142,8197.764731148158,8989.264889403963,10213.488348077513,11318.691207953998,12663.457682330394,13516.108642315658,14852.769110695492,16160.131932962731,17226.722148512294,18471.598732338844
Miguel Ángel de Quevedo,6025.507409050707,6209.507868385177,7350.171570452499,8173.25109995366,8407.379704520983,8723.387285677127,9176.234206047357,9531.730720203737,9727.793700041075,9885.791405278813,10128.60178688812,10483.881845459919,11142.053480045222,11621.296214599663,11539.141788333776,11752.63517925914,12006.811183584583,12180.480141786966,12518.82290326383,13560.827014357204,12898.562341199022,12587.000596578411,12491.543802490958,12195.177973626629,11756.476738218931,11347.635411411007,10908.69956820826,10752.689180262225,10592.03809138639,10680.05569899419,10714.183239575517,10870.280081335623,10813.528931176852,9088.216388268405,8376.724707705695,7570.266746934096,7013.980812156236,6319.375540736335,5611.289604688518,4859.766731985652,4329.724821727493,3828.210223923373,4157.800471256401,17688.630467768795,16287.474576822426,15264.884168839588,14248.994406175361,12657.954059914853,11496.614936062624,10213.70583837909,8679.948725362141,7972.107387376154,7251.704297585615,6050.3189144973885,5036.642297717829,4213.415878212164,3163.9438163270997,1954.7214226161782,965.21228922417,0.0,1238.5099232845857,2547.422168923169,17091.83672024865,16062.85489504008,14926.194258508118,14074.665361126175,13189.581260776933,12237.808522156956,10434.104812459003,9348.111689631094,8927.696512419165,12980.793392484069,13690.61730285481,14717.797704176211,14583.747305735309,14010.821722948875,13955.177488747571,13913.252133790256,15214.17200547824,16341.827636872838,17309.949639736275,17681.300866311838,16459.63817465375,15969.067472574441,15942.755021809922,15802.184407762985,16145.536934050022,16351.464084600582,16312.48328742134,15881.054906736728,14662.279167059696,13606.074367836152,11021.999736998712,9675.581589090427,8800.642003473411,7260.2788078251315,4978.906770058959,4287.67910200944,3377.9880617154,1878.7094068566523,11544.219062258284,10223.965653011412,9073.54044762546,8304.741149385725,8738.849546140393,9045.156545147403,8537.86946742282,8266.036451454685,8221.491196937039,7742.728251163524,8358.862815137567,9235.253061963147,9997.004332842564,11116.969750756843,12312.227962072371,6543.268879956035,6682.270222695636,7701.895639222145,9857.896742143583,10635.67165000216,11587.034844671667,12296.694077564001,13259.914475041001,13925.189350871013,14906.642363147319,15780.048813408754,17398.80271056126,18444.976875194934,19455.64840308548,21458.626332439828,23111.325380400445,26312.19260858774,25596.435843778712,24748.760624203187,24042.218400752237,22468.79964424711,21254.023417298897,20653.186086391004,19240.105840119977,17856.37104293865,17001.9458289907,15701.94332175466,13799.885785605236,12819.748509286163,12217.883192921117,11877.048163741842,11405.54284023085,3005.356974025762,2985.631195914227,3578.2459151811227,3471.479690087634,6277.1337073586565,7570.086947192841,8463.979528021604,9218.414216375077,10464.825605211858,11574.314128644924,12852.860148328098,13706.457914205057,15048.678106054207,16366.131869354174,17443.79270265055,18665.763754696425
Copilco,7263.884987093117,7424.8927601785335,8534.496477963059,9329.280516885387,9530.474862052502,9799.399022673908,10193.483404681043,10512.228485338548,10662.791938433367,10774.246424537463,10975.371838707693,11270.380435070743,11904.280348983715,12352.960318282609,12210.922189920873,12352.954392073187,12537.686912964844,12649.968978727868,12908.051630249334,13933.668444452787,14134.956129551318,13812.064235486836,13686.266940186859,13371.49435833551,12911.477921156413,12484.627283628786,12025.299174124828,11834.963080576486,11628.95173694365,11672.39161561376,11662.899997374712,11783.19323074417,11681.163510739303,9900.059996017677,9158.458885499724,8307.42814099017,7714.072347185821,6955.843394486039,6160.834071578759,5265.7177371151265,4575.083134418088,3845.8399020587503,3836.9707234981465,18641.131241574596,17248.9249179203,16243.109727427374,15251.112839166679,13658.565271426109,12488.961243774223,11199.021056292724,9647.240722438908,8947.132947706017,8225.959573812283,6985.830461898661,5927.66449335243,5081.312306885222,4050.088645572206,2886.9624367214883,1972.567765259708,1238.5099232845857,0.0,1315.290682150927,17961.208786329375,16916.400174441693,15773.183373974107,14909.683937458653,14008.442000407265,13034.683306904159,11158.409866638092,10012.234109137748,9537.717418778986,13479.398109314694,14263.557882059118,15346.637150841521,15291.36264155622,14774.897736875637,14830.8342071891,14859.435877465865,16236.316058638433,17401.29181262561,18385.545052114783,18889.35313038749,17663.942020449234,17154.36926565909,17095.816002706655,16919.487042322162,17236.653688446677,17358.10560737454,17234.839983048318,17083.799998684775,15855.524946846785,14803.236307039651,12229.382221142005,10884.89010331568,10015.614452818483,8480.719292923046,6190.610676418299,5508.327482658767,4610.360828815931,3109.063642038003,12494.709465080858,11155.204796680933,9986.085727525779,9191.19610339652,9408.78361005018,9523.768883258153,8898.734977749782,8476.441503153008,8340.166304323342,7739.839077306038,8178.023471938753,9059.609122630927,9775.036724124755,10810.655648057063,11938.786707908479,7708.764392102737,7772.866221087725,8562.528437536,10427.517833291788,11125.39145766193,11996.431279097937,12640.450823097062,13511.136629912948,14080.027148154031,14948.56651398596,15739.839869121597,17228.46417716013,18196.006477189716,19166.944503206705,21151.4712412356,22748.657667137675,27000.385287606427,26277.25068009917,25420.22891928938,24705.56410326781,23111.866485413353,21878.73971879538,21268.547398098464,19830.595265788146,18428.849116545818,17598.325922919896,16314.46689806168,14446.49005905901,13502.98842668278,13061.88410234059,12774.874089630428,12447.49846689967,4170.371171154293,4021.9408506049417,4303.960352736836,3849.8109368984483,6215.931591783435,7114.126726838386,7834.6416184066275,8535.586344455063,9793.153108964778,10897.624530403684,12094.636523375073,12944.451835273758,14286.14772212152,15609.012531849634,16694.714529873785,17888.973737036515
Universidad,8565.85529814674,8739.485762026297,9839.65286484174,10621.347610550969,10805.211263704814,11046.392474164539,11402.22634795029,11695.254674275155,11813.453239559083,11890.755918941833,12059.88505931946,12307.075313556596,12918.482667314038,13340.271513273718,13149.85796643217,13230.923240618728,13354.497669945755,13411.799654296316,13595.460642471739,14598.782194326186,15445.840219567941,15127.354623303267,14993.895013146652,14671.101322010785,14200.482176485652,13764.012215270814,13293.296132965403,13082.224682766744,12847.188770156132,12860.194882447762,12819.889910137344,12913.718660352535,12778.279233900003,10964.255571361244,10205.292439597111,9328.483153275567,8714.08516816083,7919.113635509876,7074.297872666726,6095.298308063122,5307.915776886993,4436.171050408121,4096.686318173304,19786.86585897691,18403.421402212734,17411.707848158207,16438.74848054606,14847.806389913385,13674.779653660396,12383.24789372913,10824.424524489554,10132.504839729623,9414.323998304235,8157.426691529033,7081.980882531227,6233.973030188729,5233.332400450441,4122.404467827131,3260.763635258972,2547.422168923169,1315.290682150927,0.0,19042.43328514246,17986.96940358948,16841.142195027405,15970.384334018583,15059.041370333654,14071.34086023143,12146.541511203915,10960.37640501433,10446.388104379012,14261.638655196643,15107.012637642083,16233.847690691551,16246.150987914092,15778.527880751395,15923.868387142636,16006.503538862997,17437.03385734217,18627.20337593358,19621.85711479069,20201.3289896681,18974.729482822957,18457.34572212883,18381.982769719732,18184.236785064437,18484.24188787818,18546.23148448939,18359.292858210036,18394.07556843204,17162.21318426901,16111.651723480001,13541.625486324989,12197.816041444557,11329.907093658969,9795.851765276897,7504.7953331153585,6823.5809224256,5924.032948490109,4399.822393556101,13650.543099201184,12301.327421651677,11123.648886730183,10314.41237506835,10366.969114645126,10322.669257381669,9603.69228075321,9052.48432547273,8832.655719512408,8127.8807570514855,8372.786848940408,9240.728261149743,9893.41021384454,10820.55519270692,11859.067892447865,9006.809752741623,9033.30435289296,9671.558963641879,11294.175228555152,11917.286328294054,12709.432387054007,13288.090604764944,14064.858517174915,14536.026465449842,15285.49306366269,15987.174470006057,17329.653835546527,18207.078602625443,19129.863994807984,21085.964095362415,22616.042672216412,27913.346275944,27184.565406777976,26320.39337538355,25599.54553933642,23990.400410854236,22743.25063939009,22125.991790251857,20669.220950987605,19255.33581544176,18448.806220094335,17183.685132129143,15352.830397322328,14444.682392957031,14135.577191182818,13890.83736092971,13667.53970879728,5474.385471516192,5277.714223562042,5389.86355931397,4727.5794565292545,6593.855583354392,7031.116548628302,7518.994195934998,8135.899675905943,9385.769603299295,10468.886640934637,11549.384931881003,12387.141817854459,13718.635026249975,15040.596368137552,16130.946237166754,17285.247032024046
Martín Carrera,13786.617997690066,12500.243887308314,11196.47613308099,10216.588935935186,9650.594328261446,8973.141966971647,8208.135761524229,7719.058315048957,7407.457201032706,7206.297979369415,6986.776101651085,6768.14588664589,6225.217497394497,5932.283771403372,6377.287604447441,6747.539074139362,7180.458873761574,7662.064352751899,8317.878755350115,8187.857529748168,11746.589181522178,10564.350244788413,9035.113709793673,8481.277579494437,8068.136496255292,7875.521812633263,7773.53281084439,7403.733057355519,7076.393403570667,6695.217898408775,6477.158491817745,6243.5361389183045,6282.346963283431,8078.670346033246,8843.671414292896,9737.170453242385,10368.330217560595,11197.371738323232,12090.506301810019,13152.971040859411,14032.412526156462,15016.999731107788,15903.364068043118,1881.325115604921,2041.196071877344,2823.89687046628,3832.87976033129,5016.345198523792,5953.112254980999,7093.551222980328,8499.976410928884,9205.050737674932,9904.888420362273,11048.579634424937,12058.774602148367,12894.673017786901,13941.558193209714,15145.99554527567,16133.24636333785,17091.83672024865,17961.208786329375,19042.43328514246,0.0,1080.4002540127212,2216.0885601914806,3096.059870579716,4022.303462035617,5032.312672846635,7056.491594762482,8321.73543932217,8945.258174720673,6986.727437932502,5837.655564933195,4693.33041230619,3775.039053038059,3613.923450566393,3136.77284387279,3459.2957555754037,3664.773729919725,4306.479360394047,4838.940190896352,10097.869625489624,9516.225364678976,8456.232345804165,7146.017709210618,5951.918824939355,5174.645408790799,3006.7001757922026,1302.3384927478426,9313.534536442266,8726.951083865877,8953.35046268194,9936.054308595854,10506.904165396765,11088.000053143867,12031.973665189322,13231.042152881764,13844.510114291326,14674.936572663932,16097.99425167239,5685.070791185208,6912.342478303973,8027.370312287687,8787.3609582242,8849.261609698933,9560.365877345279,10610.337614980694,11680.47795208368,12270.76458817446,13207.814181226671,14183.376160533831,14028.538326645488,14344.168795105785,15130.214934014928,15985.888306030804,11523.975696423124,10834.722541019397,9401.537274655751,8395.596870634019,8381.20623730207,8514.480315113778,8856.765081579188,9607.493744238924,10645.143525519445,12045.32067293041,13223.649530162485,15406.585649638166,16892.7079130476,17944.532603962845,19385.52137909161,21232.104995719874,10001.093478757337,9391.0583963486,8693.723789169968,8136.182276162865,7010.938642063892,6302.158308742729,6011.7556529078975,5560.023007892311,5322.294287959363,4790.381733802759,4612.243079421533,4948.963695577424,5263.282310177704,4907.031874975851,5225.085525503635,6448.947708003372,14382.22063523222,14138.284406299843,13665.69183059779,14380.825312587302,14082.675990944399,16042.283657450604,17331.74133586501,17933.546768571694,18235.74397258064,18697.003093246065,20111.191245412832,20596.904482188107,21353.372081452253,22076.804584907888,22653.763985038102,23830.751845863542
Talismán,12929.075599096184,11616.087757962878,10335.319881145919,9369.437585402202,8784.05356602626,8077.147816189255,7275.156692014278,6763.117759314563,6417.3872150453435,6184.785454231098,5941.935389465414,5698.587056900266,5147.225196680664,4852.249138744603,5305.216181840681,5699.617453305657,6164.969291955525,6674.124705636468,7369.593832960483,7317.626682775734,11352.454163816235,10144.433088378328,8587.435956985908,7982.548765970366,7494.487545811556,7233.9781534943395,7061.01677338571,6628.03111415146,6225.028963176339,5788.204446315605,5518.097423676606,5249.35477914716,5249.507015701385,7023.270334849394,7783.348687907121,8672.435122214789,9301.422198398619,10127.863674371376,11019.029651709723,12079.661837288793,12958.073061318806,13942.278031077389,14824.893635935592,2627.5019920649593,2151.332348141103,2527.1910589431486,3329.3066434427137,4258.018728791496,5086.13348499591,6161.1559451548155,7517.7678053402515,8217.319525642592,8908.056004362772,10029.250289550651,11026.722794774409,11858.519741172488,12906.992119122127,14113.562733567614,15102.173459027725,16062.85489504008,16916.400174441693,17986.96940358948,1080.4002540127212,0.0,1146.258682118664,2023.1361785711451,2947.2850033851264,3955.7863280488036,5977.065559558897,7241.814431965804,7864.865605196854,6039.993081027814,4917.981320587034,3863.265782582201,2846.503837845491,2561.6748887099275,2132.3539079413863,2691.7440126187103,3465.6123309852055,4439.031664807297,5166.919718534569,10221.534831989646,9522.73088618378,8433.198354759494,7148.823803278517,5950.012286865637,5248.589403370472,3159.007441199936,1356.2122041991897,9258.28676796254,8535.15885112722,8634.237181920653,9353.596202012079,9814.795457405206,10341.175765084676,11201.696794104899,12299.110486823434,12897.054945507409,13709.708581599554,15107.009358193025,4753.257024488182,5926.191138835686,7015.867465853567,7759.833492180588,7771.331327780846,8485.392014643736,9537.9759431345,10612.727730582692,11206.255353821312,12140.54997607969,13128.35552760692,12990.59418567759,13324.414204041386,14138.833400232452,15025.468786524743,10615.18067303041,9884.958207531481,8364.16315082911,7320.219593358717,7329.465446247111,7511.944223493065,7903.470824885176,8725.571854107591,9807.206372049941,11256.713120252636,12468.824204059425,14695.476340909716,16197.795678695553,17273.284560013482,18779.83460871003,20648.893435445534,10782.412490353598,10141.960425241256,9401.227396922422,8800.375950159992,7544.931300077402,6691.85269491222,6314.469127079427,5611.460502828682,5098.904956981786,4418.634486305855,3966.8405389282443,3991.8132224469705,4217.688749449723,3854.651120388163,4227.511665869177,5660.066370161429,13386.151360020665,13120.118714010094,12616.796554291197,13315.628141768857,13004.175923620316,14976.076777530623,16273.541435185172,16883.542400760394,17205.921949609357,17687.070499461362,19115.178823172548,19616.19532808234,20398.42571878812,21149.28509708652,21750.27277183409,22941.99176993333
Bondojito,11926.323693008253,10592.119308868463,9336.123333828851,8387.427981284558,7785.880605653919,7053.793339618038,6220.202452027543,5688.948962928925,5314.0873460366265,5057.371950580097,4800.7334117397495,4553.501131363685,4011.8397033450365,3743.234225557469,4237.738364756013,4701.966302190171,5238.213568946334,5797.973167159304,6559.114839159592,6638.410207237363,10823.975671196362,9599.697968772196,8031.5116745243995,7380.1157845616635,6817.732443231467,6486.611717906792,6238.152803795067,5741.716035282486,5261.1525699403755,4769.272136890271,4447.721952069894,4146.911118420726,4115.91325151638,5877.917901374121,6637.170431185659,7526.311156367336,8155.673596176255,8982.946072017392,9875.094643403909,10937.00079530215,11816.326562630884,12800.914469716052,13689.622380590406,3497.3021816112237,2596.6224817772595,2478.605749972159,2909.9060532085823,3446.9982992378423,4120.629920651508,5112.993940211162,6418.061694141602,7111.71265875386,7794.484980695359,8899.551108829959,9889.57091433603,10719.217332239787,11768.212050233236,12975.561751214906,13964.656389431873,14926.194258508118,15773.183373974107,16841.142195027405,2216.0885601914806,1146.258682118664,0.0,880.0835554530398,1806.7690663848784,2817.4945055680478,4846.473029601798,6113.604343092769,6742.968682533452,5250.077731904498,4203.247590253094,3356.794377605785,2230.2342785077844,1622.869378632458,1070.1248714459964,1978.268304755719,3394.4522570706586,4639.724048649479,5525.9483285568185,10254.074750197278,9440.206637549594,8336.621786185435,7107.020056367527,5939.254812614732,5346.1269457652215,3485.7625736851573,1994.5598575444733,9113.910085700414,8256.228550364061,8216.537202925452,8644.120028474663,8986.55297314643,9453.868591990073,10228.861499822291,11232.367907319915,11816.893805806705,12614.969440588357,13993.005057712893,3719.0274735864655,4828.02792147981,5894.2547970178375,6626.710203424958,6635.200754471373,7398.6692094420505,8459.156797318376,9546.614401393255,10148.25599456473,11074.211321532668,12091.222239509874,11989.972971405417,12358.40562446809,13221.814665895023,14157.91827280817,9571.45223133789,8807.250076361908,7225.305974889052,6233.720028148644,6312.540949699574,6599.922970046033,7078.999374081621,8011.508508761759,9150.766667377382,10660.691078662094,11911.96992110057,14185.803865085234,15703.154088587673,16805.27982459583,18389.36516510069,20280.82694468666,11784.548392801076,11125.186118727193,10357.105147243243,9728.593166114286,8387.389547081179,7433.9258667611675,6993.109374269107,6089.563011049912,5325.1740668781,4516.36544438439,3744.040148275839,3235.856530587486,3244.455303530444,2711.62726234897,3128.074982427947,4774.0767034461505,12269.536415171999,11989.801118037718,11472.592969640862,12169.631252268691,11899.059039515862,13910.486408590787,15226.568222580163,15854.102978572822,16216.135460836718,16732.75707900094,18183.18750949693,18708.893506472567,19531.057248370136,20322.73535120255,20958.37605720567,22169.861979611975
Consulado,11233.8796212296,9880.076159081398,8654.770642623256,7728.8281317948195,7112.637767587893,6355.957608406219,5489.202944035114,4936.479933140264,4523.076093843932,4229.234755435926,3946.0904683897884,3675.573819565674,3132.786091863323,2881.3379655112008,3408.8399378857375,3932.13846005454,4526.419027230517,5124.368742256622,5933.686736402384,6123.509798318317,10580.825562186727,9351.743936884859,7789.700756860876,7105.06850390049,6482.071139980766,6088.01074068822,5767.383918851933,5211.450666830813,4650.533302924075,4098.267396642905,3711.4338397060787,3365.4231030098335,3279.652290029537,5010.544786164476,5765.167169229863,6650.915453976238,7278.875479422765,8104.745091509793,8996.043233552495,10057.353945793682,10936.443711637325,11920.967619870271,12809.98295429723,4296.806733662977,3248.8976553272432,2867.0709647202825,2969.375836347031,3070.5683953313305,3530.7473884442234,4399.70631428445,5627.435333038157,6310.852436742591,6981.126954555941,8061.3415667548625,9038.696924591452,9864.233422771013,10913.851181424663,12122.238554539686,13111.924225786268,14074.665361126175,14909.683937458653,15970.384334018583,3096.059870579716,2023.1361785711451,880.0835554530398,0.0,926.8656848818777,1937.8562445178934,3969.058378367578,5236.81249668032,5868.976688651712,4661.079101835321,3710.2269497392676,3101.280633185989,1987.0734384894963,1087.9181498804548,662.5860006288686,1871.3185744294994,3687.7724797467695,5057.439264983663,6020.628237731913,10462.702824269832,9569.871604840533,8467.7272065385,7297.0849257785185,6175.23955640389,5673.82719382551,4026.0467335096478,2765.4124830059377,9199.45422069395,8245.540341556689,8091.943593009997,8256.095610196435,8482.27862778031,8888.23301651,9572.379990540956,10471.452333631267,11039.707869531912,11819.779407137868,13173.236146084064,3047.0521934816766,4047.6018878116024,5073.196505459778,5785.343998056626,5755.590093791011,6545.754166827952,7610.386869531997,8705.313607501725,9311.874514554333,10231.471011151245,11267.299048506302,11191.724622094926,11584.654494563587,12482.7209978019,13453.991615967805,8840.098178304705,8038.07385752612,6372.911942202735,5382.673264478475,5515.148756281253,5887.993735174548,6436.725014349221,7452.654961870326,8629.809472011248,10178.32629303493,11453.959031687627,13755.296345907378,15279.45731332923,16399.040784832956,18038.633758853433,19943.27750104073,12522.530575721923,11849.470613187103,11062.047969525405,10414.457598535915,9016.108407379625,7997.932900792,7516.961130906078,6486.314062517305,5560.681608568405,4686.202364749812,3706.555330323261,2746.791625134776,2524.863504962359,1858.1390236863638,2365.8921587058458,4262.909889195825,11447.355691529721,11148.832157696132,10607.276780373295,11293.485163991985,11032.305392558903,13066.631361530364,14394.071330507504,15032.831692800646,15421.578884928922,15962.612492076507,17427.675196481614,17970.528810628493,18820.677444596993,19641.230814355436,20301.562385037494,21526.392456052643
Canal del Norte,10552.992900647823,9179.286379884797,7998.29607366644,7107.3786846945195,6477.315245113037,5695.160549317711,4792.191770405613,4215.465904428632,3748.7982153147846,3398.03992146641,3070.9702594261876,2755.681412175872,2206.3826922439675,1982.6778135907236,2560.339007486512,3167.0014175797755,3833.567731630438,4472.677104448296,5331.805916885143,5655.426089661366,10425.32845342987,9200.99384324413,7663.165615557017,6951.392844182274,6270.029493355746,5809.8696728788045,5408.528439696034,4790.350740889654,4137.227330198336,3515.0839876382715,3039.9439033184103,2628.684595258515,2445.3488083037923,4109.225487272601,4854.915533795059,5734.297189703079,6359.612499433488,7182.810603283769,8072.39990108075,9132.393590778398,10010.866565343831,10995.189068347296,11883.127797038249,5175.116373867624,4042.9389252992846,3493.504356259922,3318.3733949741377,2944.9813489356115,3088.1883759004677,3746.203762298133,4843.03162829868,5507.291063520931,6156.823358395348,7199.191126724029,8157.455912568238,8976.561420060365,10026.386476813888,11235.564033548593,12225.61288806577,13189.581260776933,14008.442000407265,15059.041370333654,4022.303462035617,2947.2850033851264,1806.7690663848784,926.8656848818777,0.0,1011.0813131417564,3044.2144093868183,4312.342222276544,4947.3865457029315,4130.6847921670005,3341.022017884883,3065.1207793362896,2107.0315013705685,1130.5389327022656,1185.219467951498,2200.063886534973,4199.348819258104,5633.73719176457,6647.167945153384,10780.498777604495,9815.479440807747,8725.29035643886,7627.029097846781,6566.76726388482,6159.17278179747,4723.373597610992,3639.2058315964373,9403.740340749593,8361.169686022726,8089.3157976303755,7958.058757697148,8045.139598840244,8373.803656366154,8942.327755184973,9706.976639401923,10253.272642442673,11009.11829200439,12329.752739979122,2507.1939480735864,3297.329135640043,4246.7700598737565,4924.018835203877,4828.7510691334555,5648.974286996316,6717.347633609167,7819.9535666483125,8431.645338330116,9343.16806202873,10399.572398616632,10353.411943937106,10773.913820084133,11710.15283758602,12719.625245169005,8118.7555472315935,7270.407657611952,5493.1408527065205,4490.315712269013,4693.822251884319,5176.082296106508,5807.398440462406,6914.209535862857,8125.386449158998,9707.456539898674,11003.607277259145,13325.977186149017,14852.812180457782,15988.489494040967,17684.51339905788,19599.558793612487,13305.107748076522,12619.85232596864,11815.391135538597,11151.19706817891,9703.87387563048,8631.014074841032,8116.429669097681,6978.980000949884,5917.839046152537,5004.496303031535,3863.349954265739,2451.5949721415845,1895.5120088143397,1024.6339351293673,1713.0903426921864,3895.5817806330533,10602.353259615695,10279.316834947545,9704.66504359991,10374.683944791279,10117.222355673293,12175.613056445603,13514.909710050482,14165.650618569261,14583.547306898801,15151.14626967898,16631.20485074284,17192.46559997962,18072.594956210298,18924.020658522135,19610.70519743202,20848.972613066308
Morelos,9870.915234801147,8479.099165095315,7364.679541590118,6529.430692118879,5889.948996292841,5086.6360491411815,4152.185160625749,3555.9209768784026,3019.2514927956117,2580.125836949339,2176.5846553212446,1765.1910449608158,1195.6126170645325,1048.8074370451554,1715.834356333592,2446.853998633239,3198.4466994969503,3874.240149728932,4777.55033549991,5266.0431043304425,10367.711057793562,9161.073623363267,7671.379747078602,6942.3389821709525,6210.146582596848,5685.610563367432,5199.8507587665135,4526.245598161553,3781.359182153118,3096.38750383776,2519.191785733844,2030.5611159803068,1666.6687820830002,3149.8276136696472,3876.2349274920402,4742.952546790487,5363.2118577237825,6181.501759645776,7067.979948935272,8125.579547337319,9002.904035148458,9986.819658477822,10872.16146289412,6154.147158620417,4969.164567175644,4312.813010140561,3934.087345930184,3150.166024935309,2900.7102165478964,3209.3198451586663,4070.0600558384313,4695.421558261658,5307.6980325129025,6288.680797401926,7216.634027440284,8025.169016059896,9073.997348164787,10283.092141118215,11272.850396460006,12237.808522156956,13034.683306904159,14071.34086023143,5032.312672846635,3955.7863280488036,2817.4945055680478,1937.8562445178934,1011.0813131417564,0.0,2035.5109057126347,3303.6274271507586,3942.2652301168164,3714.232859613282,3186.961352492321,3315.3733456471837,2618.5908206086096,1816.8793924957668,2107.8718270183763,2886.506283944135,4911.451710804989,6370.360761836649,7415.04226963334,11221.93942300759,10191.24241994642,9123.744155769045,8110.11665156834,7123.792379150119,6808.468896968888,5571.003790805411,4620.402332831637,9741.122321756431,8618.871401467863,8225.954442679227,7766.574286178946,7686.92275594752,7916.789400584203,8334.70835990287,8920.959454068916,9436.40418174455,10158.361590101127,11433.61282375621,2249.9163416271545,2627.764054991122,3417.0193364333904,4027.644464352856,3817.748442313954,4677.880627784186,5749.073325255401,6859.891462977773,7477.226771449053,8377.359908448469,9458.117324373106,9448.470185069116,9902.22594045408,10883.02575075973,11936.163253167142,7398.619051274086,6493.737044076729,4562.99898221652,3530.042270834201,3841.0787358772595,4474.604000489563,5206.289356972943,6410.920063445687,7647.76671215799,9254.53071581587,10565.216281322068,12899.24606606691,14422.909377843678,15573.06462608302,17327.946082066876,19249.91054837149,14168.93457569741,13472.685798480106,12653.01755627509,11974.18061147561,10484.324398405155,9364.719469379663,8821.783711360926,7594.591865395347,6422.193254648205,5494.623936610452,4246.669567660295,2490.166232939094,1567.1277186196785,641.7729143598076,1430.0335849119913,3743.266850815751,9706.971124057996,9351.342077395713,8731.221627757375,9377.39526969122,9118.30917979827,11204.393932034123,12556.994952423891,13221.470293550276,13673.453570273707,14271.84249645564,15767.975351269715,16350.127541470456,17264.129704862095,18150.27753878915,18866.49342723129,20118.75392303632
Fray Servando,8845.983928872034,7446.809580624291,6553.064599073628,5909.341549616945,5293.82331529135,4513.132650737488,3622.785168944495,3090.7196863762433,2488.9850941256786,1906.0288988243067,1387.7914100683843,691.2386794704497,843.5410303149172,1194.9502160860238,1226.316867257193,1846.5145141326918,2557.488728218292,3169.188643577068,4042.681283378381,4866.406479462307,10715.295205424763,9579.891016216618,8240.584271655991,7516.766652486182,6736.409428407107,6131.351926315369,5527.600239714948,4823.903900881536,4011.7031916914475,3353.060246841798,2744.4966344956183,2313.494142796395,1726.897056923017,1591.025549225158,2109.1660014978697,2864.063249614768,3444.3797248061173,4227.876036152259,5092.953828966034,6134.449985072961,7003.787504261544,7984.216284523477,8849.073136614994,8173.113338732847,6945.857557576949,6196.692926239501,5621.495337655435,4430.654260134585,3653.135680850153,3161.8410276554146,3148.352176586151,3557.558228309336,3986.7583233440114,4701.32691881728,5496.859306072902,6255.235615961405,7289.08760176058,8488.183894461767,9470.901960760692,10434.104812459003,11158.409866638092,12146.541511203915,7056.491594762482,5977.065559558897,4846.473029601798,3969.058378367578,3044.2144093868183,2035.5109057126347,0.0,1268.2030147769092,1909.7638249689714,3496.5994930032425,3639.48897005085,4398.605712935167,4149.880989462714,3634.0872551145803,4117.192808120301,4706.921744672599,6665.466894846471,8118.6555576734045,9186.715980965018,12449.27597294349,11327.038779803466,10319.81390737413,9464.308252531857,8613.076821451694,8433.935867940407,7462.441961885538,6643.638885536409,10822.016960873603,9594.457883350402,9004.737025084758,7943.677217827896,7515.457921970994,7510.55238305994,7546.746846730798,7642.010319108503,8059.193785272078,8672.292357804483,9801.856797273049,3093.2024169598653,2426.2823903069484,2419.4541606871717,2649.693380640292,1803.0134683207837,2733.210064389369,3797.368643174247,4918.866268899191,5545.149590409156,6414.612364578313,7543.981784375938,7616.703680008063,8142.881599401065,9215.778813599554,10356.520857708136,6353.766708190697,5330.696963071562,2986.598083094746,1667.2895753517648,2360.1892357766146,3384.685292404993,4302.761080835241,5645.726099922444,6870.39488835879,8468.94597707687,9774.288955232892,12086.392494710082,13581.168198487043,14748.045186936948,16607.82084395973,18527.9773930667,15878.585774901925,15164.412541659813,14320.377222068902,13618.572263663002,12063.85057874135,10875.245008149699,10291.709506891826,8938.826027774974,7622.714778403158,6719.296672819852,5403.1928399673925,3457.2820262466707,2415.48052260183,2352.7115111116836,2634.718439721478,4375.9616696959165,8096.072624318964,7643.60373582342,6875.671859941474,7427.386635492104,7091.120261529669,9223.421856776604,10599.425884557304,11289.651245210847,11809.669731294205,12470.01983447513,13994.275307215832,14617.653098622546,15598.5142675908,16553.22390300748,17327.75582433506,18604.080032035938
Jamaica,8377.758051964693,7010.4115678170165,6313.2340994094075,5838.168458442088,5278.480166373593,4578.018020240404,3822.716412858992,3420.463708253179,2910.6194327413455,2422.258509366495,2076.7876241493896,1732.57437602587,2109.868168964616,2416.494205866161,2198.8707408852038,2462.026210189441,2920.3311031120575,3355.4357066907505,4079.9345045384143,5052.965511731988,11098.743121963937,10025.443210062187,8800.748026472551,8099.774662291873,7319.845195668675,6697.016864908877,6061.189854425798,5387.301326176572,4610.911995617111,4043.416481154603,3517.033770231497,3199.330801984115,2692.1705772977807,1437.0526191190843,1412.9552013056486,1853.4293455927984,2338.998066136507,3056.4039768821935,3887.2013930153153,4906.864139176475,5766.416777069144,6742.17185618517,7589.441313934822,9432.678352037234,8188.648882803319,7405.99640230768,6762.917582444615,5455.304445028279,4527.43985544069,3726.177777751868,3136.927723483254,3297.031312261172,3507.859342269041,3911.095445004699,4545.046459101016,5238.315102508676,6243.249610331815,7421.801399516094,8391.674262943532,9348.111689631094,10012.234109137748,10960.37640501433,8321.73543932217,7241.814431965804,6113.604343092769,5236.81249668032,4312.342222276544,3303.6274271507586,1268.2030147769092,0.0,657.6867057507379,3945.610666695929,4413.581208352353,5372.303996889177,5286.589176466514,4859.004924422958,5377.288162986866,5907.1384729639385,7820.416785143141,9259.802105015422,10332.25656794429,13301.046124526685,12140.078210681813,11174.995411772803,10408.787851195208,9631.937395171284,9517.558777579796,8668.633482513496,7905.813573283617,11611.41150005796,10344.69604625794,9661.06144789269,8290.47557228382,7665.797978101049,7510.718178781572,7285.123265907738,7010.850513778252,7340.852549621149,7856.447920276374,8856.683996389724,4059.497420125742,3058.61261137082,2515.1912237850506,2321.652580058358,609.5353830053593,1649.6438404153864,2655.6361773232315,3769.3205306188515,4397.781546452693,5227.175707888268,6398.074103617938,6547.473117525863,7133.609498984115,8274.115828237445,9474.89497402298,5948.782002916683,4884.48368875107,2368.2040745848253,987.1875799876887,2028.5065774643547,3229.5831682430035,4184.247942733591,5524.869402958117,6679.195286300849,8218.589623953223,9489.800046796323,11749.419249854018,13207.296847442707,14374.709034521593,16290.576959929132,18197.54434581094,16989.068310888142,16267.42582621607,15413.3540974653,14702.248707954746,13121.760631213643,11906.351308538571,11307.495154317754,9908.075765726007,8544.651107621114,7670.617668078858,6362.623825317706,4451.777282212108,3491.06817119488,3590.822661243862,3758.756283902016,5137.875541777361,7187.891300953897,6660.368483248911,5770.918818665482,6233.04865900721,5833.554201352097,8008.713963142238,9403.04158022126,10113.983180531639,10689.363352225953,11397.70591105247,12939.008659305991,13592.220534747252,14620.522164116861,15622.96099416043,16437.506664367516,17727.09740039444
Santa Anita,8380.200151395773,7044.874047681181,6463.9387023429745,6080.405695546809,5556.909495775724,4907.517141869298,4228.204175759439,3886.0814284588496,3423.8271992034697,2981.528648208245,2687.2031592988515,2388.9561814053586,2753.2906142242587,3019.417989288798,2715.1242582495743,2825.383763254714,3138.561033123633,3460.9528076382335,4075.506049566692,5095.653648317766,11501.213620662089,10457.406495889905,9282.296487616357,8593.08982710194,7817.705988439927,7192.820157310427,6551.016326614263,5894.251504607458,5139.070737675132,4606.450481346042,4108.968701396233,3819.8528152880604,3331.780194661698,1884.7488493895044,1579.5377789324755,1666.4735664615712,2001.2523311492876,2608.3632999391257,3380.5110023531433,4362.692578409729,5204.867509249259,6171.282686299725,6988.039078905444,10082.061888650553,8843.941785787269,8063.6727520404975,7415.1467071505185,6089.296158523911,5132.618928643696,4258.7565964945325,3483.158685560356,3519.10268886309,3600.283625217745,3783.640483217064,4276.473427127146,4904.090521871818,5873.553421753845,7026.3471590997015,7980.570037609491,8927.696512419165,9537.717418778986,10446.388104379012,8945.258174720673,7864.865605196854,6742.968682533452,5868.976688651712,4947.3865457029315,3942.2652301168164,1909.7638249689714,657.6867057507379,0.0,4153.957500885239,4765.57230684495,5809.208798184579,5814.164876911777,5445.618478059991,6026.09606185251,6564.717205390254,8473.896544681373,9910.825600814227,10983.61511908616,13873.979124399339,12701.807167270666,11751.893081041833,11013.626674151814,10257.47152108272,10157.967996260011,9326.227651830932,8553.26971595539,12166.106075796173,10888.763347277805,10174.322779150527,8691.451621067119,7987.815894123097,7765.538089306705,7411.923597683869,6929.358265163604,7200.262520250136,7646.192686080113,8548.226018314408,4687.812760117246,3625.3960650902995,2939.651522163727,2575.9020173017475,540.8760371538373,1094.846053192471,2029.840053393988,3132.405198749256,3759.503802603687,4575.456596887485,5756.519145409932,5932.643764656495,6541.340071768375,7707.08259969854,8930.52136006177,6016.0823038919025,4949.866051829947,2448.756112497567,979.5380041032545,1975.8814690449694,3163.9298180384,4093.7650048811597,5396.801767694724,6495.1849969994955,7987.514923931377,9232.092006470251,11454.351566556934,12889.15003449352,14053.64290547019,15992.47720682967,17889.62967602583,17472.151131462873,16745.97821951855,15885.918679713608,15169.379609998437,13574.247062888713,12344.12708038509,11737.155940194414,10313.880472615787,8928.955770141783,8076.403556231369,6782.220920996231,4911.442937023278,4006.677142162397,4245.886202486708,4412.203376886689,5708.823952902873,6917.821549028165,6337.955671942621,5353.385128222817,5722.841476230257,5182.137238409378,7351.608134857139,8748.009777775293,9462.606735641706,10052.028781313793,10775.195341277045,12321.247816953592,12984.475848684773,14029.487264194122,15049.52288799926,15879.318317899983,17173.268853865076
Hangares,12265.03684573699,10877.34847526565,10040.512646546158,9404.753347536001,8786.048944944152,7998.326595517258,7089.393542843733,6529.5940760213825,5919.0813317340935,5337.034475692091,4797.358901563727,4031.5574227369552,3505.20160502935,3004.5385137920193,2408.1561474411674,1651.6192028758303,1025.8986652741314,878.8854212197206,1331.4284385625958,1551.9495667889812,13949.390251838211,12766.078599268794,11319.850921949228,10587.220242257074,9832.400611175093,9271.223904962639,8726.391375249203,8024.399280004287,7223.496538169051,6522.715350075933,5890.15034203868,5383.222319931615,4815.776322290748,5023.438432201017,5317.976055151062,5768.683478313212,6155.193380749245,6707.32001851703,7369.825202592605,8214.051707763174,8956.028683047869,9841.870374001654,10444.126552882286,8657.918375398747,7842.421276215919,7524.436266256484,7449.057991763012,6861.192436293182,6531.404469813438,6464.257378889798,6644.758275853832,7022.708303876628,7373.969119847875,7855.566513435301,8428.10481596761,9051.246796467518,9999.099010256705,11122.945442608572,12052.670570678643,12980.793392484069,13479.398109314694,14261.638655196643,6986.727437932502,6039.993081027814,5250.077731904498,4661.079101835321,4130.6847921670005,3714.232859613282,3496.5994930032425,3945.610666695929,4153.957500885239,0.0,1174.0313455546511,2455.1431638025783,3211.82949314793,3637.870623326955,5219.205029648716,6329.014867356177,8303.407488473309,9708.20395775371,10681.653499090324,14886.26032245091,13884.63474020255,12807.070958829352,11744.719787949016,10697.00460859531,10278.303004965454,8679.247265272215,7223.28461094799,13445.396404244146,12332.935814646398,11925.60817677232,11249.23702204972,10947.898592770174,10992.111421178926,11032.765209650453,10949.67870300804,11286.167320883045,11782.802943331842,12697.798333064095,5879.638694404745,5742.206983373096,5915.974383269954,6075.776421423861,4502.813887909041,3955.638395813639,4694.440859915134,5497.421393482086,5965.088557600425,6910.38856262928,7629.836358208542,7297.503836197519,7489.7380625137475,8174.982786194143,8999.262878701866,9793.548924512303,8746.50701677426,6274.745372230219,3177.4219736937134,2354.0724961648098,1734.4221537623525,1870.2588857375788,2794.5540001461873,3994.999546625085,5579.520143289048,6880.845784940908,9209.477759095576,10735.758588952156,11878.77416466654,13615.803443843415,15537.123488646883,13826.065451688015,13085.173603512822,12206.016467245312,11472.728946731128,9833.750838737638,8561.19201286376,7932.291213731938,6447.2833244361955,5021.399082053744,4284.944333503261,3157.99306003816,2048.216410265439,2241.294765027766,4356.003488727926,5110.074884526073,7360.957410647884,11071.346465203162,10485.90559238466,9438.508000203117,9629.93973802604,8150.7301926936025,9618.108594053832,10752.9766098226,11253.20987448387,11403.617472765962,11779.131929438214,13155.958791618183,13619.617528478891,14367.23242348464,15109.510095158093,15720.566702224098,16924.305876003527
Terminal Aérea,12477.406589139217,11075.888241962017,10126.088295258221,9402.523527430016,8767.698180312978,7962.128939358773,7025.784685693216,6437.942642740021,5837.00397257626,5280.539333397018,4751.578969780257,4015.006736628285,3368.822739890615,2789.3619770967093,2416.745508805969,1953.3409757422787,1777.217577289438,1978.699718530356,2491.607707433564,2435.2710990440105,13554.631258563275,12347.643895101133,10851.726381487268,10124.474844037073,9396.47750158019,8871.47612998776,8374.64723630792,7690.689596371433,6920.834762406597,6221.880574996209,5608.123371673571,5097.139698168168,4588.537888988163,5230.388206674312,5673.066188293735,6266.009261812618,6732.527656987657,7372.811455409043,8108.354493518583,9019.61845070411,9803.325253696583,10721.248585995372,11385.580105395853,7544.189468719432,6798.385198410757,6569.034759578997,6613.89188959517,6230.493914196871,6087.510563324251,6250.0043153446895,6705.401668141293,7179.6252559603,7626.033307378027,8272.39513830079,8958.368599293924,9643.226447096376,10632.144308204295,11791.557236185374,12745.587719114937,13690.61730285481,14263.557882059118,15107.012637642083,5837.655564933195,4917.981320587034,4203.247590253094,3710.2269497392676,3341.022017884883,3186.961352492321,3639.48897005085,4413.581208352353,4765.57230684495,1174.0313455546511,0.0,1294.0226290913695,2072.7308870124916,2637.0575494776126,4318.782618479351,5487.859699604856,7396.174692579668,8761.877047893528,9701.715667450777,14107.421597015404,13155.487557913733,12063.584754059511,10946.607903551689,9856.383020140014,9381.818427732564,7675.434593726965,6142.932180712644,12744.488104200958,11688.985363434791,11367.349273820359,10936.060234470322,10773.632162541553,10913.574658719212,11119.112209833234,11275.515445367775,11672.800229536899,12243.277432959127,13269.772927726486,5435.728037543192,5570.215710907157,5975.825749306405,6288.8133903312855,5013.575829372967,4795.020161040075,5647.81669622108,6533.151819445451,7034.1851382473305,7986.523261257103,8758.289568350621,8453.216847825928,8660.341995202267,9347.213780221105,10156.247141281228,9980.860121438453,8967.345104970887,6598.930006646062,3838.6404920774376,3232.614038729603,2863.1014414564993,3033.722373351243,3818.0320805165834,4948.021967011042,6474.0134512571285,7744.395137335662,10045.708433750717,11570.426208324894,12693.28187174512,14357.47039472383,16269.12783405643,12854.684174926886,12118.07337483755,11244.75131470599,10516.789991468835,8893.244799811491,7638.12780801371,7019.168116339214,5567.62655477921,4168.007120788373,3341.8090348306337,2104.104480182655,971.1062350557356,1622.1529832616948,3804.2907365438405,4615.836727911012,6930.0055033638155,11599.530099354692,11070.227818236843,10118.591072845222,10420.759021427697,9163.997312610194,10731.947777296948,11893.694375346078,12408.268643763899,12574.343338169463,12953.095269945159,14327.270364558233,14785.265021957224,15518.659027532172,16241.43165584428,16832.897050811873,18024.348241850545
Oceanía,13073.560942712198,11671.745462641466,10623.026178866789,9821.730294487577,9181.383724615473,8373.94533157426,7433.226688935363,6834.940693573406,6266.06906675552,5759.682524084484,5268.864838423833,4608.065237405896,3907.74701378124,3326.509260251469,3206.1645886580086,3003.0903053589136,3017.9720171985814,3272.425703070958,3742.964087981604,3497.4768648726886,13490.258150177375,12266.111424282813,10726.950058103641,10016.383786733093,9332.85568333097,8861.18506009647,8431.552685955397,7784.94020748691,7072.905933456961,6400.474162013271,5834.121001739219,5344.778301657059,4931.608929636082,5953.901199822461,6503.839247503224,7193.07714309069,7711.074791993482,8406.879907176786,9187.061068457466,10138.557413806804,10946.789645014022,11882.860423328038,12585.733945603242,6476.871299317723,5885.753653109082,5825.173220393974,6068.304395270601,5997.186660745788,6102.252002091787,6523.969898702207,7245.329941201196,7797.893526239013,8321.302576258837,9099.912477456599,9871.088154584166,10598.995090336875,11613.184731957348,12794.104649962708,13762.994036992764,14717.797704176211,15346.637150841521,16233.847690691551,4693.33041230619,3863.265782582201,3356.794377605785,3101.280633185989,3065.1207793362896,3315.3733456471837,4398.605712935167,5372.303996889177,5809.208798184579,2455.1431638025783,1294.0226290913695,0.0,1136.0252177881728,2046.3211749773263,3761.0050536703643,4971.098427572996,6716.486781833979,7996.419443431187,8870.215729690764,13546.965121362451,12669.920803789728,11567.18819787676,10383.757788966184,9243.201729373635,8688.898280805019,6825.340546147222,5165.913856128934,12300.43780798276,11330.638202983244,11123.591639461438,10994.695156940597,10990.71300508328,11232.008731257352,11604.710624061265,11988.67180813063,12437.678324612332,13069.468196958956,14185.977918462571,5480.123919374507,5917.778850928183,6538.520131268821,6981.45914958868,5981.810761269662,5973.021715874509,6875.980395016913,7795.837645302264,8309.497383844275,9263.344174785321,10050.574856969472,9746.310544500453,9944.291668756558,10603.926677934254,11374.236898760815,10578.631267214074,9610.797156928138,7379.419504495113,4940.482980571226,4456.714286400492,4157.075583238527,4284.245864557076,4919.689614101838,5956.431909771143,7393.519888318183,8611.990871176766,10858.289509767392,12369.47570032377,13461.995849550654,15032.740758665423,16924.19935014342,11683.09781514112,10952.085084482233,10086.591406464851,9366.112659820346,7765.268885218186,6537.411121011958,5935.553757601845,4546.407165439335,3228.521036604408,2320.6918719271266,1004.7080228324796,941.7245183327847,2008.827490894562,3827.9150759332347,4646.113942616521,6930.298547534787,12488.27481852903,12009.163392514512,11139.605441187,11522.191119583355,10410.148644917648,12020.322180306113,13187.43665982802,13701.631445663761,13857.932889054464,14219.962876249514,15578.19210964339,16018.90155218368,16720.950124716175,17408.391372067475,17967.864984627035,19139.322321256383
Aragón,12489.491091149319,11097.441806728231,9976.748413275009,9123.879722567306,8486.659794811272,7688.673423165795,6760.593234100329,6167.009785655917,5637.759442837113,5188.096884409481,4748.863209682588,4189.023150877969,3491.5971900368418,2969.721713376833,3099.7090160518023,3195.1552137402523,3478.6640046560715,3905.744507740533,4543.146722452825,4476.9257932617775,12486.884803041237,11259.141497573546,9707.575275169262,9007.27901439211,8347.556716153724,7905.124097977658,7514.723388257222,6896.527295557929,6229.932890007749,5587.660230247806,5067.769383017792,4609.701499809639,4285.252421623132,5593.931665014768,6234.907023524386,7013.48204328599,7582.890717278974,8339.123236746707,9171.93683118888,10175.570733950044,11018.122796354643,11980.08841049943,12756.416891154782,5473.743134581506,4789.161860173226,4691.226416692971,4943.945019044582,4967.316165998455,5195.0379878472395,5773.108427699276,6682.682586498938,7291.539836577891,7875.829551608928,8774.281747856492,9630.032884944767,10401.481301205748,11438.008238760267,12637.996351017013,13620.723614140592,14583.747305735309,15291.36264155622,16246.150987914092,3775.039053038059,2846.503837845491,2230.2342785077844,1987.0734384894963,2107.0315013705685,2618.5908206086096,4149.880989462714,5286.589176466514,5814.164876911777,3211.82949314793,2072.7308870124916,1136.0252177881728,0.0,993.7223417920293,2649.6166405067383,3857.675109494788,5580.46799607244,6866.914995703376,7753.686183119547,12413.521780321704,11544.765687713667,10441.351343318687,9251.342824230955,8108.057456098727,7553.6058278890705,5710.678978703156,4097.490585287352,11182.14092111392,10231.865085777557,10058.56816725559,10059.725878036455,10145.703975012771,10450.479458504706,10941.252114546536,11517.224460717403,12012.980265160142,12703.228806517074,13913.28296206668,4605.228178775901,5236.972379819458,6012.7989255826515,6561.29363040127,5884.9207624267765,6180.113708054698,7167.635189345747,8170.7446056986155,8726.84532250059,9679.294697477879,10566.314617939765,10343.96218766941,10615.130193398749,11365.430466439928,12210.857328642192,10015.755718942628,9098.795322935634,7035.870289338825,5059.382689261937,4803.140762522845,4773.6376238308685,5081.742028459324,5880.265947805861,6977.023612140616,8457.482080658685,9696.224863465288,11960.661428456,13476.254980042602,14575.969705546504,16161.631106526982,18055.49974094303,11728.704812553182,11015.035121860366,10173.279026424354,9475.23277547994,7939.206321091543,6783.060051153123,6224.436341847394,4976.005729180264,3832.7573849227883,2910.9127752500863,1765.559765748155,1180.7286456924423,1808.373909751508,3010.5087300512632,3790.3786036316524,6000.733843752687,12194.833316683998,11778.300763026027,11021.338182229088,11518.573812944594,10709.415581208927,12487.931583175017,13719.849052563362,14281.354627939238,14521.474316843985,14948.223511687966,16347.82624228079,16824.92793130086,17578.957400257717,18312.14944414023,18905.559432982514,20095.61589325735
Eduardo Molina,11630.49370821552,10247.762790706833,9091.667556028868,8215.416219387213,7582.042070573166,6792.508099084572,5876.95663353714,5290.904996246174,4791.474982033003,4386.23983896322,3993.420461259751,3530.312211428864,2871.858545671827,2445.726886707588,2789.0561173050082,3137.9918559291054,3627.199191123147,4176.06773806847,4939.381633202712,5063.823910540916,11494.731890836407,10267.301800104216,8717.446812776294,8015.403645183518,7353.88009747628,6912.570865986116,6528.18262186846,5917.5659441933285,5267.51366016101,4640.505003918316,4147.216502708453,3712.1186694020216,3451.025936935301,4937.496291657741,5634.22543654372,6467.4727684781865,7067.921258704738,7861.250863165954,8726.0849451481,9761.670000202002,10624.988235870505,11601.153093205232,12433.607378573623,5098.715648339825,4205.811280894637,3932.350631753398,4049.069585332055,3977.68296482316,4214.389581538407,4854.645926490747,5865.824945623762,6504.883507715812,7123.972064161004,8097.010893065503,9006.277884988647,9803.736654222073,10849.857645604823,12057.291646233107,13045.64497615227,14010.821722948875,14774.897736875637,15778.527880751395,3613.923450566393,2561.6748887099275,1622.869378632458,1087.9181498804548,1130.5389327022656,1816.8793924957668,3634.0872551145803,4859.004924422958,5445.618478059991,3637.870623326955,2637.0575494776126,2046.3211749773263,993.7223417920293,0.0,1731.7820618517492,2937.7397183554094,4771.955472455312,6125.22437879211,7067.785606414225,11547.456398171187,10644.183501342444,9543.411201727262,8381.697055323208,7262.977652529756,6757.706216359243,5049.261986476996,3614.8052643120714,10264.849703715794,9284.740245478391,9084.327208398503,9068.901413833366,9175.189279626211,9501.8605176659,10044.616688087184,10726.719281632855,11249.827550038026,11975.231676938765,13243.83263463233,3637.719122043682,4363.388994793389,5228.601363564573,5842.446707305307,5429.776872930942,5973.985237049667,7012.327049899809,8072.091028275991,8658.839124591657,9598.352351138918,10570.141203265328,10429.56235499833,10772.199896489437,11612.794786487504,12537.637817490096,9176.595622286624,8294.75624821263,6365.374159943073,4814.480585877742,4769.057772139855,4985.736064778644,5457.156696084049,6415.081606360062,7575.280896315064,9110.894187466101,10380.30958993983,12676.282272518309,14199.496248933961,15316.438026574944,16951.139725188947,18855.453160259283,12356.605919299725,11658.142895854426,10836.653400049703,10157.302615002922,8671.940100543501,7566.013188349739,7035.186533675201,5862.641541192888,4787.308121231317,3874.769540254126,2759.27970487307,1667.9520055520393,1656.5215733387092,2094.4605992824922,2837.7309304772903,5013.192756442064,11518.059868535327,11147.663823014549,10478.551966513303,11061.373821176301,10512.869618188495,12431.253703566701,13717.868818748644,14322.994793777576,14647.16439519551,15140.759741964044,16580.858045995978,17097.87048591085,17911.373084320694,18699.906276309783,19336.65788610117,20550.052042828975
Valle Gómez,10856.544211102904,9524.35035358989,8266.0765521598,7317.638883859034,6715.764529086354,5985.2528152109935,5158.809402017707,4636.182470017085,4285.516136996106,4069.5299896552424,3864.2612220518154,3722.238464322385,3274.6459850154006,3136.461029956644,3740.7620032962454,4348.942432588748,4998.31924731263,5623.452257679878,6462.016484189584,6709.833947898182,9949.521159243382,8720.828351276228,7155.882476301899,6479.067275028731,5874.084958348375,5503.885176148378,5217.828599613154,4696.485152793271,4194.8589482556,3699.564688205358,3392.0055223306176,3117.788642390963,3149.6784134457776,4971.094052181608,5745.712516285472,6650.019080549763,7287.284292129183,8125.048904654475,9025.651963839437,10096.216923441303,10980.593767553588,11966.068958236683,12887.444014650639,4055.982566913367,2868.0417011261043,2324.593279036872,2317.40277168281,2465.858160303526,3056.030875193576,4048.691538130247,5385.4277395957415,6085.464894330415,6778.298091674367,7912.2104418465515,8922.929067266967,9760.101723468368,10806.230015979016,12009.95625398001,12996.882147893859,13955.177488747571,14830.8342071891,15923.868387142636,3136.77284387279,2132.3539079413863,1070.1248714459964,662.5860006288686,1185.219467951498,2107.8718270183763,4117.192808120301,5377.288162986866,6026.09606185251,5219.205029648716,4318.782618479351,3761.0050536703643,2649.6166405067383,1731.7820618517492,0.0,1210.10225816593,3087.122200177384,4492.362739629615,5486.545400911075,9817.418958296788,8913.744992484993,7812.419160339206,6651.771872914578,5541.92470385719,5068.95809134985,3541.117253073151,2529.291002366957,8539.531641802489,7583.064108613167,7437.145058672776,7670.572282239495,7955.189287276382,8401.167253972906,9159.403521640734,10177.321351270839,10769.204043237294,11577.945738000806,12976.446252192763,2650.396518619785,3793.88058983201,4892.466195976384,5651.007167147413,5854.984668092871,6785.749771793724,7856.902644656434,8966.914217022095,9583.11806832019,10485.166280217902,11560.000343855792,11529.477194130826,11956.929294875423,12895.231661282,13900.701744932998,8507.651804111625,7757.593993741612,6268.72312284231,5636.159120419524,5877.049443409738,6349.005671486933,6951.155359339908,8013.580052534207,9206.240798178053,10768.742074965156,12052.328666584044,14361.599135237271,15887.13661294142,17011.91328730256,18666.91989655188,20574.35490647898,12852.264778147479,12194.528716408071,11427.229879899049,10797.993918101596,9447.579696012783,8474.105197005847,8016.977099363798,7047.241655327932,6174.779208021785,5314.273815147238,4364.049062571316,3366.4554585777146,3022.315181292031,1818.2580523187125,2096.115943027476,3733.4231544846543,11256.795815710313,11002.34941756672,10540.431247619497,11286.715509664122,11208.12932937761,13312.068342441757,14664.084433324733,15324.848154049027,15758.656542592116,16333.536558554737,17815.55108467402,18377.683497393515,19256.079578164194,20102.416837499113,20782.582976222682,22016.946342634168
Misterios,10329.98148841671,9054.98265436065,7742.238133009503,6759.284943560033,6200.285201490321,5544.8964296625345,4833.541090831524,4398.59689435452,4196.7394300541955,4145.864888931105,4096.261540067341,4178.255354344582,3904.307285703966,3928.0674859086316,4601.400679341534,5299.14694590221,6006.193020936233,6658.40255963823,7527.682529735685,7846.080851959426,8846.684074667812,7621.821916481014,6053.587238356964,5402.863518491816,4854.535820715847,4556.072553468033,4369.3680860251725,3953.919427255593,3625.1790427673086,3300.074055004018,3199.639145454814,3104.817292571727,3356.9558716504102,5217.2647893502235,5998.32259941865,6910.080628320382,7549.704067199336,8393.286358402303,9297.157833256659,10371.473053891357,11256.654457744551,12235.819181762834,13207.597078284225,3781.8598011388613,2401.441300931118,1501.4166343414595,1126.3132159339473,1570.4781880994358,2520.4332609468383,3734.641719499411,5234.883190548238,5944.381094750358,6662.840007356151,7876.144769745221,8933.40561770581,9781.408891422636,10809.91035614647,11994.528951015569,12969.194866754202,13913.252133790256,14859.435877465865,16006.503538862997,3459.2957555754037,2691.7440126187103,1978.268304755719,1871.3185744294994,2200.063886534973,2886.506283944135,4706.921744672599,5907.1384729639385,6564.717205390254,6329.014867356177,5487.859699604856,4971.098427572996,3857.675109494788,2937.7397183554094,1210.10225816593,0.0,2027.4272699543853,3484.222885672635,4529.895028173124,8624.184337892544,7706.584258800754,6606.287573442552,5460.501772615887,4374.32887823795,3962.9734831757632,2761.521888953556,2431.112739258227,7329.550516433927,6380.004928309697,6268.37408091733,6696.612292087903,7123.075985937811,7658.023035197153,8572.683129517978,9827.15945828204,10460.58262197099,11318.878626206517,12794.423060819765,2369.0331929216873,3705.8210137860947,4883.236267596734,5699.271191623253,6305.040777515787,7438.734142890219,8504.289007854028,9625.712018478134,10251.633967751253,11118.450506100322,12249.098992393752,12290.344337709903,12769.84065884759,13766.934178303349,14822.005100295553,8099.049184208972,7467.328782466736,6353.599909894415,6332.249811533902,6725.333252098669,7327.4996751341605,7995.937515325627,9114.267184206492,10324.014411106462,11902.231824641529,13194.84927816308,15512.896902137803,17039.497805697127,18170.689228982654,19845.09833616761,21755.709409350606,13436.83956967004,12809.756185615963,12082.321213050576,11489.103115901911,10230.800679315524,9340.57923786688,8926.979634601475,8065.447253055778,7286.000515894164,6452.30646679325,5556.299853499501,4549.833527783826,4095.52478430298,2377.345762999223,2203.5414165780003,2992.89151216241,11099.751436970557,10931.434366198635,10621.878020315611,11469.859103459621,11707.997084589735,13915.09084822877,15301.895303144134,15996.485682138755,16502.353764080635,17130.197346569377,18636.149713061477,19228.036311647505,20149.852456696866,21035.63520151802,21745.99485901037,22994.040922929285
Autobuses del Norte,10980.755492765828,9838.900935021204,8483.370499720055,7489.190829301999,7035.412789235705,6541.3885292131035,6043.450849333954,5750.572590696319,5720.9056507372225,5818.292433455926,5884.396007916968,6089.978931423165,5889.53230597772,5948.660618377562,6627.139920395771,7325.416260096679,8025.258440186118,8671.135184482508,9529.505508773378,9796.608376975657,8100.474099518077,6935.871490327173,5438.706318092761,4948.9634778282025,4665.84361246178,4627.841877105041,4725.3203992566005,4599.976287053621,4625.006475185789,4583.59662293046,4721.0269876231805,4789.721842102562,5170.628368068771,6969.806721973823,7731.785110655343,8626.985983925906,9255.451414092413,10089.201279940286,10982.669811219539,12047.17594421599,12923.922364425482,13888.48378251278,14898.68000369547,2905.172230206866,1690.3463960229344,947.1282372704529,1064.8735651589975,2604.049521218677,3776.647537391524,5063.842996663477,6625.159655076805,7307.033395317246,8023.234838694764,9286.014035033542,10369.130949276405,11212.57941686981,12204.17969850466,13349.760090389203,14297.791609780204,15214.17200547824,16236.316058638433,17437.03385734217,3664.773729919725,3465.6123309852055,3394.4522570706586,3687.7724797467695,4199.348819258104,4911.451710804989,6665.466894846471,7820.416785143141,8473.896544681373,8303.407488473309,7396.174692579668,6716.486781833979,5580.46799607244,4771.955472455312,3087.122200177384,2027.4272699543853,0.0,1461.2622498724427,2522.1539836222573,6860.847659150491,6082.444797329932,4984.758783374669,3725.125436352232,2546.2466130819785,1986.0549801169977,1184.2865176772184,2364.018643520515,5797.288524802907,5089.457012030802,5290.544851193323,6498.199214892914,7278.196058769934,7986.050285445833,9170.050867734393,10776.418358382876,11456.44115565363,12368.860002712654,13927.736427718779,3934.099564489602,5271.1803086907175,6438.148644375725,7269.000906649873,8167.493005398754,9395.916130416706,10452.502503858135,11573.957641406088,12202.093648602304,13047.485710266441,14203.436126057195,14276.249178937305,14773.397989819674,15785.122670024692,16847.602044773455,9012.289733786864,8576.512994177569,7933.447290148177,8313.999954717176,8745.820350940403,9352.565664342868,10006.639305681667,11096.72333342522,12292.96760791903,13855.272962205412,15136.716324528727,17441.88274197431,18966.489269401794,20086.810928703355,21719.484747292583,23620.705419304988,13409.222548212152,12851.21146301409,12214.272965524027,11703.627520784092,10658.868860687431,9964.82341304275,9656.048683251562,9064.023241592535,8544.503558689048,7812.341567911508,7135.371083927903,6434.533254158572,6088.2295081742495,4379.779338998614,4061.7623931475127,3820.4980548039152,12292.525389522656,12235.706013651612,12104.953560048578,13046.965829843522,13551.34937755576,15817.234129352686,17221.38918956821,17933.817824844038,18475.13126110544,19124.26100061847,20637.74232482409,21238.586417701725,22170.45033239645,23061.702265765485,23773.422025451226,25021.169004271593
Instituto del Petróleo,11773.219992156488,10728.350035265687,9376.227329898713,8402.112385622933,8017.953698947063,7619.690094536778,7233.530970556803,7006.993528819441,7043.196810682116,7190.802230496218,7293.352172627956,7532.96868116728,7348.450048675385,7409.168112702883,8085.587609670672,8776.182618268156,9466.273659873024,10105.388916770255,10953.22800367697,11180.9138532726,7998.380828667573,6932.460424724499,5586.450411168703,5261.765153259031,5191.364551605771,5320.831019035351,5571.170944096083,5602.039978834396,5781.6961857927,5850.547732155544,6063.606782200376,6180.2407288930635,6592.442152211138,8359.284407221194,9109.372341065606,9992.918815369934,10613.518790090342,11439.121339985144,12324.215140957087,13380.257352520059,14250.12254946095,15204.742471900856,16230.95238848126,2908.5199024827753,2314.187288248585,2192.877199171882,2498.8121499498434,3927.667293527256,5071.1987387196405,6330.637307137749,7878.416154796445,8536.516223393197,9240.798995803594,10511.549316512102,11597.34235145777,12432.239964570326,13398.517157367874,14516.732708504813,15445.244689439685,16341.827636872838,17401.29181262561,18627.20337593358,4306.479360394047,4439.031664807297,4639.724048649479,5057.439264983663,5633.73719176457,6370.360761836649,8118.6555576734045,9259.802105015422,9910.825600814227,9708.20395775371,8761.877047893528,7996.419443431187,6866.914995703376,6125.22437879211,4492.362739629615,3484.222885672635,1461.2622498724427,0.0,1073.2612162833775,5806.064689975623,5219.529119330798,4180.8834692626415,2867.6341028672587,1709.7663678552876,883.4026985472316,1305.6141192998753,3128.9596547869287,5053.802797642777,4655.672264725028,5143.954093674716,6882.83501434961,7860.230722414846,8650.376326173047,9964.512517075469,11745.07396864175,12442.876756295518,13376.243429620146,14969.39460354428,5310.348532466718,6616.200242944834,7760.331916666072,8586.533452137679,9589.716130776344,10846.23358796455,11899.42749372064,13020.160266872115,13648.657922597205,14486.216551010242,15650.390837613175,15732.68832574899,16233.588928098758,17246.264702541226,18306.22019957517,9988.855187503663,9663.900785732092,9248.28992194207,9771.023322851242,10206.518362224926,10800.502980115765,11437.848697565705,12502.640725637335,13686.604843973098,15234.39024444222,16505.495430621606,18797.956343683243,20319.520233209998,21430.15758468944,23028.40772003055,24920.54919669921,13429.552494959613,12929.49339968971,12367.465433942445,11924.208317986808,11048.265239466908,10501.76960169675,10269.181588377462,9863.443415046642,9514.873410260145,8857.62030706497,8317.971158120705,7793.126205396879,7511.5287886906335,5840.9508798902725,5502.9129644737795,4960.829689317997,13379.557058359982,13382.91374139397,13344.929552966092,14329.154636294863,14955.695510053227,17243.867488597083,18654.239001882055,19373.35416913197,19927.113998967896,20582.269271903075,22097.35200858295,22699.568515209878,23631.30736988655,24519.826448355518,25227.403834418987,26472.657802677688
Politécnico,12583.562588654946,11594.221511486023,10251.1483794845,9293.138079509408,8943.61532795041,8588.80962647634,8247.409969585393,8043.942337095851,8099.1196999571675,8258.046670372762,8365.852302833344,8604.659089081031,8411.283176208382,8457.954774064505,9127.862551546705,9803.883488691532,10479.80435079134,11109.861053692415,11944.551895659948,12131.606547551577,8300.044100038433,7324.961013320247,6114.612957876724,5897.407548611311,5942.046169756987,6149.031876787393,6462.859932827407,6557.278253299444,6791.505644058558,6894.308552400505,7125.8978471203945,7251.016733631237,7665.688291947532,9428.995742628,10176.598955713991,11057.196517129692,11675.574182916942,12498.621085077499,13380.91140587638,14433.89995391,15301.182640942341,16252.066395165368,17283.244702286087,3156.3229307665624,3020.5342971499886,3162.8388939172305,3569.9886190830894,4991.395287300686,6124.879133813302,7372.754306564855,8912.068414139527,9560.394973164375,10258.686089574232,11529.949074396312,12615.085699112511,13445.460268418645,14400.040023847823,15504.991845104336,16423.58675836686,17309.949639736275,18385.545052114783,19621.85711479069,4838.940190896352,5166.919718534569,5525.9483285568185,6020.628237731913,6647.167945153384,7415.04226963334,9186.715980965018,10332.25656794429,10983.61511908616,10681.653499090324,9701.715667450777,8870.215729690764,7753.686183119547,7067.785606414225,5486.545400911075,4529.895028173124,2522.1539836222573,1073.2612162833775,0.0,5351.531063299151,4984.07669765294,4059.1213229152895,2820.1156725189103,1936.1262566457465,1239.9102902603265,2045.1291131729135,3813.3626663944688,4939.294041232087,4825.294677309663,5499.1290273002205,7516.900831163083,8588.489922342824,9413.894591205146,10786.008641675402,12646.253642583444,13350.56052320569,14291.696770655977,15898.294337988144,6379.748956128886,7678.254479164559,8815.185257245988,9639.038071365434,10662.89022522963,11915.87694870793,12970.36619785006,14091.351863937369,14719.760994921875,15558.925172388681,16721.42102401896,16798.402686614336,17293.417687261317,18296.82514791337,19345.960109131694,10900.859489132798,10627.679589424724,10299.252604768502,10836.149864383917,11255.108258690932,11822.313884552668,12437.257559048265,13472.884059678416,14642.777270705008,16174.225483517275,17433.786274021913,19711.68078098541,21229.042968198806,22329.449587780116,23893.884417666442,25776.222303174913,13331.159777946219,12877.57899948173,12375.357856016823,11985.640599409351,11242.139809655622,10809.140488801339,10634.482432692734,10368.18732871378,10147.21801415635,9550.627370083117,9116.213846045312,8730.657857769047,8508.370688228257,6897.809496505414,6574.686864136702,5971.732721377185,14333.256451526386,14364.038302327599,14365.195706053835,15364.798854874998,16026.766733129669,18317.09019430489,19727.445764871816,20446.02804391747,20996.11585784919,21646.15046281401,23158.484968073473,23756.06458512678,24679.16830359697,25557.54368547573,26255.56309241059,27495.909053625954
El Rosario,11927.528161020962,11473.33511485265,10382.819862217604,9708.584583363569,9705.905451651954,9804.708894234043,9992.003918316073,10118.2730055316,10478.361454894111,10892.58731853065,11233.92313246513,11766.229744135913,11867.825884261583,12139.122614766997,12847.475307027884,13641.853227771424,14414.505037381465,15093.983369405356,15999.487151242263,16427.003418375407,5416.966239089162,5216.541179586234,5241.926657060368,5694.341207143243,6347.145013982511,6930.74314009119,7554.34127548233,8098.265054599965,8773.738674800565,9267.571338477363,9786.966709476905,10152.06677030023,10724.633709101627,12025.828669380191,12606.46889472318,13316.25156157118,13822.160386362566,14517.674790912613,15272.542503567287,16192.196737855124,16956.140238498952,17782.67238121108,18872.36108473168,8504.914095899814,8119.413306109607,7793.5280408582175,7501.71169677616,8107.476943092296,8804.795813695364,9634.205768976823,10810.387945648974,11237.30149239357,11770.974342051557,12914.151964323819,13893.773003422239,14597.84308446042,15332.935314963914,16205.455645834621,16955.88911071328,17681.300866311838,18889.35313038749,20201.3289896681,10097.869625489624,10221.534831989646,10254.074750197278,10462.702824269832,10780.498777604495,11221.93942300759,12449.27597294349,13301.046124526685,13873.979124399339,14886.26032245091,14107.421597015404,13546.965121362451,12413.521780321704,11547.456398171187,9817.418958296788,8624.184337892544,6860.847659150491,5806.064689975623,5351.531063299151,0.0,1246.0242970031084,2129.881054981539,3165.7596230097856,4314.878474776214,4973.046323830341,7111.199661589554,8933.16697225501,1831.8311910791865,3134.9243080133415,4123.8624692012145,6660.026416164267,8005.73385326414,8884.648418482362,10433.398255256354,12702.42421375127,13397.468573067981,14330.116636536213,15950.057169951586,9359.87120049339,10249.333977020588,11077.459182684654,11757.296611699787,13415.606799957905,14946.37527888559,15885.901914451964,16942.096344911304,17550.103638073713,18230.746221592468,19485.43375359889,19777.04757809317,20413.27274995454,21574.62391400735,22768.825765343674,11247.95317708669,11487.751198341206,12317.312621892468,14074.314338588518,14783.4695312041,15635.490190142142,16420.03455748262,17629.774911791166,18862.008585934247,20461.609655006614,21766.569397557247,24095.625318910275,25622.004475001377,26763.203644477457,28463.280388580242,30376.357406131374,18378.788910033112,17991.830170848396,17562.03758001143,17225.2778803289,16567.83617751957,16160.4987579116,15982.085616982233,15657.618828864894,15313.932844462312,14632.359985893703,13996.213141248212,13174.010610600419,12647.453284939258,10592.686493888554,9951.552713615654,8165.793816069776,14734.751720797782,15056.670534571338,15550.907509557916,16727.917963133066,18274.848108140362,20725.17192428949,22176.504930750212,22976.807519573675,23752.507217632276,24568.372966857616,26129.22834141585,26825.09848706457,27898.625692315432,28921.941074959712,29736.889423869856,31023.681123357284
Tezozómoc,10749.440924810096,10255.33803377882,9148.152069097116,8464.610218691465,8459.991292076735,8565.079924703972,8771.029982476757,8914.990566063905,9292.84942609903,9723.445260356792,10082.595744797287,10639.79156503931,10776.426385765022,11075.911844147957,11781.75895311857,12586.31866715509,13367.771622622242,14050.14978461987,14961.551398112044,15432.681892502436,4446.414102163854,4081.807981816289,4000.191676525344,4449.189837600917,5109.626919888407,5699.270355185033,6327.749835309641,6887.4632368557495,7581.421379875649,8098.253665094026,8635.42901650501,9019.049212042157,9600.145144247423,10842.464248950697,11406.52916011129,12101.79314070442,12599.700058217319,13287.379844456655,14036.050492220314,14950.84644133111,15712.234793425485,16537.07447892198,17626.841071598054,8061.809681629935,7490.685390075858,7029.0490872530445,6601.660380591783,7049.954385021243,7674.310051445418,8450.070579320165,9591.023931434052,10005.675938746144,10532.08932362675,11670.302760860664,12648.056560117926,13351.917549299968,14089.528980358902,14968.386795579048,15725.821049058448,16459.63817465375,17663.942020449234,18974.729482822957,9516.225364678976,9522.73088618378,9440.206637549594,9569.871604840533,9815.479440807747,10191.24241994642,11327.038779803466,12140.078210681813,12701.807167270666,13884.63474020255,13155.487557913733,12669.920803789728,11544.765687713667,10644.183501342444,8913.744992484993,7706.584258800754,6082.444797329932,5219.529119330798,4984.07669765294,1246.0242970031084,0.0,1104.2737437604835,2377.328699234049,3578.2217407775715,4342.906191430962,6510.062428423119,8290.921608705687,586.2379015212019,1892.2269441121448,2880.666135583086,5438.535132991401,6786.1028220031585,7671.047782572601,9222.099637973502,11481.197219811344,12179.56802212949,13116.261417293825,14740.966970863985,8250.497094355766,9082.580587287282,9877.560936419599,10543.446778084306,12234.635637986143,13780.570569985386,14705.14434743182,15751.852284647726,16356.226330090838,17023.824099286587,18281.514420283376,18588.277290018028,19234.801416608832,20408.010886589815,21614.36605286163,10009.834575169518,10241.879346427213,11095.103395614557,12935.27089430998,13674.007976219142,14560.177601835305,15366.898457271818,16600.77042796873,17838.892659054152,19445.47588476183,20755.25917702055,23088.440954029596,24613.004075172208,25760.89647968052,27490.822929274505,29408.700312316556,18263.51365900727,17834.063018584726,17351.596987201476,16969.31495728129,16204.702691002563,15709.865679473534,15487.693794586638,15058.665671166214,14618.600339574126,13894.783867130034,13179.62982183156,12240.45512359243,11655.3825013269,9554.954786324233,8879.938729745401,7002.700492809083,13504.900258652418,13817.950509140865,14305.088605453113,15481.90139201077,17045.55659936615,19498.943863867986,20950.21690705708,21753.39216486965,22540.481090927085,23366.120528150695,24928.34171710148,25630.72251801108,26715.385156577926,27750.910288424064,28576.86721856314,29867.169156157477
Azcapotzalco,10426.952624523183,9803.703657498058,8620.509435923,7860.442832768832,7785.137647333231,7807.137647328918,7927.795858534694,8024.0788970569665,8366.158077565593,8770.430903034263,9105.999747007409,9636.460966991877,9744.002489804152,10025.403178640467,10732.959281161044,11532.054771590687,12309.159824266382,12990.290335026306,13899.098965967118,14353.051667960912,4651.084467148097,3999.156133155583,3496.503677716021,3794.8577472167435,4362.105968171926,4911.471049241179,5514.113003854737,6020.039121613471,6669.743409874765,7146.63953062484,7659.525186461073,8022.239462985914,8594.897061281801,9910.839762511287,10505.33885171074,11234.000678689707,11754.649217377571,12469.559277503187,13246.008373014107,14190.862797779984,14975.750263650198,15828.004634061008,16914.384400213577,7059.669488121761,6422.671011081342,5931.810285911524,5498.9111391497445,5993.777932887987,6674.964429077327,7521.895043798096,8740.9037830657,9199.162569350607,9762.633314681003,10940.43158845183,11949.40577451368,12684.087681249737,13470.070049589442,14401.40746848481,15197.869497459618,15969.067472574441,17154.36926565909,18457.34572212883,8456.232345804165,8433.198354759494,8336.621786185435,8467.7272065385,8725.29035643886,9123.744155769045,10319.81390737413,11174.995411772803,11751.893081041833,12807.070958829352,12063.584754059511,11567.18819787676,10441.351343318687,9543.411201727262,7812.419160339206,6606.287573442552,4984.758783374669,4180.8834692626415,4059.1213229152895,2129.881054981539,1104.2737437604835,0.0,1313.6504424373868,2504.860990069707,3298.080468340459,5455.394111956979,7216.659788885515,883.2068876919705,1353.1332693830332,2417.67456362074,5029.48947937262,6360.745556030828,7259.526437463596,8804.397043916873,11009.126313345654,11718.236618646237,12666.998907218998,14303.585996091591,7231.424180206507,8126.524462046838,8977.871318488656,9675.96108386488,11298.315428156773,12821.48827559028,13767.548595308568,14829.704235658784,15440.417441445856,16134.243904318626,17384.89018343851,17662.780327810477,18292.689491817695,19449.072215823806,20640.292840372782,9453.346159267085,9586.571586401067,10251.267796567981,11944.561741988107,12655.975903401033,13517.906148324777,14312.09035129721,15534.650386310235,16770.503399000918,18374.529293802058,19682.63998651611,22014.572940751394,23539.968150286095,24685.54232523248,26406.244209975135,28322.958221660712,17388.404385583366,16936.538018230716,16427.457554126624,16023.26933107934,15211.31336935268,14682.652358283449,14445.397173383755,13985.870883189264,13525.832717594341,12796.289696108102,12075.520738183837,11144.589561669512,10573.798941015973,8490.347127289255,7833.477091244519,6043.112105440045,12984.18163434868,13242.236174503476,13640.428038579314,14794.934736955258,16220.217369463964,18661.04633170933,20111.846442853614,20905.298199293513,21660.909590021824,22464.698981965324,24023.888090597928,24713.83322704838,25779.689312643037,26797.361872139598,27609.150279618018,28895.232296010967
Ferrería,10667.231729951958,9888.584466328843,8623.074791588464,7769.780020805692,7588.788877086578,7475.214280224081,7442.55488585724,7445.903943536563,7710.05763506064,8053.034456181349,8332.560309497885,8795.668231926536,8829.065514931266,9058.677954056646,9767.241276402372,10547.02855566546,11308.494545856447,11983.725229837486,12882.299613463138,13280.032861313892,5565.607761708615,4701.857234198697,3773.0176516600704,3821.8734943497825,4186.280627394966,4628.513627457901,5153.909674653667,5537.088059592462,6077.698872415896,6457.763938682383,6906.3908583153,7214.238026711009,7759.430579897749,9225.534349758751,9874.69434141168,10659.615055612216,11216.939907205935,11973.804637950947,12791.619620043819,13779.540701691805,14597.259523645414,15487.642036213963,16563.301993894896,5753.575849919514,5115.763018255831,4668.4468696023005,4336.768611243339,5050.767575438802,5882.132917346025,6876.723460186509,8228.734779549442,8758.41447779971,9377.312532996044,10605.415586532443,11653.24041326606,12428.558726199355,13280.06357653226,14279.842034692321,15125.360165765163,15942.755021809922,17095.816002706655,18381.982769719732,7146.017709210618,7148.823803278517,7107.020056367527,7297.0849257785185,7627.029097846781,8110.11665156834,9464.308252531857,10408.787851195208,11013.626674151814,11744.719787949016,10946.607903551689,10383.757788966184,9251.342824230955,8381.697055323208,6651.771872914578,5460.501772615887,3725.125436352232,2867.6341028672587,2820.1156725189103,3165.7596230097856,2377.328699234049,1313.6504424373868,0.0,1200.917948443468,1984.5794626686363,4143.049809477373,5914.096530470198,2187.4765973451495,2056.281322078125,2902.988793528172,5310.087193122373,6561.352004638623,7449.665947435218,8950.952242855548,11050.073775985727,11765.272420156609,12720.414179237083,14359.00070765222,6377.8550847639435,7411.203552839616,8367.677169250694,9118.523038135183,10591.178800619058,12057.667736958378,13042.559716156824,14129.979439162797,14750.214926168494,15490.208825650474,16723.261667193987,16946.095369705974,17542.013388024556,18662.13839086505,19820.09820574756,9400.255153549148,9386.136078406495,9730.48111277677,11117.131405738684,11761.237574302451,12558.654903433233,13316.330871860979,14503.177313906472,15729.93495501364,17323.769097849516,18625.112182494966,20950.87949630939,22477.65829691285,23615.16790115808,25303.924009529077,27215.570559729455,16140.913866027568,15675.24900580139,15151.032888097543,14735.63130680034,13904.726091267432,13369.318771401533,13132.017966321511,12682.620515823293,12246.619340539239,11532.387777948134,10851.04906019354,10010.074348133394,9503.691445173343,7490.523215808251,6895.7601578475815,5361.746657508087,12938.370419275532,13117.22547542502,13381.929888991373,14494.596074459017,15689.305773228529,18099.2509638701,19544.803712968092,20319.45641865929,21018.242041772508,21781.033591510557,23331.812812172993,23997.800968414766,25026.87910065337,26008.93656348695,26791.86335076685,28068.188851170336
Norte 45,10816.455261271452,9907.661857139363,8589.408427850409,7669.602474343778,7394.860589765578,7156.216115380308,6977.259597870952,6890.320674246098,7073.086886680255,7350.504187626161,7571.801692425607,7964.953926163222,7928.29721034656,8107.992901532315,8812.473631159075,9570.499335202305,10314.74337809371,10982.266220473071,11869.221750523906,12219.629021419814,6391.551946485015,5392.423521732919,4191.758530517506,4026.208132356059,4172.2510651655375,4477.609268393994,4894.804873449459,5136.738327129119,5546.291591116971,5817.128059436786,6190.397039380325,6437.668984665743,6947.041117336317,8536.858201740037,9229.628562996266,10058.431230191436,10644.16908299679,11432.779194914829,12281.792459502107,13301.783673754218,14144.009974945939,15063.719240741899,16123.972126810095,4617.7049518625745,3917.8939459733238,3482.837680089231,3249.520031989011,4186.44339504157,5151.771691901245,6268.780573919462,7720.702988690209,8308.696099555242,8969.589063036155,10227.490851271767,11299.32663143865,12104.423081029478,13008.562330210962,14063.192058411341,14947.693367423779,15802.184407762985,16919.487042322162,18184.236785064437,5951.918824939355,5950.012286865637,5939.254812614732,6175.23955640389,6566.76726388482,7123.792379150119,8613.076821451694,9631.937395171284,10257.47152108272,10697.00460859531,9856.383020140014,9243.201729373635,8108.057456098727,7262.977652529756,5541.92470385719,4374.32887823795,2546.2466130819785,1709.7663678552876,1936.1262566457465,4314.878474776214,3578.2217407775715,2504.860990069707,1200.917948443468,0.0,839.5531775451769,2955.2533829875674,4713.963247257412,3363.8720624625544,2970.3121391341624,3569.2609728508005,5630.042714546508,6760.844584920678,7613.3176717374345,9041.995383907182,11012.962532372463,11725.399594337108,12676.713507613656,14303.553286825821,5572.445850786069,6722.169859472053,7763.174035566003,8552.42264547799,9867.376601042291,11270.71775988341,12284.723604863073,13389.004639506322,14014.762714313707,14792.576002490048,16005.025939422272,16178.601973499113,16742.97551133937,17828.770866199866,18955.77973971941,9300.989560589169,9150.932868426084,9190.377200405612,10278.684164052022,10858.416483869161,11595.696857906003,12319.65234292753,13473.818060268572,14690.809578568076,16274.069812125937,17568.50124260812,19887.224809899843,21413.825282345424,22544.4788748232,24208.835718189344,26116.026844362063,15102.456460542533,14615.10976198442,14065.478442466909,13629.574562641692,12756.536276520987,12194.409714199459,11946.866185605511,11482.969553803552,11048.547831985397,10340.356939734125,9681.446786405153,8908.278656535973,8457.810792382346,6523.049194596082,5996.276941736174,4765.826894224156,12801.88971221094,12906.639722950411,13046.87041992607,14113.199525174572,15092.066920552683,17464.500678780598,18900.753516049896,19656.667594419305,20304.000948015542,21029.57111175103,22570.143696736854,23214.510488254462,24210.823871880384,25161.671624446168,25919.679180962965,27186.639515785027
Vallejo,11348.539073543545,10373.549479870595,9035.087119297477,8085.402183156276,7756.270763729116,7438.449759236541,7156.846015698124,7000.762216247439,7112.951785125733,7328.633326945448,7493.102151197459,7813.16971750306,7703.448947825745,7825.329573531267,8519.170166391674,9246.49167912739,9965.924547850262,10620.898344068875,11490.027685696297,11778.485468201075,7205.172728641678,6178.042656700713,4907.8181420620695,4663.912533666104,4703.49057915532,4924.122512962362,5262.757189189911,5402.395317670499,5702.705286250064,5876.833597593447,6175.127887742545,6360.572263232019,6826.512014024342,8513.262939868397,9237.422787780839,10096.357283122506,10701.17480727593,11510.247752479376,12379.083120844343,13418.91414863466,14276.208664744448,15214.429471886053,16259.735041572792,3783.9422779755123,3159.71468177555,2867.5441021172123,2874.523314389556,4076.5714102799,5146.9688691258425,6347.042469859891,7856.879822279338,8482.398989435322,9167.546638090322,10436.456537588241,11518.27178596155,12339.80683419884,13275.849086547487,14362.91828486682,15269.832829909454,16145.536934050022,17236.653688446677,18484.24188787818,5174.645408790799,5248.589403370472,5346.1269457652215,5673.82719382551,6159.17278179747,6808.468896968888,8433.935867940407,9517.558777579796,10157.967996260011,10278.303004965454,9381.818427732564,8688.898280805019,7553.6058278890705,6757.706216359243,5068.95809134985,3962.9734831757632,1986.0549801169977,883.4026985472316,1239.9102902603265,4973.046323830341,4342.906191430962,3298.080468340459,1984.5794626686363,839.5531775451769,0.0,2167.9456518977986,3968.9796643443215,4170.406597886758,3807.4908889200283,4365.50215660792,6285.774515743282,7348.615987980925,8174.743481972871,9553.745455850312,11439.53106707116,12146.576080922025,13091.2126986169,14704.726372502602,5483.919523791394,6721.925331204449,7820.954067375938,8632.672638649366,9800.442787864138,11135.933756200064,12171.95466851006,13286.787901259859,13915.099493711965,14723.811143310488,15914.22460074365,16042.722930977085,16576.18268929838,17626.61165102646,18720.988582823815,9701.709435861378,9466.916881799134,9285.23633339246,10099.675408746341,10609.516566499831,11276.929883902538,11958.67684003733,13069.266425220383,14270.9137101967,15837.509892965927,17120.91337778073,19427.45932968645,20952.23229478499,22072.863421658087,23702.76844483018,25602.50276609816,14265.01672405259,13775.988823310703,13226.05495309826,12791.62645214698,11929.322544811279,11384.75418234461,11149.380014832748,10725.028855481469,10341.831309473297,9661.866585621608,9066.833182091159,8420.57989788255,8053.664751156002,6238.398358936316,5799.219358611535,4891.795761469059,13158.693280328347,13215.170385962174,13269.945128445612,14298.618603295017,15107.481275841663,17441.78693234602,18866.863063356417,19605.33939392582,20206.876620849198,20897.984244402334,22426.950397972298,23050.63359767218,24015.091497068086,24934.983507614437,25667.791482458077,26924.27274561944
Lindavista,12164.188592925086,11022.402735426911,9667.103782033431,8672.551112170826,8214.13414285046,7705.814533798958,7175.238358967983,6850.987345374405,6773.568867977468,6816.120488233703,6824.255296708247,6939.525317839906,6649.157437112649,6619.54876288231,7259.723248665186,7889.735135564891,8532.635087719189,9145.271371805098,9959.588946328848,10109.055442796056,9025.725255064228,7900.97930022074,6456.454036415921,6022.065814047339,5798.010722563981,5793.558522930131,5907.784149179868,5780.673244042137,5776.557095488019,5686.912341418998,5764.258250188087,5773.413930453526,6091.5222529894845,7934.258115293138,8708.99738732068,9615.252630017418,10250.836357221526,11091.148830821307,11991.225293813712,13061.969644132301,13943.776732520266,14916.116181179626,15908.837351438046,1811.575287533782,1014.2803381182426,1266.0205805728222,2107.5844382268624,3699.6919986667476,4871.531037721557,6163.018492296614,7722.371891857293,8414.569060526917,9134.32809933814,10389.053266074172,11467.984709321556,12314.374478356896,13317.208434741615,14473.620590996275,15428.555024574274,16351.464084600582,17358.10560737454,18546.23148448939,3006.7001757922026,3159.007441199936,3485.7625736851573,4026.0467335096478,4723.373597610992,5571.003790805411,7462.441961885538,8668.633482513496,9326.227651830932,8679.247265272215,7675.434593726965,6825.340546147222,5710.678978703156,5049.261986476996,3541.117253073151,2761.521888953556,1184.2865176772184,1305.6141192998753,2045.1291131729135,7111.199661589554,6510.062428423119,5455.394111956979,4143.049809477373,2955.2533829875674,2167.9456518977986,0.0,1829.258939040305,6318.998432847734,5815.167902410096,6176.187770533439,7603.414317812736,8433.492990965191,9156.116893676393,10353.083345932839,11953.434187820574,12630.70294506502,13539.249789384121,15090.418936885546,4950.396302302217,6306.073489282198,7485.645721695446,8315.690545047191,9061.813433937536,10190.623115050475,11258.534128978501,12379.093556371789,13003.735112314274,13876.558274636618,14998.255814829554,15016.754085236636,15471.447147957366,16430.110320429652,17441.814890815,10189.667045935606,9734.344039774707,8979.209904231893,9071.820577319791,9398.478542693814,9887.463475620209,10462.179733583198,11463.659171765305,12621.810570060567,14143.141273570573,15397.452531314071,17670.592231271436,19186.881638231607,20285.56099153391,21849.29884740358,23732.702330176613,12393.938993220647,11861.16516553936,11259.545386217722,10783.328246313558,9836.491943928359,9242.77197087243,8991.666923401008,8559.761436502944,8215.701175917966,7572.442559133431,7082.853513991594,6704.613006752158,6541.074329704215,5117.843446114945,4946.794653263871,4981.930836079356,13445.34949761929,13368.930403123608,13193.411337640391,14104.923485581818,14464.226303835723,16676.258823077274,18060.849494427403,18750.857511324637,19237.7012143268,19842.702769213596,21335.83979492824,21908.50906597002,22795.91467228185,23642.7756775149,24317.47508509277,25547.187697272715
La Villa-Basílica,12708.619727951895,11458.240582397144,10132.054475468074,9141.210065117006,8601.050529367527,7966.568622213745,7264.503767819917,6821.44589866174,6584.6913593400095,6468.540341488092,6332.224264849525,6246.118895076789,5800.298264867321,5621.870053902268,6173.228888890373,6682.234645633337,7232.358992106359,7790.870479568624,8540.652762932732,8568.895688659242,10445.679367913814,9266.11446579954,7741.954810192185,7199.744050871588,6812.0554736094755,6651.788009695372,6594.260818398061,6277.907615721789,6032.486615040027,5731.186481584869,5605.24627243017,5451.652896670384,5598.274015996104,7453.1499483738335,8234.020590507584,9144.174397923069,9784.044357300776,10625.507835825863,11528.715097355345,12601.870681409868,13487.507264763768,14472.309472674475,15405.807396325581,1535.912319392554,815.3006558186764,1532.6452334112855,2587.332485602799,3912.0297121719564,4947.038417572505,6163.257038380287,7645.7407918172175,8355.91666977915,9070.75839238195,10264.855001443824,11308.077401098442,12153.563708893711,13190.487370075098,14383.427512930968,15363.174751160474,16312.48328742134,17234.839983048318,18359.292858210036,1302.3384927478426,1356.2122041991897,1994.5598575444733,2765.4124830059377,3639.2058315964373,4620.402332831637,6643.638885536409,7905.813573283617,8553.26971595539,7223.28461094799,6142.932180712644,5165.913856128934,4097.490585287352,3614.8052643120714,2529.291002366957,2431.112739258227,2364.018643520515,3128.9596547869287,3813.3626663944688,8933.16697225501,8290.921608705687,7216.659788885515,5914.096530470198,4713.963247257412,3968.9796643443215,1829.258939040305,0.0,8063.185274338021,7438.0562214132215,7651.170196450167,8677.793945396705,9300.934339269872,9917.02788180538,10930.537986265334,12253.736525991657,12890.455552437583,13749.981948821847,15221.547456782517,4781.582871753285,6088.664115744643,7249.309680272159,8047.009695421627,8383.023745361807,9287.772795688405,10356.51440820339,11458.512778265518,12068.743991455587,12982.275509912633,14030.18349132823,13956.102415533354,14340.189609622255,15214.549869252836,16151.998311819607,10519.254005772185,9898.43513052414,8687.851752641784,8129.488575232653,8278.331024853249,8594.347152896256,9064.518699988628,9960.90031915533,11073.613374683862,12550.43389698537,13777.53942996759,16019.680479492998,17526.551644026626,18608.602013133728,20128.693242509147,22000.54066404025,11212.405707953241,10621.670190665674,9946.853338325413,9406.747253344285,8309.874252810912,7600.846089594186,7297.95727568102,6769.248712962505,6386.808481454675,5748.616321939856,5320.482726319088,5188.081764635471,5235.8998606954265,4339.5773766582615,4469.35345537823,5346.634549796454,13522.678338704292,13336.017226489394,12969.429454404435,13763.683257120034,13734.549590211122,15814.779265774569,17152.015543857207,17796.149893548063,18185.45078326502,18716.712746557114,20172.634313256145,20702.08521164248,21525.36830626686,22312.868619812823,22941.36523521141,24147.590344257347
Aquiles Serdán,10191.525579764222,9678.96922798297,8564.888399483574,7878.442645327522,7874.9149887048015,7986.380361174019,8206.052256581015,8361.888569473713,8751.00648196348,9191.558974460975,9561.354359936939,10132.983116724321,10290.140462819374,10605.581594080877,11309.050859759793,12118.454109847735,12904.019238744422,13587.342157917637,14501.199514530372,14995.850365695123,4022.147749669637,3559.770803354155,3414.7626747564354,3865.6145862128324,4533.708092558062,5128.100241298213,5759.98501317275,6330.793410610383,7036.727894414015,7568.002751306305,8115.735184001025,8510.290512817905,9095.764905435672,10300.91752172937,10854.322734425503,11540.089094315976,12032.658183595135,12714.971538054453,13459.22163504742,14370.297735447279,15129.485317805558,15952.483296441349,17042.350820766875,7939.57618803574,7275.79616097642,6743.377780340878,6241.33181963537,6592.380386075498,7169.469297088553,7909.857480356505,9026.83452169173,9432.82989062721,9953.752585598653,11087.705232959817,12063.315457721681,12766.020314303354,13503.427729810739,14384.020366201268,15143.954810252262,15881.054906736728,17083.799998684775,18394.07556843204,9313.534536442266,9258.28676796254,9113.910085700414,9199.45422069395,9403.740340749593,9741.122321756431,10822.016960873603,11611.41150005796,12166.106075796173,13445.396404244146,12744.488104200958,12300.43780798276,11182.14092111392,10264.849703715794,8539.531641802489,7329.550516433927,5797.288524802907,5053.802797642777,4939.294041232087,1831.8311910791865,586.2379015212019,883.2068876919705,2187.4765973451495,3363.8720624625544,4170.406597886758,6318.998432847734,8063.185274338021,0.0,1314.346394139553,2294.8572212878994,4862.179382466691,6209.962248369373,7097.433503569763,8649.022792932064,10903.228988270974,11602.939268482633,12541.260896698144,14167.83158087113,7757.595609726107,8552.807325153772,9326.1002092291,9982.606135845777,11693.828725459263,13248.169457918706,14163.50123451231,15204.24195137248,15806.299547633067,16465.880913537778,17725.211602870408,18040.952311240017,18693.37772995003,19873.188675151596,21086.205105627243,9425.25508725049,9655.920019694233,10528.545672448816,12419.087387442156,13174.449493870545,14079.325312380843,14897.803491332119,16144.051306279902,17384.551448404887,18993.970701028367,20305.67413874633,22640.039996052365,24163.080122703454,25314.12837565184,27059.1737215306,28978.99696207009,18265.754747800333,17816.807044696645,17309.979431459724,16906.473621023048,16091.187590378198,15554.18176006669,15310.665273201475,14829.824004648943,14341.249102408203,13596.89492828928,12841.54699640801,11841.014506139321,11224.537346382309,9102.066117663806,8408.551395683799,6478.226257239997,12923.219574792243,13233.069782317414,13719.083004956583,14896.429881711045,16473.477116537204,18928.69549622455,20379.843910830954,21184.79599902355,21978.842870525375,22810.249254452123,24373.14421074906,25079.262539076484,26170.22740620355,27212.562112667256,28044.58786205177,29336.704859071437
Camarones,9077.384684681867,8479.418183028161,7322.931035266775,6601.746217010813,6575.531354594775,6673.103165053947,6896.26181939629,7064.133171829457,7467.761803640551,7922.530376287766,8308.686043521464,8903.5818097492,9096.951262357676,9441.23136875609,10138.414229467751,10954.963505968002,11746.526945146896,12430.316900669934,13347.158040016497,13884.841341467116,3509.473981097837,2704.3953070220555,2171.06954735617,2561.36981239531,3219.3733866616894,3814.935734490664,4448.795315083494,5030.422942394863,5751.598131542436,6304.348812532864,6868.520628624635,7281.162952843412,7872.888026255053,9016.725085456404,9556.351409706123,10232.335857357013,10720.926766181381,11400.900659749997,12145.164366704194,13058.636329617639,13821.216652500396,14649.63927308992,15739.045885425394,7554.8957160552745,6694.083091950017,6010.75599807975,5347.016244268106,5474.89352243871,5952.177561944125,6630.008793345518,7717.4859455375445,8118.716978428529,8640.28433429257,9779.228358089043,10761.40583436316,11472.359120504789,12225.802600388533,13127.777809834288,13905.99316172377,14662.279167059696,15855.524946846785,17162.21318426901,8726.951083865877,8535.15885112722,8256.228550364061,8245.540341556689,8361.169686022726,8618.871401467863,9594.457883350402,10344.69604625794,10888.763347277805,12332.935814646398,11688.985363434791,11330.638202983244,10231.865085777557,9284.740245478391,7583.064108613167,6380.004928309697,5089.457012030802,4655.672264725028,4825.294677309663,3134.9243080133415,1892.2269441121448,1353.1332693830332,2056.281322078125,2970.3121391341624,3807.4908889200283,5815.167902410096,7438.0562214132215,1314.346394139553,0.0,1069.146620978461,3685.7751431006,5023.970527775171,5921.256804627793,7469.71623372605,9692.606092102566,10398.73423604367,11344.377197199277,12978.378365797958,6560.427101358057,7288.034280757954,8029.725705535556,8675.922174212377,10409.745465018328,11974.851978719353,12877.21278451654,13910.30155981008,14509.574279137227,15160.835472799532,16421.577936739886,16746.790851250717,17406.17169388409,18594.21090501413,19815.977790799523,8170.472851138412,8363.843799646771,9217.247570801208,11170.968778406022,11952.86353435768,12888.96122474997,13727.294952254953,14994.301641250731,16237.625187477093,17850.505139477576,19164.491193442125,21499.208708112263,23018.567891519466,24174.579848333964,25945.848817809958,27868.225325886084,18072.442151944415,17581.818533630234,17022.980771321538,16574.23795875092,15651.087770694638,15024.457129888833,14735.704529837218,14145.323204455233,13555.479691634042,12770.920938934447,11934.537485038883,10811.847370614736,10134.715070620026,7977.169210580998,7250.247177696114,5227.615322600114,11687.902161918202,11972.53573879573,12426.77396232835,13598.48530879871,15159.442718866563,17615.188742604132,19066.27639687561,19871.939575755285,20670.32344174167,21506.63578959954,23070.07823014137,23779.86016719618,24877.61619425542,25927.987097840003,26767.667643940393,28062.031441233237
Refinería,8009.540995397028,7416.193024547362,6275.915183537566,5584.749011907869,5598.940094969428,5761.283800371633,6073.092442735964,6302.528424194206,6755.032403625929,7247.7857323771905,7672.580651308871,8315.068518160195,8578.391746594169,8971.029061804586,9651.882823522907,10475.027014706311,11271.85688042415,11952.81827333334,12870.264209207548,13472.057118165567,2857.099887009019,1827.5605082297614,1120.591094189062,1629.0856317568941,2370.913804525838,2993.4917342741314,3639.061987117237,4280.074456877739,5051.385753541742,5661.559426240183,6260.251663081407,6709.162268526267,7307.55331201526,8290.622329325093,8779.853857401351,9408.136726583027,9868.303948766552,10517.723078807334,11234.568344090578,12122.003231279676,12866.64566448709,13676.633361871216,14767.004481482638,7970.939360508281,6963.305982476828,6154.5150422435145,5334.904837323436,5147.251632732374,5426.376199522964,5936.024415975655,6892.802281226972,7241.91255600602,7725.367834604115,8828.489745647748,9787.503638166414,10479.608224716783,11209.16915640306,12091.204233903765,12858.109798315929,13606.074367836152,14803.236307039651,16111.651723480001,8953.35046268194,8634.237181920653,8216.537202925452,8091.943593009997,8089.3157976303755,8225.954442679227,9004.737025084758,9661.06144789269,10174.322779150527,11925.60817677232,11367.349273820359,11123.591639461438,10058.56816725559,9084.327208398503,7437.145058672776,6268.37408091733,5290.544851193323,5143.954093674716,5499.1290273002205,4123.8624692012145,2880.666135583086,2417.67456362074,2902.988793528172,3569.2609728508005,4365.50215660792,6176.187770533439,7651.170196450167,2294.8572212878994,1069.146620978461,0.0,2616.7718795599935,3956.595893152225,4853.163165897558,6402.485336800827,8632.765542560965,9337.211181349416,10281.221018978718,11913.90352941184,6064.932369884346,6630.54406231029,7267.038316695936,7863.082876035882,9677.485665477865,11267.553512166638,12130.43553618072,13136.514602359377,13724.871114116493,14341.158639676345,15606.780306064695,15967.768267304551,16648.444170715426,17858.372142788627,19101.251258208187,7132.220781145296,7369.434560550502,8372.194528565593,10528.117295734255,11362.341152393146,12352.709914535317,13221.79520501367,14517.932599153202,15761.75841171882,17375.709434649532,18690.22161918114,21021.075254251155,22532.461517162556,23694.400494610218,25501.959706841844,27425.809738500517,18551.55799702694,18031.8352078703,17435.70436746697,16953.62498112737,15947.237050689737,15246.995310837732,14919.468469854874,14229.893050729183,13541.694383255784,12719.489080330944,11798.303179263581,10532.476941539426,9776.146810521088,7587.93263795222,6815.555058855288,4638.710771291835,10638.359606395587,10939.200702676135,11431.287375258273,12613.799278386987,14272.743035775837,16735.608188290174,18184.953206423812,18998.687714760214,19827.917865773856,20687.522405435077,22252.334552069708,22976.159261295743,24096.619229262884,25170.429191127325,26030.22656164522,27329.57267685551
San Joaquín,5402.829526943609,4816.931366624572,3748.3778798607877,3211.7825528496014,3412.8272239534085,3842.3195325211104,4470.21352001946,4896.890173020938,5470.973971449222,6043.978860279195,6556.297486781065,7297.823558965578,7747.236887662289,8252.213133659232,8851.37036769322,9655.568903007226,10436.216326141703,11086.70793196124,11979.169421054467,12736.760105459281,2810.1486509972674,1840.8408346670628,1552.230512433231,1624.1212228740399,1867.9773901191095,2168.1706597329994,2568.139055153529,3245.478278351817,4029.57340737647,4731.99942402742,5361.5566296776915,5871.590178283503,6433.548664464851,6854.352552020894,7158.8518689284665,7609.867799639544,7964.8757073253955,8501.130237562951,9118.163188963768,9912.440391070768,10594.536744535675,11342.535783400313,12429.807811047855,9394.764939483748,8152.2872785272075,7154.834413445394,6103.181983809775,5206.807317825463,4893.68345488743,4801.738889655881,5215.301982611125,5355.954351360898,5679.4179912501195,6622.948426639358,7485.786449551132,8107.053909796637,8753.324924168459,9568.611481434555,10299.323369637259,11021.999736998712,12229.382221142005,13541.625486324989,9936.054308595854,9353.596202012079,8644.120028474663,8256.095610196435,7958.058757697148,7766.574286178946,7943.677217827896,8290.47557228382,8691.451621067119,11249.23702204972,10936.060234470322,10994.695156940597,10059.725878036455,9068.901413833366,7670.572282239495,6696.612292087903,6498.199214892914,6882.83501434961,7516.900831163083,6660.026416164267,5438.535132991401,5029.48947937262,5310.087193122373,5630.042714546508,6285.774515743282,7603.414317812736,8677.793945396705,4862.179382466691,3685.7751431006,2616.7718795599935,0.0,1347.7832608344663,2238.876508832241,3790.2388661060745,6043.169013209431,6741.082371471972,7679.225895628933,9307.36939714776,5527.4577334493915,5536.995884633322,5775.947687051187,6166.861360343068,8158.491400014269,9771.837893827453,10496.830549588653,11403.981505124068,11950.972449757535,12456.947080228496,13722.31587631622,14181.357283661398,14914.745825112152,16173.542406332735,17463.25832483252,4631.282987480823,5037.3429598848625,6543.551454684669,9245.017057944784,10201.393723380394,11313.76687890741,12244.10004661003,13589.319179919461,14810.759865459824,16402.06348774211,17700.601494223207,19996.172291988263,21473.452894507158,22641.7117432527,24530.20176815164,26446.12706232881,19876.61242954898,19296.84299957662,18623.498005197307,18072.177171480715,16891.272837504905,16034.199145629753,15623.249450837984,14716.291460104723,13810.547206085062,12920.070666885387,11821.032095123945,10243.997073147093,9316.358623028651,7187.509561536228,6362.603056261015,4065.43071486659,8078.5232215144215,8430.684619412852,9042.01457049607,10250.498252436619,12192.525109374266,14655.92425233505,16091.206103730809,16923.111816083714,17833.650205966384,18752.718663240325,20313.37064165566,21071.904895739266,22248.457544277746,23380.241719844114,24289.835223231476,25597.183422886297
Polanco,4106.4686571945385,3469.240745412057,2445.093738165969,2082.261436890948,2459.834717241155,3088.4676661679027,3900.854397434375,4427.6658442623075,5035.760090752832,5620.8106200077345,6157.4937967486885,6921.936610547541,7460.415620492462,8009.261919688656,8541.792219864148,9311.987613258743,10064.543608678181,10684.441547598739,11546.939077976685,12377.398739483851,3738.5343439737853,3031.1123960649534,2865.93869649857,2755.6930468842365,2669.1837049736387,2660.6646480302497,2755.10245534848,3271.9039988378495,3920.8980795561533,4591.445088913137,5178.2856340847175,5684.408890496312,6187.555210484375,6240.8751986620955,6415.09637794292,6738.263678690845,7017.674307589831,7472.957260829835,8020.658806908295,8752.642928998412,9395.011096808323,10106.111936104697,11188.22788996091,10178.654201625506,8863.469615125816,7818.654751648964,6718.0766511267875,5562.077721002479,4969.55764874876,4523.717179907317,4529.005006792935,4509.353293221394,4700.478965658117,5505.109796588909,6292.360569758454,6865.176239590991,7461.847092263338,8243.289148398098,8959.632905089127,9675.581589090427,10884.89010331568,12197.816041444557,10506.904165396765,9814.795457405206,8986.55297314643,8482.27862778031,8045.139598840244,7686.92275594752,7515.457921970994,7665.797978101049,7987.815894123097,10947.898592770174,10773.632162541553,10990.71300508328,10145.703975012771,9175.189279626211,7955.189287276382,7123.075985937811,7278.196058769934,7860.230722414846,8588.489922342824,8005.73385326414,6786.1028220031585,6360.745556030828,6561.352004638623,6760.844584920678,7348.615987980925,8433.492990965191,9300.934339269872,6209.962248369373,5023.970527775171,3956.595893152225,1347.7832608344663,0.0,899.2580509507346,2445.8896891515697,4696.691070296775,5393.470033848114,6331.536449871905,7960.478702892078,5540.486993876559,5218.9260564803735,5182.475015447071,5413.613586584235,7447.164598866196,9036.447863227282,9667.992276246852,10505.796575484723,11023.256888684395,11462.349526263453,12718.378390456177,13228.16410550764,13985.452409734322,15262.996231956,16570.79414525273,3337.139778982839,3863.7159439409506,5684.933685624625,8646.406562200116,9651.551480809208,10811.133888829105,11759.93210606622,13113.124740872747,14308.28825751924,15872.359335056399,17152.22412502531,19414.63859693006,20866.482888010254,22032.822096165186,23955.87409223971,25861.130927674614,20504.616361774657,19897.820461133295,19189.785858053558,18607.43619867881,17348.26038685421,16420.478808897584,15971.862319560583,14965.797163103036,13961.638762370707,13049.63013594878,11878.647186815913,10173.919372856024,9180.297873927622,7167.166095591851,6360.853621192255,4223.283576564498,6739.895622708038,7113.600574471334,7785.340724610799,9002.705355708036,11090.297439379223,13541.40546932804,14963.956626825386,15802.603160394934,16752.273973288997,17699.15900994723,19253.20399105061,20027.443829015985,21229.559302504138,22388.033739612023,23320.744303286214,24629.271870396984
Auditorio,3219.2538720734137,2591.255311254372,1707.7718397749816,1686.3243600453147,2237.164307427991,2997.5441373239946,3905.540933326075,4480.897292138095,5088.4374620959525,5662.6275154598925,6202.086820860293,6965.647401177594,7556.376509298325,8126.308316344214,8605.496990845735,9342.488739470458,10067.401226822582,10659.943204014062,11494.198168322797,12370.764673131747,4387.557917579876,3828.6578940481922,3765.1671845611036,3633.9435187734257,3472.4978772618333,3363.993892543708,3322.830371764356,3716.6834221437603,4245.502292128145,4863.278745987676,5400.0434980115415,5887.57186527953,6337.938574676108,6121.924006048592,6186.745787601773,6394.166561256653,6601.334701179448,6975.483091050211,7450.985540857358,8115.578708467194,8713.674472883722,9382.743082948675,10456.484875693626,10870.31451572812,9526.778587902165,8466.794073197098,7354.080732828239,6087.545510934984,5358.157874729982,4708.373465121798,4406.039143573133,4246.470436759446,4303.632058186723,4944.5299936634265,5637.653679326771,6149.54019642948,6681.314117330179,7412.453225396837,8102.474432400244,8800.642003473411,10015.614452818483,11329.907093658969,11088.000053143867,10341.175765084676,9453.868591990073,8888.23301651,8373.803656366154,7916.789400584203,7510.55238305994,7510.718178781572,7765.538089306705,10992.111421178926,10913.574658719212,11232.008731257352,10450.479458504706,9501.8605176659,8401.167253972906,7658.023035197153,7986.050285445833,8650.376326173047,9413.894591205146,8884.648418482362,7671.047782572601,7259.526437463596,7449.665947435218,7613.3176717374345,8174.743481972871,9156.116893676393,9917.02788180538,7097.433503569763,5921.256804627793,4853.163165897558,2238.876508832241,899.2580509507346,0.0,1551.774899179325,3825.1160123666355,4513.971072575604,5445.827123930292,7070.398199424148,5874.08416743624,5348.4888530480775,5109.534985683284,5202.192107379541,7226.656242826391,8776.048789426917,9325.253507176409,10098.593352826381,10587.71322703366,10966.516703904997,12209.006888255753,12760.575071244028,13535.25429526754,14824.224171034979,16143.184511957568,2589.1995683504897,3277.1347424807614,5374.030882400267,8497.890526008077,9528.790529579743,10712.903572796296,11668.093228570042,13018.675997258186,14188.658988609754,15726.335819510321,16988.119541008036,19219.875032968783,20649.67532328324,21812.300943829516,23757.432632470915,25652.0716792815,21087.139210479072,20466.18460274882,19739.85622315575,19141.042057583367,17839.81938602692,16873.373946842203,16403.943161080824,15342.16360090989,14282.152412153566,13361.377646245304,12152.506210896372,10379.753399935647,9353.324012164721,7443.393847410841,6664.721643803956,4686.486967635608,5887.3499891164,6297.931045582518,7047.1252861253815,8270.10891216379,10498.395543648548,12930.087168217098,14337.6015644978,15180.836668336471,16164.049807488742,17133.707341389876,18679.559572325572,19466.26723853181,20688.54703519299,21867.940924576505,22818.65597432056,24126.71470519747
Constituyentes,1812.9275303312509,1066.1693936297706,994.1893163914642,1843.766030314683,2465.4002942695843,3253.34512032706,4182.552096797564,4779.112007221516,5338.642372019804,5858.8455894974295,6374.822382414514,7104.221417843441,7762.329485576915,8350.737401937227,8727.003072655134,9390.020112173628,10052.784798721234,10587.584030026946,11359.95753700985,12304.541654571114,5763.948548556794,5334.658373648482,5308.032631815387,5129.318165730851,4870.109793152651,4645.556173530786,4445.572912072185,4654.800788373193,4977.3218662834415,5474.598456916441,5902.383943193083,6335.375212227754,6679.77353643682,6017.633414842893,5883.61660565885,5867.796755654603,5930.166228558551,6136.6254335473295,6461.443200566577,6986.00684145806,7494.331447537834,8081.674702623151,9133.999738929442,12002.299743612262,10622.166328635452,9548.969185798423,8432.857588769699,7025.421349331176,6118.317756994895,5196.576661019283,4415.142927208537,4019.302055038179,3811.7499561284585,4065.5620441412416,4530.027048052607,4903.602752497174,5300.500622534499,5937.027794435653,6584.829993366638,7260.2788078251315,8480.719292923046,9795.851765276897,12031.973665189322,11201.696794104899,10228.861499822291,9572.379990540956,8942.327755184973,8334.70835990287,7546.746846730798,7285.123265907738,7411.923597683869,11032.765209650453,11119.112209833234,11604.710624061265,10941.252114546536,10044.616688087184,9159.403521640734,8572.683129517978,9170.050867734393,9964.512517075469,10786.008641675402,10433.398255256354,9222.099637973502,8804.397043916873,8950.952242855548,9041.995383907182,9553.745455850312,10353.083345932839,10930.537986265334,8649.022792932064,7469.71623372605,6402.485336800827,3790.2388661060745,2445.8896891515697,1551.774899179325,0.0,2299.3923541271897,2972.9323415129397,3897.1099579281226,5518.922064961317,6527.583160950967,5707.122669805709,5146.738172782973,4987.695159291024,6894.110872181996,8326.84133344556,8716.130244705035,9359.877177548098,9791.08632016769,10057.290439718821,11263.550095214841,11883.932404041832,12682.829494672045,13982.601741932007,15312.999210359036,1496.166614404068,2500.153200457159,4963.887435417472,8254.61168775902,9306.6832544766,10511.669052092457,11463.500898588043,12792.73013823717,13907.098075895334,15386.204801627751,16608.032230802055,18774.55190705797,20160.0840356821,21311.819754169454,23288.131609333373,25159.170286535365,21984.091863829613,21339.676654945983,20583.18597239056,19957.383269050955,18587.676230258738,17558.6460422288,17055.739332923367,15904.596650110136,14756.853799576216,13829.212015441975,12568.632146284559,10705.464601189762,9642.651307857685,7950.458900687773,7241.126119981547,5588.47461594696,4382.831281977037,4855.52207653612,5741.954838526982,6961.746186297718,9422.20101761871,11801.243207790978,13175.801333428493,14023.251067110528,15059.227408569688,16063.66524402124,17590.673089337193,18395.909123364,19648.486305636547,20859.749967257907,21838.188863157793,23142.603016407156
San Pedro de los Pinos,1715.5863808528993,1236.0760420096192,2430.0520550504853,3354.1433642871707,3742.457143510945,4291.191714400975,5025.364027418897,5543.461654899976,5959.322187919168,6341.612691199809,6768.925359047722,7382.740460591602,8086.3042113648935,8662.716130479173,8868.297605949623,9387.454737517042,9927.11598169518,10353.560174400913,11004.850861442732,12021.000223005078,8037.825690145742,7633.239376328752,7521.655715736569,7259.027885261735,6880.482557296155,6536.474833897874,6183.858674319091,6179.924905584635,6238.325420169175,6538.411120226316,6785.663632952746,7106.40374728523,7277.987640565074,6053.975304379473,5635.334304021039,5263.615152617537,5074.278550801267,4964.989233684111,4992.105344771244,5236.788259129515,5573.375444599087,6018.161805981241,7024.853267963841,13478.275142994544,12069.886732376235,11002.928265541048,9914.264713209132,8379.58789487097,7307.223449205257,6140.443072927611,4865.269618713426,4226.65102014036,3667.6882037869873,3150.283245119106,3041.7490884097397,3072.4549330580244,3176.7553512774375,3662.748058613945,4285.4640634064845,4978.906770058959,6190.610676418299,7504.7953331153585,13231.042152881764,12299.110486823434,11232.367907319915,10471.452333631267,9706.976639401923,8920.959454068916,7642.010319108503,7010.850513778252,6929.358265163604,10949.67870300804,11275.515445367775,11988.67180813063,11517.224460717403,10726.719281632855,10177.321351270839,9827.15945828204,10776.418358382876,11745.07396864175,12646.253642583444,12702.42421375127,11481.197219811344,11009.126313345654,11050.073775985727,11012.962532372463,11439.53106707116,11953.434187820574,12253.736525991657,10903.228988270974,9692.606092102566,8632.765542560965,6043.169013209431,4696.691070296775,3825.1160123666355,2299.3923541271897,0.0,715.2916675831162,1670.4570458453036,3309.104202971915,7550.165526460419,6424.996994883715,5505.944018260264,5009.298018189551,6489.281106301026,7629.8247083236765,7743.561142297111,8151.0622251288805,8474.28862743593,8555.086619202113,9675.823404849783,10387.36404012684,11207.14385412559,12501.4948377651,13830.550743796066,1764.2224528801285,2436.6409179090606,4686.217661191303,7881.584991067906,8905.188103596496,10087.312519531946,10999.314135440754,12256.900319733935,13261.133269977809,14624.004816506429,15767.150557229459,17810.487485392943,19117.81394137978,20243.870598288824,22250.127428667925,24075.66400764954,22993.721910700155,22317.411815020158,21520.15930080007,20858.17061859392,19397.331561201012,18285.60425814877,17738.90056848519,16471.218794489934,15213.522802572987,14294.507906910294,12988.236906732061,11051.720974092894,9979.866340942222,8682.359988328712,8111.619626451128,6990.500530919685,2089.547695760796,2638.0328047517974,3738.0635628530576,4910.673192928083,7676.102245267646,9932.842825446387,11246.156416300691,12092.115011856202,13191.502384938873,14235.643742155626,15727.367976856774,16552.68708150354,17838.890570273827,19086.543733567236,20097.32339361822,21391.414344058343
San Antonio,2035.804311621836,1924.3066626053635,3145.1326371035884,4061.9795093817056,4430.314496155165,4944.711253288001,5637.849796512437,6133.938170196686,6517.188716656031,6866.195172416907,7268.142458701467,7847.256422781303,8552.298105756376,9119.641638598165,9281.973881702223,9759.055904026676,10260.49458775964,10652.81801445604,11263.529652992574,12293.348952894698,8666.362651237812,8304.114093723761,8228.246745750459,7972.690935383766,7595.5520308157775,7248.279768535449,6887.7099537026115,6865.846628500734,6893.7687815234995,7163.424659227269,7378.959746633676,7676.198194565265,7812.578821620072,6484.523905525342,6002.9578917169965,5538.790762202578,5272.988397109289,5049.739872813656,4947.305032760998,5043.909268507906,5273.738344312938,5618.2994907208995,6582.255049257524,14136.042338363884,12726.099026765902,11662.436552824029,10580.368293838996,9033.951958448366,7944.28212088093,6751.370895586846,5414.295466097434,4748.110336737973,4137.205717784136,3431.2486044629723,3090.090089481082,2921.7630723748052,2793.5231244648703,3089.878039565145,3632.9355847807865,4287.67910200944,5508.327482658767,6823.5809224256,13844.510114291326,12897.054945507409,11816.893805806705,11039.707869531912,10253.272642442673,9436.40418174455,8059.193785272078,7340.852549621149,7200.262520250136,11286.167320883045,11672.800229536899,12437.678324612332,12012.980265160142,11249.827550038026,10769.204043237294,10460.58262197099,11456.44115565363,12442.876756295518,13350.56052320569,13397.468573067981,12179.56802212949,11718.236618646237,11765.272420156609,11725.399594337108,12146.576080922025,12630.70294506502,12890.455552437583,11602.939268482633,10398.73423604367,9337.211181349416,6741.082371471972,5393.470033848114,4513.971072575604,2972.9323415129397,715.2916675831162,0.0,955.1751974322835,2594.181559779155,8159.455570387454,6993.619316120367,6021.359584382694,5463.282685778039,6792.250002400991,7820.766865349473,7837.873369946692,8150.208771156771,8425.826898355532,8426.682572728902,9498.131482674822,10244.429506607628,11067.339941473296,12351.673994138242,13673.755590450262,2454.1789989592544,3012.1279647987117,5076.072932998618,8168.919830105171,9170.470618754469,10333.222701297813,11225.198931131055,12451.493284857195,13414.57269547449,14732.264706283213,15843.93708260009,17837.42028426837,19113.209515924456,20227.20749424004,22239.890477516452,24045.792555845743,23554.912064474458,22872.6967449604,22067.823468707,21399.014189613565,19920.70010774936,18792.726655109658,18237.31966356512,16945.974643492886,15666.114859190164,14752.413201131234,13440.726150028973,11497.28361188041,10430.89654515997,9229.585762179395,8689.883289623316,7658.250849951502,1500.5684545215126,2174.9250305863275,3431.871028175853,4537.259452170637,7442.289313296517,9615.92703589725,10889.365340013544,11731.020971734519,12859.733179584156,13920.385386704711,15390.386394342351,16223.721789082048,17523.489246599787,18785.949178983166,19809.893383230592,21097.17795589969
Mixcoac,2714.0285632361815,2865.0522087659206,4100.014787219309,5009.7813100483,5358.667642109511,5837.878347843318,6485.80732494645,6955.907983488344,7301.502629205224,7611.362039237614,7982.00589861281,8517.355729851377,9219.945074724743,9773.57755618623,9883.259135878701,10306.660470715791,10758.351401714022,11106.134677669537,11662.64655018951,12704.952013033753,9527.542372592505,9212.370503702547,9174.768564130953,8926.45787026286,8550.328642970437,8199.177084797346,7829.839060831319,7788.455002471182,7783.221384286471,8018.837080903564,8198.427121703156,8468.062296681912,8563.771439650918,7126.511315008381,6578.628838496656,6014.7551422419665,5663.914652885088,5306.897925512929,5040.962658124687,4931.871437231465,5000.274452188159,5184.963211621672,6067.040925528691,15020.19245422915,13609.248930726684,12550.318481630566,11476.92118876856,9918.527791526907,8811.10483039697,7592.714028109213,6197.010723001674,5508.98483496239,4854.545094893863,3974.7314807947746,3391.140205304067,2981.2055350338455,2512.165129399312,2439.4131053138144,2805.846486094468,3377.9880617154,4610.360828815931,5924.032948490109,14674.936572663932,13709.708581599554,12614.969440588357,11819.779407137868,11009.11829200439,10158.361590101127,8672.292357804483,7856.447920276374,7646.192686080113,11782.802943331842,12243.277432959127,13069.468196958956,12703.228806517074,11975.231676938765,11577.945738000806,11318.878626206517,12368.860002712654,13376.243429620146,14291.696770655977,14330.116636536213,13116.261417293825,12666.998907218998,12720.414179237083,12676.713507613656,13091.2126986169,13539.249789384121,13749.981948821847,12541.260896698144,11344.377197199277,10281.221018978718,7679.225895628933,6331.536449871905,5445.827123930292,3897.1099579281226,1670.4570458453036,955.1751974322835,0.0,1639.6574711766057,8994.403750215466,7787.248131857273,6762.6343829171,6143.149356225407,7281.754527125681,8160.942205567336,8055.309327393012,8239.84881737298,8448.963390540905,8341.603465587536,9334.756397179164,10122.86011645973,10944.348748955612,12207.641087006179,13514.10117927515,3390.842389464326,3851.551850676502,5691.236903010762,8624.848640960516,9590.892233496463,10721.462211185133,11582.951902463123,12763.163352446425,13668.928355451095,14922.70146238582,15989.346816195353,17911.321975318377,19142.1601909209,20237.7673658669,22255.465231015583,24032.437140931157,24312.976975970978,23623.618013766154,22809.545066684015,22132.52724126534,20633.243612161186,19485.833364956,18920.063568768233,17600.604871808664,16294.997637502149,15389.688964635588,14074.170254635143,12127.756860924774,11071.914326339489,9989.660027286842,9487.77837614431,8559.877144925927,1005.2356778116512,1823.599768338062,3224.7595593374335,4173.496875387088,7222.779727898512,9255.965832004258,10464.263160451197,11295.544260074306,12460.912258197322,13540.771688685149,14975.830440184014,15818.159653480643,17133.732760437557,18414.07775576848,19454.27047948814,20730.08165344803
Barranca del Muerto,4170.411309399541,4499.91983727292,5736.953094457026,6633.96680693489,6955.3407156867725,7386.347898851365,7970.151457262089,8401.256842601855,8691.98776516707,8944.092099969752,9266.236199692026,9732.202164528766,10423.08071457721,10950.539482584625,10979.973577100458,11316.877847200656,11686.51267415524,11960.610215484963,12424.821935565695,13475.76543505123,11067.633942988008,10808.039841670094,10809.855571451437,10566.098902210635,10186.2526895013,9826.310769144584,9442.013456957815,9370.6190015753,9317.200323332321,9503.212320921248,9630.579077927354,9858.822011640023,9895.294606381802,8322.162539957058,7693.427260521989,7007.120909398195,6550.3807138597085,6018.873875185777,5524.041502723632,5090.086598204874,4867.41655488323,4730.660033829179,5392.410657143614,16529.468167399642,15118.964504100366,14069.404843602662,13011.690012010038,11438.271419982259,10308.177104712637,9059.828956844089,7598.367041368655,6893.066391973215,6199.231026101746,5147.187774330317,4316.870742223917,3646.8582227932575,2761.2353590735984,1932.031537083835,1658.7343465934164,1878.7094068566523,3109.063642038003,4399.822393556101,16097.99425167239,15107.009358193025,13993.005057712893,13173.236146084064,12329.752739979122,11433.61282375621,9801.856797273049,8856.683996389724,8548.226018314408,12697.798333064095,13269.772927726486,14185.977918462571,13913.28296206668,13243.83263463233,12976.446252192763,12794.423060819765,13927.736427718779,14969.39460354428,15898.294337988144,15950.057169951586,14740.966970863985,14303.585996091591,14359.00070765222,14303.553286825821,14704.726372502602,15090.418936885546,15221.547456782517,14167.83158087113,12978.378365797958,11913.90352941184,9307.36939714776,7960.478702892078,7070.398199424148,5518.922064961317,3309.104202971915,2594.181559779155,1639.6574711766057,0.0,10444.069761708864,9186.088121907893,8100.853475433153,7409.686614757621,8256.652797194636,8890.520499915043,8595.962520790768,8568.963238190114,8661.701489410707,8373.735873556523,9203.462715553354,10047.043191231485,10850.304419969336,12056.811714365695,13319.201638245528,5005.267200148438,5359.112316936136,6883.0523178041,9520.96048219076,10415.500221490063,11478.519803304574,12280.100087449136,13372.119119332,14174.585590313176,15310.536397282787,16292.795936187385,18079.987885808285,19226.64833953502,20284.799957825195,22301.581753421677,24021.876123206202,25600.393633889147,24900.032518443375,24071.852111153552,23382.322270781115,21851.276236060865,20674.62847273455,20093.418516529855,18732.301836350103,17390.093190918953,16502.28072021405,15187.32676381585,13248.640956283894,12217.336953551596,11323.000458794613,10880.333693355939,10108.99685094931,1727.5058728416313,2212.4004253568455,3434.868928385409,3953.233403103533,7058.126700622536,8772.006476159466,9835.32924556384,10634.309357028102,11851.60535662175,12954.241830103114,14312.94747733851,15164.967189803147,16499.90938391068,17804.550851959957,18868.079501361455,20117.669697642414
Garibaldi,8208.416566456865,6874.053997319735,5620.508743401361,4683.818779110558,4072.785387787614,3334.885820299206,2524.859832993816,2043.2692603824046,1837.798961835186,1884.731420563641,2009.9154845856683,2418.3934209422137,2536.628688363116,2906.1664273898123,3589.7345265964464,4411.755041668906,5207.986049538316,5889.903937250578,6807.686361596973,7418.376491212148,8119.650603895949,6916.511742714121,5443.712318091593,4711.859430986719,3967.9562353334363,3435.8448824162433,2959.4181639610288,2304.9176827087763,1631.0537602324837,1053.618299476827,831.8138283873759,876.8772612878331,1382.1762121721317,3049.253087921523,3801.3559168785027,4693.139711873898,5321.461039393492,6156.289093780916,7051.837620918231,8119.147599985333,8998.66179017023,9968.214900830873,10969.401671672344,6147.74582901006,4754.667950102008,3768.1392949755364,2876.8665601261455,1407.3481759206686,654.4909600408646,1409.7345480726583,2866.6891792273454,3576.605001892769,4294.193747435063,5509.542222608412,6571.683138313086,7420.126140726267,8444.662822064554,9626.704226702353,10600.473547866435,11544.219062258284,12494.709465080858,13650.543099201184,5685.070791185208,4753.257024488182,3719.0274735864655,3047.0521934816766,2507.1939480735864,2249.9163416271545,3093.2024169598653,4059.497420125742,4687.812760117246,5879.638694404745,5435.728037543192,5480.123919374507,4605.228178775901,3637.719122043682,2650.396518619785,2369.0331929216873,3934.099564489602,5310.348532466718,6379.748956128886,9359.87120049339,8250.497094355766,7231.424180206507,6377.8550847639435,5572.445850786069,5483.919523791394,4950.396302302217,4781.582871753285,7757.595609726107,6560.427101358057,6064.932369884346,5527.4577334493915,5540.486993876559,5874.08416743624,6527.583160950967,7550.165526460419,8159.455570387454,8994.403750215466,10444.069761708864,0.0,1357.980170917811,2540.6019303870953,3368.187174302519,4316.866065686161,5699.90157778787,6713.042945500897,7820.215712085304,8447.091345672461,9242.378659770284,10441.794097247413,10606.38259543037,11178.505058478553,12285.678969222716,13443.650814299315,5862.615980111261,5150.021005544625,4030.5132614138674,4739.45745799731,5425.301467814838,6328.783312413894,7171.953878220027,8455.963681134292,9700.128249492695,11314.308113561967,12629.035914687962,14961.599349227125,16476.206503726273,17636.14698032737,19437.088271677647,21360.931058527975,15502.658328726284,14844.184498136721,14073.345008576496,13438.27382694799,12060.259749469327,11043.093269775703,10554.317098108117,9468.272708313805,8424.956377935756,7510.400655688002,6343.51597574324,4716.714256292855,3814.0471156071444,1660.1924524382582,835.6835640133899,1495.207338691258,8741.67231468953,8562.638353551234,8273.04737492495,9157.367499803735,9648.319274324114,11960.728373514601,13383.463498433024,14121.805392100585,14739.12770633655,15457.179800999149,16997.986303811493,17646.129398333473,18656.748132672412,19631.332691362244,20415.862467113086,21694.446453834993
San Juan de Letrán,7267.106692232713,5886.074059911921,4739.778851928948,3905.390292680398,3265.223521377576,2459.8319562652864,1524.5963747103613,930.1427539269631,497.00652276761235,644.5476138509932,1049.8477671049018,1763.093546176747,2242.8683064376646,2792.0872306282868,3334.2753989012263,4125.48006613316,4900.825303949571,5549.765544029329,6444.598923344991,7206.566744838763,8293.894350860643,7153.750589143934,5825.988884008085,5107.318790696507,4325.139778301537,3713.4511705613836,3102.711990725784,2401.2454010478377,1593.1459616778573,984.8050684411218,552.6103748027407,682.5817288919176,991.1828263774337,1818.0260748980081,2516.1819107649435,3380.500551526163,3997.4698046098506,4824.001907638413,5713.409654859799,6776.1947522007895,7652.80654532522,8618.821718246496,9627.878974606156,7487.472054506577,6102.342076938461,5125.354489944218,4222.1799039112775,2688.675298843947,1577.0195646304733,737.4203859189183,1591.635642817052,2293.0701000413637,2994.5782451318714,4176.725299127567,5228.144674098503,6075.89983514252,7106.747516357521,8295.970211381584,9274.664906959084,10223.965653011412,11155.204796680933,12301.327421651677,6912.342478303973,5926.191138835686,4828.02792147981,4047.6018878116024,3297.329135640043,2627.764054991122,2426.2823903069484,3058.61261137082,3625.3960650902995,5742.206983373096,5570.215710907157,5917.778850928183,5236.972379819458,4363.388994793389,3793.88058983201,3705.8210137860947,5271.1803086907175,6616.200242944834,7678.254479164559,10249.333977020588,9082.580587287282,8126.524462046838,7411.203552839616,6722.169859472053,6721.925331204449,6306.073489282198,6088.664115744643,8552.807325153772,7288.034280757954,6630.54406231029,5536.995884633322,5218.9260564803735,5348.4888530480775,5707.122669805709,6424.996994883715,6993.619316120367,7787.248131857273,9186.088121907893,1357.980170917811,0.0,1182.9120331149259,2010.3713871705309,3182.3355360057453,4698.400484996041,5645.099679364911,6721.80495111388,7340.19130456436,8084.313878327349,9312.588218485633,9546.37401612186,10166.543558619673,11326.699539224985,12533.428910576711,4821.6076467064595,3990.5700280317556,2673.2592643849807,3897.786657802421,4754.785341237252,5810.951100429186,6725.751835404033,8063.705250772868,9293.042950775734,10894.119333057819,12200.288868739684,14512.507598340868,16006.029259857673,17173.183199124916,19033.795947953487,20954.14732711449,16568.915268059303,15892.643756067775,15097.896940966393,14440.472970678675,13001.18499766738,11921.987632533255,11397.678024991084,10208.033699208,9049.938372296005,8122.38688024664,6868.492883989129,5042.399300508968,4005.834436173769,2277.9267204993753,1700.5673554597372,2083.6077818802346,7470.02650203629,7249.903782976224,6919.457620773432,7799.835177976217,8387.114515654088,10743.076741848277,12178.583860459328,12936.485384509617,13609.104236797306,14371.785398705757,15924.857612802023,16600.288533384362,17654.320826863495,18672.777468533004,19494.287603917135,20784.91473719944
Doctores,6537.129229899301,5134.425896767844,4152.779845178609,3490.910817002211,2880.8395674423446,2118.096104036662,1307.7126490357425,966.4395314104408,717.964422168899,848.7531571313689,1272.3592335419012,1962.5958964916538,2640.6939286640427,3229.9104982513763,3580.6761422211734,4265.190922290492,4966.812760475311,5550.7709202987535,6387.765425655379,7263.464754000116,8585.004153377742,7522.8445751507215,6349.277485805843,5668.96041506614,4899.790792785203,4275.091522963398,3630.0825178173145,3000.751880713726,2309.078603803351,1948.8992988212656,1721.713420986121,1798.3923554891007,1801.72192417694,1078.4456926059913,1529.1614486439719,2297.4981486511415,2883.662822718173,3689.768795497896,4566.066573806881,5619.93792991971,6491.3234896973445,7451.565761821391,8470.9420720597,8663.24202914207,7282.206768937083,6308.265407241248,5395.654275579173,3841.5693598408798,2690.3061305169776,1496.6721207362498,732.3701647187563,1279.2930173302457,1910.5896613884224,3023.831996651701,4058.8087577869665,4904.843385139127,5941.368439970331,7136.829479588672,8119.57675217119,9073.54044762546,9986.085727525779,11123.648886730183,8027.370312287687,7015.867465853567,5894.2547970178375,5073.196505459778,4246.7700598737565,3417.0193364333904,2419.4541606871717,2515.1912237850506,2939.651522163727,5915.974383269954,5975.825749306405,6538.520131268821,6012.7989255826515,5228.601363564573,4892.466195976384,4883.236267596734,6438.148644375725,7760.331916666072,8815.185257245988,11077.459182684654,9877.560936419599,8977.871318488656,8367.677169250694,7763.174035566003,7820.954067375938,7485.645721695446,7249.309680272159,9326.1002092291,8029.725705535556,7267.038316695936,5775.947687051187,5182.475015447071,5109.534985683284,5146.738172782973,5505.944018260264,6021.359584382694,6762.6343829171,8100.853475433153,2540.6019303870953,1182.9120331149259,0.0,831.1070899081944,2422.728857076616,4032.643659593516,4863.426461203658,5880.918597770697,6480.337868171224,7156.379188856608,8408.29756894299,8717.168575025084,9384.326825320572,10591.58656506948,11840.37792314893,4040.404399122085,3087.6139173576457,1495.6033322536323,3479.6492444304918,4470.363246460299,5630.129425453479,6581.002200681685,7934.177762353564,9125.861553787297,10691.925367816435,11976.06940754472,14250.923396386768,15715.969629736268,16883.82814115843,18790.887567298192,20701.2147983505,17550.480696657985,16862.364984589236,16051.770768713013,15379.614090598006,13900.141776973222,12780.40682524222,12233.020458802543,10975.986984584897,9745.245453282481,8820.783533527067,7526.922369899121,5615.544664933768,4542.100772555664,3229.546375064078,2804.6262015642524,3012.115697681519,6376.007955737614,6111.313304460143,5738.916538282912,6619.2781350571095,7333.6698879793,9731.799661458084,11177.142857467308,11954.290348385086,12684.000568886553,13490.94471555874,15052.139161350142,15753.48212176638,16848.298304883912,17907.564898190612,18763.216739347055,20062.59252115487
Obrera,6202.467104647698,4807.282447516554,4005.951924703413,3522.5503977582075,2982.7004517228756,2343.3047358346535,1790.1715889123398,1672.9440639831093,1548.1659198326975,1583.8422741662562,1856.556975414317,2384.0387827866357,3089.058717379974,3658.061934743923,3873.043869624365,4454.177739521049,5079.204722726418,5600.583129503986,6377.125555477121,7316.992783159474,8969.37057065974,7965.309145959155,6893.794419290211,6243.38515905918,5493.79765121923,4876.120446788031,4233.378562642042,3659.2380660173244,3040.8295390208036,2755.8626506003343,2552.4528121765784,2599.5792316898637,2510.8884675557706,1061.396182095596,1002.1604039961331,1558.9729011211864,2099.037448053827,2881.7094030949543,3746.8626296761004,4794.894183723144,5663.649681589087,6621.77247480937,7644.6009834526585,9475.30770793787,8100.161493341995,7133.998150361465,6226.721406309653,4671.190833017837,3515.350898474965,2288.393119102934,974.5230368703333,976.5670602718989,1342.442667242431,2276.4524036093544,3272.4009199528186,4112.546759222205,5156.398768685461,6359.030405111243,7345.903771244987,8304.741149385725,9191.19610339652,10314.41237506835,8787.3609582242,7759.833492180588,6626.710203424958,5785.343998056626,4924.018835203877,4027.644464352856,2649.693380640292,2321.652580058358,2575.9020173017475,6075.776421423861,6288.8133903312855,6981.45914958868,6561.29363040127,5842.446707305307,5651.007167147413,5699.271191623253,7269.000906649873,8586.533452137679,9639.038071365434,11757.296611699787,10543.446778084306,9675.96108386488,9118.523038135183,8552.42264547799,8632.672638649366,8315.690545047191,8047.009695421627,9982.606135845777,8675.922174212377,7863.082876035882,6166.861360343068,5413.613586584235,5202.192107379541,4987.695159291024,5009.298018189551,5463.282685778039,6143.149356225407,7409.686614757621,3368.187174302519,2010.3713871705309,831.1070899081944,0.0,2035.0274466573394,3626.348195094939,4335.530140398195,5288.38864290093,5866.489026235644,6485.589278812709,7748.266875233066,8110.3136368044225,8808.154802237217,10043.609535991374,11317.303248384245,3719.1598395363208,2683.266678890719,664.5105124214607,3306.479787994,4349.797035590352,5548.172774802393,6503.804532568888,7846.347320133634,8997.554890858357,10525.562645401491,11785.973151748933,14023.813299468282,15463.714490848542,16628.671113807144,18563.56940769945,20463.048173046995,18196.46581950616,17500.16172466902,16678.72997553611,15996.625079376778,14490.472727906023,13344.352094467875,12782.209344265977,11482.714700258635,10208.392651696098,9292.02275373641,7982.645010475033,6043.294149022036,4972.818972991392,3927.7777272174762,3583.695093767102,3788.154339641887,5682.301310010881,5363.932531951048,4925.600888081686,5789.543840472197,6570.968471396732,8992.239217469463,10441.551727681843,11230.252106022219,11997.03495883961,12832.530916939084,14396.631113746362,15114.389049844744,16235.150803932405,17320.541418953373,18198.169756738604,19501.824637076636
La Viga,7903.634353037584,6554.950593628723,5939.826048923129,5542.044274414611,5016.278992959815,4367.873459328859,3700.55263014432,3378.5818253141683,2942.865381681379,2538.785882255844,2307.3580379896885,2144.059508736392,2624.118433081933,2984.117059100624,2804.808461718682,3060.367265851082,3477.4639982519625,3865.6370700495854,4533.821413850305,5536.035173172083,10967.697498536685,9930.321664928599,8771.59714685077,8087.879174976564,7315.327152709663,6690.237259144317,6046.6373692197385,5399.348530226359,4658.371802648959,4153.612315433198,3687.8587650033314,3440.9233675863643,2997.902472946163,1393.1001427451558,1039.924427373969,1267.2037806856854,1729.7614948223127,2454.255418081459,3298.9082916597918,4332.800049918248,5200.824761283571,6181.259099510173,7054.42188416824,9901.238043916679,8628.465332200314,7806.39319641311,7103.957762889796,5724.068173023071,4722.198908274419,3784.605824784894,2946.6403410657767,2980.5962495582207,3085.5022927512596,3361.9002759937325,3950.103419227941,4632.495144290751,5634.583237194809,6812.3055919399585,7782.205984651405,8738.849546140393,9408.78361005018,10366.969114645126,8849.261609698933,7771.331327780846,6635.200754471373,5755.590093791011,4828.7510691334555,3817.748442313954,1803.0134683207837,609.5353830053593,540.8760371538373,4502.813887909041,5013.575829372967,5981.810761269662,5884.9207624267765,5429.776872930942,5854.984668092871,6305.040777515787,8167.493005398754,9589.716130776344,10662.89022522963,13415.606799957905,12234.635637986143,11298.315428156773,10591.178800619058,9867.376601042291,9800.442787864138,9061.813433937536,8383.023745361807,11693.828725459263,10409.745465018328,9677.485665477865,8158.491400014269,7447.164598866196,7226.656242826391,6894.110872181996,6489.281106301026,6792.250002400991,7281.754527125681,8256.652797194636,4316.866065686161,3182.3355360057453,2422.728857076616,2035.0274466573394,0.0,1615.0458998535798,2470.662762768227,3539.5330932084644,4159.065201833283,4927.3271719527165,6139.55722656861,6365.928926503891,7000.174790311227,8186.294041815819,9423.877262401333,5513.8044834597085,4446.512364321649,1931.514668737364,1396.8901469724049,2440.085745681298,3642.4967371308953,4584.433799237344,5901.847188112108,7015.917936692011,8518.350984244387,9767.227933071703,11993.561434830952,13429.663637374166,14594.278227992827,16532.146713325397,18429.8745351467,17594.37183448933,16873.462792886712,16020.243326979564,15309.801343815594,13730.603272271073,12515.812528463757,11917.029592345032,10516.810071826303,9151.413828062652,8279.126245122101,6971.731762999252,5061.06486709177,4094.5661111052327,4046.267408786275,4119.199765522144,5258.621307047198,6595.365729150484,6057.0242916483,5161.949719205357,5641.278109788254,5402.971645937472,7654.3904636832185,9070.107873343588,9804.965042684717,10438.561026318837,11190.095000107642,12742.572979015755,13419.394446574943,14483.08814202936,15519.032982016202,16360.347637067911,17657.005479002495
Coyuya,9165.34659536213,7875.003147592015,7405.353359523068,7090.054281706349,6590.518567911774,5968.676594091625,5315.541809408559,4980.882266931378,4514.599791748329,4057.1770562916827,3726.365511911387,3323.096977194663,3543.028300843551,3667.1606022583355,3186.4706163082005,3003.105640698728,3032.356689899266,3136.386508188242,3534.4193772969497,4585.280736567464,12580.3835914256,11545.348294524756,10377.0644155588,9687.822903297723,8912.17497773145,8287.34784172984,7645.746199748657,6987.552852306939,6228.160850758258,5682.35515244919,5165.7090433196645,4845.64146906676,4324.006680369498,2979.3412407695573,2624.3844923373954,2462.4451521588408,2556.4478514689413,2880.305992035374,3439.9070317032033,4258.64261590296,5014.987267895676,5926.261261473028,6614.140177790574,10823.565332254719,9642.873496688939,8924.602546830522,8347.638642747928,7087.979989631425,6176.870940280016,5346.0209990047415,4557.564205366846,4539.168668535714,4532.901761630266,4495.00997444209,4774.0826114842985,5268.682488358934,6144.6930275772,7222.540967078713,8129.463226012313,9045.156545147403,9523.768883258153,10322.669257381669,9560.365877345279,8485.392014643736,7398.6692094420505,6545.754166827952,5648.974286996316,4677.880627784186,2733.210064389369,1649.6438404153864,1094.846053192471,3955.638395813639,4795.020161040075,5973.021715874509,6180.113708054698,5973.985237049667,6785.749771793724,7438.734142890219,9395.916130416706,10846.23358796455,11915.87694870793,14946.37527888559,13780.570569985386,12821.48827559028,12057.667736958378,11270.71775988341,11135.933756200064,10190.623115050475,9287.772795688405,13248.169457918706,11974.851978719353,11267.553512166638,9771.837893827453,9036.447863227282,8776.048789426917,8326.84133344556,7629.8247083236765,7820.766865349473,8160.942205567336,8890.520499915043,5699.90157778787,4698.400484996041,4032.643659593516,3626.348195094939,1615.0458998535798,0.0,1071.57272026531,2188.854086717555,2813.2049036324024,3699.731065381192,4810.823604389805,4909.703834688942,5484.3647983562705,6628.4512926928155,7841.424213787597,6888.710990852979,5834.448239492796,3408.442681765755,1165.4319332389998,1601.6381422140298,2588.0263043028585,3422.135242759161,4632.070141481017,5642.545076614234,7069.552533991999,8281.273849450816,10463.629905689937,11877.545082308048,13038.43970679508,14993.073435261236,16881.053800297836,17642.805393645664,16907.96537494948,16036.589807909393,15309.983331245658,13688.237602016288,12432.004758238283,11811.138136660322,10347.96619781054,8932.706192833833,8134.1877861757475,6889.060387316504,5148.769650949289,4398.989460680196,5073.593841911821,5347.86736747636,6781.060438940199,7347.913409800181,6687.908620533166,5539.719282382755,5674.326968142385,4543.130741409336,6527.651874278306,7881.937227479613,8560.500605269424,9081.226262569438,9764.202484686197,11300.214070649661,11946.632399199314,12970.896981127891,13975.878597965848,14796.652220923299,16088.636252986085
Iztacalco,9362.905156960636,8148.859690492212,7847.213585421218,7653.604318006677,7208.163277262337,6657.915005666563,6098.192641136228,5828.249338221743,5412.66532267056,5000.5556193978955,4716.644877361113,4367.670492700281,4612.971748109488,4734.8206201459225,4233.097186103202,3972.8734175257778,3871.2891060826837,3827.288881668015,4009.4156129590974,5037.5231474311495,13292.006838773752,12300.697518124003,11201.499136319853,10529.758935414096,9762.838892119698,9138.33240507326,8493.108802706649,7858.532965447314,7127.074270831088,6621.313204849856,6136.7140948597535,5847.955159892438,5347.738633673501,3862.7949498282933,3364.5835436506227,2934.504497601547,2786.7877910836664,2789.125699893569,3074.154521704547,3678.814387221067,4327.507869769142,5169.425903518178,5751.323013330116,11892.406162738722,10714.445919335521,9992.56071950498,9400.669053460231,8110.794014726174,7162.24302184608,6255.074845295687,5302.952515421468,5165.672393179472,5022.975092190014,4713.691755141001,4747.881505399697,5083.826837887688,5836.5726128536135,6816.144155432343,7663.11273454577,8537.86946742282,8898.734977749782,9603.69228075321,10610.337614980694,9537.9759431345,8459.156797318376,7610.386869531997,6717.347633609167,5749.073325255401,3797.368643174247,2655.6361773232315,2029.840053393988,4694.440859915134,5647.81669622108,6875.980395016913,7167.635189345747,7012.327049899809,7856.902644656434,8504.289007854028,10452.502503858135,11899.42749372064,12970.36619785006,15885.901914451964,14705.14434743182,13767.548595308568,13042.559716156824,12284.723604863073,12171.95466851006,11258.534128978501,10356.51440820339,14163.50123451231,12877.21278451654,12130.43553618072,10496.830549588653,9667.992276246852,9325.253507176409,8716.130244705035,7743.561142297111,7837.873369946692,8055.309327393012,8595.962520790768,6713.042945500897,5645.099679364911,4863.426461203658,4335.530140398195,2470.662762768227,1071.57272026531,0.0,1121.8829985261602,1749.6017095174016,2628.304344605436,3751.0664027357884,3903.620020296899,4529.899948196012,5728.341370254412,6986.391184381114,7236.678314295828,6220.589880003758,3983.31300167307,2227.924229418069,2419.892857848374,3106.864071554494,3759.368948922976,4777.4756839887705,5615.997103978168,6894.413950100078,8023.607586483017,10099.449618022878,11455.109435923385,12601.75470617806,14587.489028127004,16448.522378386453,18494.983496053024,17756.419764784965,16880.159370923167,16149.24277935071,14515.961906465254,13248.146496568235,12621.23568885278,11140.377053910102,9715.359400149853,8956.926759559303,7751.878983812876,6096.030468711169,5411.578432374503,6142.7296061125335,6397.15021246942,7725.850438722936,7168.422339477934,6442.383011512953,5170.1425557905995,5086.347511873254,3545.679620749383,5458.266836841285,6810.491827310522,7492.48428251949,8035.350370696133,8745.90390091691,10291.407772148996,10956.817747096926,12012.730518276709,13050.796273499727,13899.988895023293,15199.166174939975
Apatlaco,9826.03178070368,8697.792077972927,8546.112693677329,8453.860910935407,8055.206632916103,7563.745434819803,7073.75554113626,6847.0975064683735,6464.051919130118,6078.307755354434,5817.341835658611,5487.603052530061,5731.874779609451,5837.716489747906,5310.686100609274,4983.22504216203,4778.611198933619,4618.560277175191,4612.552491839831,5575.683215384523,14179.02103334516,13225.259844547512,12181.530536283266,11524.280605068838,10765.696386338368,10143.344970259355,9497.910423614716,8881.563297922083,8170.679488447858,7690.414226840961,7224.514335282878,6951.429710163465,6460.651534477207,4919.539358771942,4357.883933970603,3794.138379671182,3497.9865524023567,3239.995682356669,3209.886403342353,3487.888433878187,3942.3799032428888,4646.413891673903,5050.873745603309,12994.296903498387,11827.900892087426,11113.081701937832,10521.49989584612,9221.178907821506,8255.404178173745,7308.353792054328,6262.871354014779,6048.28135439408,5810.957695896861,5297.0272214651495,5109.359989920665,5270.662260787198,5860.113114368126,6698.170885130884,7455.529635056808,8266.036451454685,8476.441503153008,9052.48432547273,11680.47795208368,10612.727730582692,9546.614401393255,8705.313607501725,7819.9535666483125,6859.891462977773,4918.866268899191,3769.3205306188515,3132.405198749256,5497.421393482086,6533.151819445451,7795.837645302264,8170.7446056986155,8072.091028275991,8966.914217022095,9625.712018478134,11573.957641406088,13020.160266872115,14091.351863937369,16942.096344911304,15751.852284647726,14829.704235658784,14129.979439162797,13389.004639506322,13286.787901259859,12379.093556371789,11458.512778265518,15204.24195137248,13910.30155981008,13136.514602359377,11403.981505124068,10505.796575484723,10098.593352826381,9359.877177548098,8151.0622251288805,8150.208771156771,8239.84881737298,8568.963238190114,7820.215712085304,6721.80495111388,5880.918597770697,5288.38864290093,3539.5330932084644,2188.854086717555,1121.8829985261602,0.0,628.7192896650546,1528.0103371578066,2630.3922154847664,2836.7152169347273,3520.137084935358,4769.600863951498,6066.7666653425695,7864.767685263796,6899.502612993245,4860.445556466983,3331.1779760386635,3370.4513602553593,3802.793152246181,4256.8225384303805,5035.1241078129515,5661.740006917966,6741.889373520116,7757.421855997691,9688.900824501308,10969.575855699863,12092.924256815448,14100.454704324286,15925.421593648593,19321.258715506076,18579.729536253813,17699.611681021266,16965.389449259193,15323.345025223636,14046.776137274512,13415.575693275325,11922.307483947534,10495.100549828523,9782.170019669582,8625.627770007724,7064.832225185111,6448.758911109083,7262.39971855368,7517.485112832291,8795.36172540356,7293.929825347534,6515.762462823989,5149.970484596493,4801.1470874594315,2659.1840358585923,4364.304038058846,5697.1719417442255,6371.7917479916905,6920.496250755412,7651.076687203177,9203.05394018316,9884.13977846551,10967.397118728433,12035.013396402832,12910.086303736243,14214.257169852834
Aculco,10168.100441678582,9086.758990709684,9005.900543381014,8959.414730856124,8582.226719496015,8116.712708003165,7655.541474129215,7445.468817079859,7074.321704443545,6697.396474465873,6442.962741630306,6116.232254590722,6355.3705584411855,6450.657716863435,5910.556147189893,5551.47771783034,5300.75624543135,5089.516284248502,4996.241815812363,5913.548154749396,14714.25886282107,13778.208964075262,12759.408700086387,12108.690763218652,11354.05788326713,10733.033437942056,10088.03629766875,9479.356169400718,8776.758028798075,8305.797487441203,7846.127967109945,7577.5082565743705,7088.801392218007,5533.386430215203,4953.322750543305,4349.321689878272,4005.648405809864,3654.6192903754572,3485.8022007613245,3578.8485006069163,3898.9094715428005,4494.4515067164975,4769.905557220722,13604.173251290798,12446.187550628403,11737.717674172325,11149.960358866754,9848.698799550162,8878.367361783095,7918.537289805269,6840.515400026855,6596.855146032542,6322.820964817727,5726.959955711861,5441.214389398223,5514.492253618186,6009.085156183042,6757.668700255622,7455.560886190152,8221.491196937039,8340.166304323342,8832.655719512408,12270.76458817446,11206.255353821312,10148.25599456473,9311.874514554333,8431.645338330116,7477.226771449053,5545.149590409156,4397.781546452693,3759.503802603687,5965.088557600425,7034.1851382473305,8309.497383844275,8726.84532250059,8658.839124591657,9583.11806832019,10251.633967751253,12202.093648602304,13648.657922597205,14719.760994921875,17550.103638073713,16356.226330090838,15440.417441445856,14750.214926168494,14014.762714313707,13915.099493711965,13003.735112314274,12068.743991455587,15806.299547633067,14509.574279137227,13724.871114116493,11950.972449757535,11023.256888684395,10587.71322703366,9791.08632016769,8474.28862743593,8425.826898355532,8448.963390540905,8661.701489410707,8447.091345672461,7340.19130456436,6480.337868171224,5866.489026235644,4159.065201833283,2813.2049036324024,1749.6017095174016,628.7192896650546,0.0,954.8765998349182,2001.7662664944141,2243.8250357193806,2965.1920665688913,4240.463264264655,5555.558876714779,8295.076853501123,7358.139736602557,5413.076469679282,3947.205207467184,3924.556129108529,4243.994689463513,4597.134332334444,5238.760993651461,5739.873029834362,6692.768505060631,7632.245174966881,9466.683249666341,10698.127938127214,11804.23347576562,13819.105690443836,15619.978637247572,19767.28235595005,19024.631380740455,18143.06366370714,17407.651006535256,15762.45523503871,14482.702470855224,13850.090805982994,12352.734250048577,10927.637462736508,10240.78160350125,9112.963834462498,7605.634137945212,7025.868356020011,7886.365717473374,8146.063799699963,9410.386395983805,7479.931901956628,6682.510144837371,5287.612505481586,4795.221793732409,2293.6400389485307,3772.907015497551,5083.331281778133,5748.12349437207,6292.649476065385,7031.660889993232,8586.342596903814,9275.123029861417,10372.31625158898,11455.328273986253,12344.027157162478,13650.136776482712
Escuadrón 201,10267.834356018766,9278.650062178604,9333.61160309398,9382.603495955309,9055.54260220798,8654.328411975363,8271.54555291861,8112.623779069479,7785.023832045133,7447.434954983092,7232.516576271015,6957.985513688322,7237.415424038763,7360.511048044337,6838.66161315583,6499.87906837801,6255.559098258952,6036.655329397858,5910.251571968383,6798.433845178926,15184.084861243573,14294.47502073696,13345.980299104656,12716.106806027605,11975.418541304307,11360.183855584815,10718.4647901419,10136.370593442769,9464.999564578151,9032.826586019057,8605.304447447501,8367.386011623874,7902.956265244676,6266.7003069203365,5629.921517845112,4933.395032815753,4499.452429241535,3993.729080668925,3608.429636454094,3410.395196977638,3512.019305139788,3930.785434773693,4032.592209789367,14518.174389456115,13342.315710939447,12611.034707460944,11989.975299118329,10648.856185621664,9642.895942736777,8625.360403817482,7450.285680473928,7135.503952360497,6782.604080364283,6034.916760956151,5582.791136309267,5509.455294552919,5843.637811056618,6444.069732503527,7046.71515110213,7742.728251163524,7739.839077306038,8127.8807570514855,13207.814181226671,12140.54997607969,11074.211321532668,10231.471011151245,9343.16806202873,8377.359908448469,6414.612364578313,5227.175707888268,4575.456596887485,6910.38856262928,7986.523261257103,9263.344174785321,9679.294697477879,9598.352351138918,10485.166280217902,11118.450506100322,13047.485710266441,14486.216551010242,15558.925172388681,18230.746221592468,17023.824099286587,16134.243904318626,15490.208825650474,14792.576002490048,14723.811143310488,13876.558274636618,12982.275509912633,16465.880913537778,15160.835472799532,14341.158639676345,12456.947080228496,11462.349526263453,10966.516703904997,10057.290439718821,8555.086619202113,8426.682572728902,8341.603465587536,8373.735873556523,9242.378659770284,8084.313878327349,7156.379188856608,6485.589278812709,4927.3271719527165,3699.731065381192,2628.304344605436,1528.0103371578066,954.8765998349182,0.0,1268.17137033672,1836.5340066923577,2652.781941392403,3950.4587167760665,5282.201542918968,8570.943309440938,7697.942768140069,5974.3980951649955,4852.889720265367,4876.284033076453,5184.032474950371,5490.238295519456,6031.5912658828265,6411.476353931299,7208.775765629725,8038.186811860956,9713.52172699023,10857.022329968184,11927.900099684193,13946.542239973898,15700.134185124296,20698.686914887352,19955.653692060518,19073.591167560986,18337.787694183316,16691.544265222998,15410.698018982857,14777.65079487262,13279.006684418682,11855.700348823353,11180.15189195154,10061.789848929422,8560.137179318606,7970.850027625311,8765.014568526383,8985.922479045164,10132.729990330898,7347.512449518349,6531.978201868874,5121.811878080498,4429.254639892537,1536.030192030594,2836.370255764787,4184.9859128184635,4887.152927131975,5530.081812696779,6347.3018449938545,7911.775848328959,8639.050421359161,9792.899435691228,10928.722010066083,11859.237763060388,13167.768658648678
Atlalilco,11391.406245458025,10454.80568054227,10563.528143184725,10637.235154188937,10318.583948257772,9922.3450128237,9535.74267759783,9367.55835412937,9026.798154362272,8672.3611882132,8434.790504717019,8117.988096629382,8349.109894867022,8423.825898660847,7858.760423115983,7437.631439133548,7094.934114532898,6780.590438851365,6501.08735624293,7278.375350317833,16443.963387614345,15560.442504024266,14613.667065448362,13982.360195151403,13240.09292057303,12623.981010512565,11981.631552427834,11394.662677234279,10715.20132949909,10269.251511506725,9826.442568634851,9570.119551204647,9087.722038275499,7497.993461894957,6879.7999631024,6198.64384273498,5767.338878972974,5245.705705715346,4802.10939160602,4454.696826500679,4367.323114566983,4549.047508611601,4345.925083667768,15563.819451029098,14426.449637139816,13732.37663846149,13151.670661016573,11845.205610872861,10861.701084146103,9869.138613632753,8714.820050460788,8403.65963981205,8045.863713851819,7268.645586579634,6757.506884873291,6607.099392411384,6822.5915896980205,7276.736280290815,7762.937649027798,8358.862815137567,8178.023471938753,8372.786848940408,14183.376160533831,13128.35552760692,12091.222239509874,11267.299048506302,10399.572398616632,9458.117324373106,7543.981784375938,6398.074103617938,5756.519145409932,7629.836358208542,8758.289568350621,10050.574856969472,10566.314617939765,10570.141203265328,11560.000343855792,12249.098992393752,14203.436126057195,15650.390837613175,16721.42102401896,19485.43375359889,18281.514420283376,17384.89018343851,16723.261667193987,16005.025939422272,15914.22460074365,14998.255814829554,14030.18349132823,17725.211602870408,16421.577936739886,15606.780306064695,13722.31587631622,12718.378390456177,12209.006888255753,11263.550095214841,9675.823404849783,9498.131482674822,9334.756397179164,9203.462715553354,10441.794097247413,9312.588218485633,8408.29756894299,7748.266875233066,6139.55722656861,4810.823604389805,3751.0664027357884,2630.3922154847664,2001.7662664944141,1268.17137033672,0.0,881.9492492124821,1649.5877974048367,2874.4473772580677,4181.344056899055,9784.870797187854,8935.209358140626,7241.97962951956,5930.9219207384995,5802.64211951588,5899.50953501866,6023.630380873401,6305.030768099811,6441.577702520786,6963.246510397388,7614.461665359409,9057.669702974412,10087.859684939547,11112.30957755689,13123.073576990957,14821.179118585522,21274.354739438397,20530.686328254636,19647.821519783247,18911.609589007145,17264.170787581385,15981.741832259057,15348.696566535333,13849.746046299131,12441.445079136432,11828.41258235493,10782.97247907588,9416.049599244765,8921.5155905021,9880.42212935733,10147.829811110385,11371.644620116553,8330.951944813736,7511.616622145087,6115.185917930427,5263.07165623095,2145.904940430189,2018.0338899209867,3154.1017756139618,3766.181696500522,4299.130269773062,5085.0955121295065,6648.616256834524,7371.437146397685,8526.35626505466,9669.692317736672,10609.85815228517,11918.082010494565
Iztapalapa,12101.126310954196,11114.106467492069,11144.413436479319,11154.918776119737,10799.368285714929,10352.762450164299,9899.27681026525,9683.15613130094,9298.690969543419,8901.987005091849,8617.603867200989,8229.994508091166,8389.149982801282,8402.061605333385,7793.92953576461,7294.068679545096,6867.447156996756,6480.524935592812,6094.11050847894,6785.825099260601,16933.855540669152,16012.017765563493,15003.097043752501,14352.2986605924,13596.8769511117,12975.431300259592,12330.254843077792,11717.576208710247,11006.932591506311,10519.533183451118,10040.328309797002,9746.098730670266,9233.106546440278,7751.992953899501,7192.531124495409,6589.491170570252,6220.750661444553,5787.166769328114,5443.676579728211,5207.784219754729,5191.990794581121,5419.194059024015,5226.435751265891,15482.033451375974,14395.760026580183,13754.42174908652,13237.311878623705,11997.44180923323,11065.216848413249,10142.850758737037,9084.325625503378,8831.710523752712,8531.237176733272,7846.393621970728,7419.088543985918,7333.619742683336,7613.406923256205,8116.842976260019,8627.071950544152,9235.253061963147,9059.609122630927,9240.728261149743,14028.538326645488,12990.59418567759,11989.972971405417,11191.724622094926,10353.411943937106,9448.470185069116,7616.703680008063,6547.473117525863,5932.643764656495,7297.503836197519,8453.216847825928,9746.310544500453,10343.96218766941,10429.56235499833,11529.477194130826,12290.344337709903,14276.249178937305,15732.68832574899,16798.402686614336,19777.04757809317,18588.277290018028,17662.780327810477,16946.095369705974,16178.601973499113,16042.722930977085,15016.754085236636,13956.102415533354,18040.952311240017,16746.790851250717,15967.768267304551,14181.357283661398,13228.16410550764,12760.575071244028,11883.932404041832,10387.36404012684,10244.429506607628,10122.86011645973,10047.043191231485,10606.38259543037,9546.37401612186,8717.168575025084,8110.3136368044225,6365.928926503891,4909.703834688942,3903.620020296899,2836.7152169347273,2243.8250357193806,1836.5340066923577,881.9492492124821,0.0,823.1770694375429,2114.631346616878,3445.832009578919,10394.442997639182,9502.784156980188,7651.103597201407,5962.322776424368,5678.469199435905,5595.768595112372,5587.642355624487,5707.47179666054,5723.907051291866,6142.45443046388,6751.13680840309,8176.0974129224305,9216.150151314607,10249.20791996754,12262.605337739651,13975.319015654972,20777.2417907098,20034.34739897001,19152.490080125855,18417.398354535846,16772.727353846713,15492.555500186107,14861.341086485458,13367.224106159449,11974.686499120613,11407.452702474318,10421.588768998772,9175.000608390246,8773.085820795015,9913.033719049647,10247.672775187219,11624.549940810872,9122.255693575971,8303.379692973724,6898.164090771869,6097.612780634016,2993.959986329231,2637.860662507227,3497.2647549675607,3955.725902989059,4230.517279697726,4855.28243631325,6391.608614296293,7053.927730638599,8131.375051439104,9212.369765584026,10108.554434872658,11415.826369164259
Cerro de la Estrella,12920.338676799827,11923.843036333725,11931.126271256504,11917.75185538637,11547.002623671626,11078.019984488903,10591.996711379094,10350.571588404142,9942.55729417851,9522.379650413479,9210.354146646583,8778.673412850098,8886.489059446822,8853.449210061617,8216.909864076888,7658.093801029516,7163.746072710576,6714.881568337946,6226.948380540522,6813.150362002295,17679.43136561035,16740.10648046033,15700.392999439791,15039.897039619944,14278.351542553803,13654.972972594898,13009.39989077102,12383.625131964094,11656.830878462228,11146.240891344,10646.286437153904,10329.099098089944,9798.423284082848,8392.666472162815,7868.998779837996,7308.353085715031,6969.032151265766,6569.9395857196205,6254.417851881503,6030.921401268417,6003.524840986784,6195.823530805789,5938.350013818183,15855.70364448434,14813.625728519728,14215.025955962035,13746.456125086152,12556.663055970506,11661.048967910483,10784.776432173241,9782.545207452138,9559.453619237765,9285.172178971066,8635.999428034565,8231.561770253065,8155.652341368843,8434.213429055808,8922.006100592778,9411.708074799493,9997.004332842564,9775.036724124755,9893.41021384454,14344.168795105785,13324.414204041386,12358.40562446809,11584.654494563587,10773.913820084133,9902.22594045408,8142.881599401065,7133.609498984115,6541.340071768375,7489.7380625137475,8660.341995202267,9944.291668756558,10615.130193398749,10772.199896489437,11956.929294875423,12769.84065884759,14773.397989819674,16233.588928098758,17293.417687261317,20413.27274995454,19234.801416608832,18292.689491817695,17542.013388024556,16742.97551133937,16576.18268929838,15471.447147957366,14340.189609622255,18693.37772995003,17406.17169388409,16648.444170715426,14914.745825112152,13985.452409734322,13535.25429526754,12682.829494672045,11207.14385412559,11067.339941473296,10944.348748955612,10850.304419969336,11178.505058478553,10166.543558619673,9384.326825320572,8808.154802237217,7000.174790311227,5484.3647983562705,4529.899948196012,3520.137084935358,2965.1920665688913,2652.781941392403,1649.5877974048367,823.1770694375429,0.0,1300.837896275754,2633.160127100871,11191.082135995875,10286.607346932218,8373.790363404483,6476.515783786503,6080.093253556641,5841.504839176934,5698.551607510474,5621.396900906885,5460.337660303489,5676.127232330907,6162.82486799101,7456.222283487247,8448.379724316854,9464.978495930993,11474.537816440592,13172.509340366902,20736.58773142414,19995.71124954061,19116.464990022978,18383.977031748556,16745.850366297444,15471.386834500981,14844.00326328415,13360.173425182189,11990.969655943598,11476.64682009341,10558.492839922897,9436.699513913136,9119.668381077507,10395.933968604097,10777.259056460536,12249.621403008443,9943.216057804528,9124.162715831286,7719.826468643449,6905.281445833497,3792.2937924857442,3050.359837958341,3598.3852930541475,3889.295325038883,3914.0036215116147,4378.280918757623,5866.484528191718,6474.789416076741,7488.439891986852,8523.295744436316,9390.035764957865,10694.128589262265
UAM-I,14215.503147053607,13224.48254675769,13226.62901487803,13199.825063381984,12818.710694647083,12332.845889580645,11819.833710894516,11555.876557038422,11126.562674284263,10684.81027742336,10346.341090367327,9871.27881458997,9923.171781742416,9838.870450370538,9175.344635534762,8554.092983638244,7985.6878310984475,7468.547544439849,6861.770404214933,7288.609203978737,18947.02116070186,17993.614059991698,16926.90647740203,16257.81606315661,15491.16504620417,14866.61526156881,14221.430936007213,13584.021200707732,12842.790107948078,12310.286149494916,11790.624215939692,11450.709685043308,10903.538095295355,9578.525190735148,9088.694926014881,8563.674613686306,8245.398322424011,7865.177757081297,7554.745819475188,7309.932768055794,7239.433573235229,7359.556540888756,6995.672970972941,16711.466453017103,15728.76104046378,15184.609533244067,14775.120797309924,13645.605137035627,12791.97463794037,11964.788153618434,11016.497162309071,10817.879574789366,10562.80983035411,9933.242978547343,9531.508616112376,9445.029003168578,9695.588747704951,10136.015847251148,10578.990458356217,11116.969750756843,10810.655648057063,10820.55519270692,15130.214934014928,14138.833400232452,13221.814665895023,12482.7209978019,11710.15283758602,10883.02575075973,9215.778813599554,8274.115828237445,7707.08259969854,8174.982786194143,9347.213780221105,10603.926677934254,11365.430466439928,11612.794786487504,12895.231661282,13766.934178303349,15785.122670024692,17246.264702541226,18296.82514791337,21574.62391400735,20408.010886589815,19449.072215823806,18662.13839086505,17828.770866199866,17626.61165102646,16430.110320429652,15214.549869252836,19873.188675151596,18594.21090501413,17858.372142788627,16173.542406332735,15262.996231956,14824.224171034979,13982.601741932007,12501.4948377651,12351.673994138242,12207.641087006179,12056.811714365695,12285.678969222716,11326.699539224985,10591.58656506948,10043.609535991374,8186.294041815819,6628.4512926928155,5728.341370254412,4769.600863951498,4240.463264264655,3950.4587167760665,2874.4473772580677,2114.631346616878,1300.837896275754,0.0,1332.4474893634801,12490.335596007892,11581.087159607241,9629.99095312645,7551.594728814615,7042.008515138414,6628.881175955762,6319.90361146058,5969.499937757234,5533.838775450404,5370.134585539454,5584.794982180193,6540.240066847926,7394.07517811325,8357.335507934908,10349.221126303757,11998.064136368666,20987.527583573945,20252.131807969952,19379.948573882586,18654.21305953892,17033.103788140936,15773.76816293191,15155.755358823892,13697.123393394018,12373.655374940825,11941.4781061272,11128.251023842542,10185.650717308436,9978.717544541463,11407.435510237137,11839.53872603264,13409.511108340655,11204.330248788037,10384.944336916053,8985.885735043728,8129.464354315404,5011.701746392169,3804.133569707749,3880.584012968928,3888.5718489753717,3492.5602509786627,3634.718181228356,4982.484713449313,5488.159597891818,6388.586411992679,7349.63186632646,8174.05691669741,9471.431644351498
Constitución de 1917,15545.005055820819,14556.924857109127,14552.338917911793,14512.484986661335,14121.884339623384,13621.012296206396,13084.576982530201,12801.299445018136,12354.336882924194,11895.122524986307,11535.15015477329,11025.25746129739,11029.631451182098,10902.254686987922,10220.64942590749,9552.623947509142,8929.031828530962,8362.750628085741,7668.512666730703,7947.257361244419,20244.275417859648,19277.599630211847,18185.946290398922,17509.32064702667,16738.58417847234,16113.537373356685,15469.353793537237,14822.182697667295,14069.12489595011,13518.224969693722,12982.47395619956,12623.715374187337,12064.067843896139,10811.568449172595,10350.930664029886,9856.057047330669,9555.426949793784,9191.428875024018,8887.173138395749,8630.22933571135,8531.486673125177,8601.35265231214,8163.807736602338,17626.28748901404,16702.178020940133,16210.006227167878,15855.774898091757,14783.75220698175,13969.628356133167,13187.414496670535,12287.57360904041,12110.430003102643,11872.41876070559,11261.057309887688,10863.826541161834,10771.18010469345,11002.15614733177,11406.974041938747,11813.108723761334,12312.227962072371,11938.786707908479,11859.067892447865,15985.888306030804,15025.468786524743,14157.91827280817,13453.991615967805,12719.625245169005,11936.163253167142,10356.520857708136,9474.89497402298,8930.52136006177,8999.262878701866,10156.247141281228,11374.236898760815,12210.857328642192,12537.637817490096,13900.701744932998,14822.005100295553,16847.602044773455,18306.22019957517,19345.960109131694,22768.825765343674,21614.36605286163,20640.292840372782,19820.09820574756,18955.77973971941,18720.988582823815,17441.814890815,16151.998311819607,21086.205105627243,19815.977790799523,19101.251258208187,17463.25832483252,16570.79414525273,16143.184511957568,15312.999210359036,13830.550743796066,13673.755590450262,13514.10117927515,13319.201638245528,13443.650814299315,12533.428910576711,11840.37792314893,11317.303248384245,9423.877262401333,7841.424213787597,6986.391184381114,6066.7666653425695,5555.558876714779,5282.201542918968,4181.344056899055,3445.832009578919,2633.160127100871,1332.4474893634801,0.0,13820.14315660264,12905.95040954971,10921.78585024256,8704.90752016542,8111.49722360328,7566.333546410226,7129.124794086577,6556.442429168128,5888.633793665603,5348.649655743062,5241.401699370514,5735.536228690393,6390.222930142486,7272.864999927644,9229.305837421785,10812.352233737189,21298.912310628213,20571.856030383737,19710.38092318463,18994.662651602328,17398.7443828083,16161.887505056104,15557.213061689567,14134.276568183668,12867.014112723557,12517.488047202392,11810.781051429292,11040.38867145332,10932.20907469022,12484.710394223977,12959.505818399928,14611.672237798095,12509.687217158562,11690.580046143974,10296.31989632317,9411.544914985616,6300.698224795753,4838.766861386256,4573.360284201109,4338.540590810567,3562.159016117762,3284.266824220957,4326.345195656916,4662.855920494091,5374.345246316631,6214.8420276955785,6972.299486961891,8254.953795750145
Patriotismo,2498.929482720247,1095.7657574417487,892.9949076828368,1635.0044471743327,1978.5198208252402,2554.200313977493,3352.9479598762236,3907.741957612115,4385.648914299749,4834.17675455827,5310.125547175537,5990.702971430482,6678.967790046416,7267.118156238571,7565.988503828428,8172.674175323949,8791.745998405966,9290.610268402186,10026.800311378454,10998.633132812465,6976.646790766521,6367.231588291063,6011.636278068748,5664.355845472062,5214.287227093789,4826.049479551038,4439.4472419935,4415.895322282935,4491.270658231464,4830.941465707543,5130.623389745915,5492.956326255811,5733.895648897433,4777.634609684209,4535.963740533598,4426.472274548326,4450.036494169004,4640.538077487747,4985.147468067018,5565.000397560729,6132.278838206892,6793.941970650106,7869.290852230386,11723.799118184415,10317.012792662345,9247.959809032902,8155.282730231114,6630.52395178276,5579.556939576263,4458.974634586649,3338.8678270218993,2801.3480614465702,2440.927008498926,2569.45315624715,3088.3025429492423,3560.8129057090973,4125.916120734208,4958.983738173886,5746.1946064420745,6543.268879956035,7708.764392102737,9006.809752741623,11523.975696423124,10615.18067303041,9571.45223133789,8840.098178304705,8118.7555472315935,7398.619051274086,6353.766708190697,5948.782002916683,6016.0823038919025,9793.548924512303,9980.860121438453,10578.631267214074,10015.755718942628,9176.595622286624,8507.651804111625,8099.049184208972,9012.289733786864,9988.855187503663,10900.859489132798,11247.95317708669,10009.834575169518,9453.346159267085,9400.255153549148,9300.989560589169,9701.709435861378,10189.667045935606,10519.254005772185,9425.25508725049,8170.472851138412,7132.220781145296,4631.282987480823,3337.139778982839,2589.1995683504897,1496.166614404068,1764.2224528801285,2454.1789989592544,3390.842389464326,5005.267200148438,5862.615980111261,4821.6076467064595,4040.404399122085,3719.1598395363208,5513.8044834597085,6888.710990852979,7236.678314295828,7864.767685263796,8295.076853501123,8570.943309440938,9784.870797187854,10394.442997639182,11191.082135995875,12490.335596007892,13820.14315660264,0.0,1067.3191880528973,3588.116101119593,6896.968419946411,7948.320058582615,9153.444634370859,10098.090163902609,11412.284175128323,12501.713685467135,13957.66545093928,15165.621718895081,17313.16817169195,18688.404786259845,19837.47265978828,21818.763343375183,23684.574223551062,21353.221057144096,20686.593272909206,19902.145249981924,19251.91071557323,17822.316124491677,16740.955026093266,16211.052179497294,14990.611233678292,13780.117066137687,12854.260887945833,11565.114562961153,9655.665594718237,8581.805347922093,7099.084036847868,6474.2815123036935,5231.814142717886,3541.25415918806,3808.860211914441,4460.529382566991,5682.547698510367,7980.951876362273,10387.190764848961,11780.846343250567,12626.423702561377,13635.945716581644,14626.023225857814,16161.618965256235,16959.51893475008,18201.23139858077,19402.46577272375,20373.26769279784,21679.019580454045
Chilpancingo,3520.4849417632977,2131.8509635813502,1647.9294048911418,1825.722053581767,1804.8157484994551,2044.8453701639028,2634.613859323259,3121.867406894173,3522.7441740184754,3913.7285049679963,4358.216974298155,5005.649465318277,5703.187945195961,6287.236214599973,6550.601540007427,7134.835902157381,7740.032991954914,8230.4164826743,8961.094869844996,9936.108238296403,7596.723625910302,6852.480212863433,6261.854492183419,5806.323399382733,5240.974285249458,4757.70186854524,4262.274380595377,4070.4267850462747,3958.7806098402757,4167.287089635718,4366.8625748302875,4672.656834286259,4844.312352988302,3744.6600374196873,3471.535893536817,3372.5398311060667,3437.9745501870543,3716.7719942751364,4176.391135090584,4890.546975838611,5557.194047856348,6320.82460643729,7410.783237013373,11177.5650890128,9766.52247033013,8712.85600676481,7652.600466498134,6080.785931566735,4961.5952604480135,3744.2157028289676,2429.9342225197656,1813.9992397456797,1378.195789821704,1667.6282934526278,2448.578482516604,3110.2926222663555,3896.244862234234,4912.7961827402,5803.711174762982,6682.270222695636,7772.866221087725,9033.30435289296,10834.722541019397,9884.958207531481,8807.250076361908,8038.07385752612,7270.407657611952,6493.737044076729,5330.696963071562,4884.48368875107,4949.866051829947,8746.50701677426,8967.345104970887,9610.797156928138,9098.795322935634,8294.75624821263,7757.593993741612,7467.328782466736,8576.512994177569,9663.900785732092,10627.679589424724,11487.751198341206,10241.879346427213,9586.571586401067,9386.136078406495,9150.932868426084,9466.916881799134,9734.344039774707,9898.43513052414,9655.920019694233,8363.843799646771,7369.434560550502,5037.3429598848625,3863.7159439409506,3277.1347424807614,2500.153200457159,2436.6409179090606,3012.1279647987117,3851.551850676502,5359.112316936136,5150.021005544625,3990.5700280317556,3087.6139173576457,2683.266678890719,4446.512364321649,5834.448239492796,6220.589880003758,6899.502612993245,7358.139736602557,7697.942768140069,8935.209358140626,9502.784156980188,10286.607346932218,11581.087159607241,12905.95040954971,1067.3191880528973,0.0,2521.3633314914305,5830.052779281567,6881.211741830542,8086.242270642975,9030.772242562589,10345.550047903913,11438.30022748135,12900.79760546682,14114.899837782665,16274.963594721725,17660.17885460843,18812.391766852004,20788.002423231123,22659.72832682671,20559.274810490588,19881.72898857149,19083.633538544367,18421.580473442453,16963.38363289703,15857.494078686132,15315.179714612608,14063.580481105826,12826.433749357575,11903.48087366427,10604.604111546414,8680.212441960623,7605.647576949852,6245.809283036673,5682.037764382395,4756.016868889355,3719.6345128373114,3755.806160765945,4063.310059115347,5246.208607397904,7234.964019261309,9680.195609603737,11100.514107885721,11939.7493318885,12900.528809380712,13861.441277030808,15410.219009973165,16193.165604859789,17412.01150802247,18591.026742272054,19543.813559744784,20851.65752980832
Lázaro Cárdenas,6010.299191960276,4642.916821889497,4016.265175748151,3690.564012914698,3225.137406412018,2704.2319424628745,2325.4468837646596,2300.254645829257,2212.5535605475766,2219.4219774330795,2426.838449428903,2849.6656358551418,3544.3203111889975,4086.4246669506797,4206.676250900529,4701.237676577751,5257.0839670449,5721.855208163435,6440.385642303188,7421.00710968194,9323.564715649505,8366.332885705222,7371.699246088747,6744.980223632925,6012.827020125273,5404.129518142467,4768.611276479344,4232.458194173938,3658.560811874143,3410.3533182989354,3216.672388766118,3249.940625742597,3119.409259194101,1442.1193293762071,959.5795440514835,1066.3163978624889,1504.8487830026345,2245.800661079872,3095.1510642893154,4136.123846699936,5002.089277442827,5958.2172698530685,6984.022931430133,10125.680748062698,8755.006822198824,7794.439251269911,6891.135516624539,5335.101011907447,4177.240974060267,2938.207743735189,1510.735949197562,1188.6668396935347,1154.0040443120954,1738.4750341500792,2665.8452779961194,3494.3672938195914,4542.971959903596,5750.325020865131,6739.635084827615,7701.895639222145,8562.528437536,9671.558963641879,9401.537274655751,8364.16315082911,7225.305974889052,6372.911942202735,5493.1408527065205,4562.99898221652,2986.598083094746,2368.2040745848253,2448.756112497567,6274.745372230219,6598.930006646062,7379.419504495113,7035.870289338825,6365.374159943073,6268.72312284231,6353.599909894415,7933.447290148177,9248.28992194207,10299.252604768502,12317.312621892468,11095.103395614557,10251.267796567981,9730.48111277677,9190.377200405612,9285.23633339246,8979.209904231893,8687.851752641784,10528.545672448816,9217.247570801208,8372.194528565593,6543.551454684669,5684.933685624625,5374.030882400267,4963.887435417472,4686.217661191303,5076.072932998618,5691.236903010762,6883.0523178041,4030.5132614138674,2673.2592643849807,1495.6033322536323,664.5105124214607,1931.514668737364,3408.442681765755,3983.31300167307,4860.445556466983,5413.076469679282,5974.3980951649955,7241.97962951956,7651.103597201407,8373.790363404483,9629.99095312645,10921.78585024256,3588.116101119593,2521.3633314914305,0.0,3308.8676744951244,4360.457983785545,5565.8585539173355,6512.27633017014,7833.218559143607,8943.498580639605,10432.536340506002,11668.609997016072,13869.688582934332,15285.889126908498,16446.38660093543,18401.117040408462,20289.440339369197,18719.943962766665,18017.860485332363,17188.80564625026,16499.73747496236,14975.003784871415,13810.603015301635,13238.312771821984,11909.72348961321,10606.466250477217,9699.108476577865,8384.022430518668,6437.719537958675,5380.708755907885,4516.005840086457,4219.3564226564185,4424.6278667674405,5160.733969315134,4789.351161916821,4281.75751049094,5126.885139134849,5971.6237077116575,8410.289665837607,9861.376566902822,10659.495204361034,11457.99861562697,12317.339501889586,13882.265142221226,14613.381141688958,15755.166693551473,16861.658718639403,17756.99989915242,19063.21005071831
Mixiuhca,9299.250017858794,7946.063821582535,7287.93916359814,6825.057866068554,6265.30648228042,5560.141465759594,4786.157950129324,4355.803486119249,3815.177410683636,3285.9022036545057,2862.882088854154,2321.560705069471,2428.232018899974,2507.6401464461883,2025.4434026185622,1937.5136305635303,2167.4615461490034,2485.171818281741,3137.7010942972283,4140.32807858856,12049.71959758838,10961.014465376018,9701.300088154048,8991.121073032327,8208.996792291424,7590.218686694398,6962.314281053539,6275.482577755164,5481.552220617848,4873.456964953379,4303.994086061723,3922.5109497352278,3359.174734877557,2407.4152264643535,2371.114899290658,2630.1470559984828,2979.0185267269676,3549.103296740731,4269.891773099799,5199.0647225555,6008.1355723069155,6951.786356932133,7699.139198734544,9665.39971836982,8499.119570307023,7806.654095291767,7277.331621293776,6094.185820781458,5269.723137436715,4600.244035794992,4119.1016921832015,4280.423927525624,4459.753925533591,4744.451330378802,5255.827460109572,5874.905872658168,6832.580506353016,7972.75857731135,8917.491094502338,9857.896742143583,10427.517833291788,11294.175228555152,8395.596870634019,7320.219593358717,6233.720028148644,5382.673264478475,4490.315712269013,3530.042270834201,1667.2895753517648,987.1875799876887,979.5380041032545,3177.4219736937134,3838.6404920774376,4940.482980571226,5059.382689261937,4814.480585877742,5636.159120419524,6332.249811533902,8313.999954717176,9771.023322851242,10836.149864383917,14074.314338588518,12935.27089430998,11944.561741988107,11117.131405738684,10278.684164052022,10099.675408746341,9071.820577319791,8129.488575232653,12419.087387442156,11170.968778406022,10528.117295734255,9245.017057944784,8646.406562200116,8497.890526008077,8254.61168775902,7881.584991067906,8168.919830105171,8624.848640960516,9520.96048219076,4739.45745799731,3897.786657802421,3479.6492444304918,3306.479787994,1396.8901469724049,1165.4319332389998,2227.924229418069,3331.1779760386635,3947.205207467184,4852.889720265367,5930.9219207384995,5962.322776424368,6476.515783786503,7551.594728814615,8704.90752016542,6896.968419946411,5830.052779281567,3308.8676744951244,0.0,1052.5518670293243,2258.285932322733,3208.89011401083,4543.3496734232795,5692.256618469544,7232.529075257622,8506.38825992163,10772.54797805921,12236.380948300106,13404.289029877767,15313.171785261648,17222.284809673158,16623.052597031463,15892.51951495848,15026.86361159072,14305.423065406936,12697.76923472681,11456.00151391038,10843.039546010952,9403.581064068103,8006.5561706036715,7170.86458566954,5892.293301989291,4074.9879064622683,3262.175753566626,3956.654610353968,4300.822103742903,5944.127171090958,7896.277803617078,7309.4612572285,6293.014887295388,6589.868352790905,5698.426162581243,7685.731295459064,9028.154723806165,9692.274455911464,10170.131312062875,10811.572911176885,12331.499721532415,12951.116596643655,13932.207512417941,14893.354146965996,15677.203105252813,16957.593376740268
Velódromo,10342.907527334428,8994.510179025947,8338.72207545367,7861.633044470508,7293.061556726419,6572.514032860444,5768.098967765689,5304.724215183355,4736.962920360609,4179.003404358572,3704.9416865612548,3051.3881661275495,2933.6940133607177,2797.4780199469087,2138.912522045179,1635.3660834350214,1455.6890276653733,1550.27980216125,2099.8752421235845,3122.9053408098894,12996.633790936517,11885.848950405105,10580.759993185911,9861.02762523323,9079.19000570524,8468.190427855601,7853.120067427305,7154.994467118835,6347.826826547421,5704.33859060386,5102.768551016723,4671.927358263351,4080.5451716830153,3414.653246650938,3423.463909031211,3642.2148669740177,3926.9837903207144,4399.583825830534,5024.905671980389,5860.246904133977,6609.602663904713,7508.295869196163,8153.407205317695,9803.564398797493,8734.441162382444,8147.272467478857,7745.383472841561,6710.573068977883,6005.557965699303,5480.130834145189,5134.560565454519,5325.492980423774,5511.995205667815,5759.119004404248,6204.632172150085,6772.955476937478,7690.253383881382,8793.848649472375,9713.238569665275,10635.67165000216,11125.39145766193,11917.286328294054,8381.20623730207,7329.465446247111,6312.540949699574,5515.148756281253,4693.822251884319,3841.0787358772595,2360.1892357766146,2028.5065774643547,1975.8814690449694,2354.0724961648098,3232.614038729603,4456.714286400492,4803.140762522845,4769.057772139855,5877.049443409738,6725.333252098669,8745.820350940403,10206.518362224926,11255.108258690932,14783.4695312041,13674.007976219142,12655.975903401033,11761.237574302451,10858.416483869161,10609.516566499831,9398.478542693814,8278.331024853249,13174.449493870545,11952.86353435768,11362.341152393146,10201.393723380394,9651.551480809208,9528.790529579743,9306.6832544766,8905.188103596496,9170.470618754469,9590.892233496463,10415.500221490063,5425.301467814838,4754.785341237252,4470.363246460299,4349.797035590352,2440.085745681298,1601.6381422140298,2419.892857848374,3370.4513602553593,3924.556129108529,4876.284033076453,5802.64211951588,5678.469199435905,6080.093253556641,7042.008515138414,8111.49722360328,7948.320058582615,6881.211741830542,4360.457983785545,1052.5518670293243,0.0,1205.7601793288907,2157.188970999138,3496.565538756104,4661.871001434955,6221.570218684673,7508.186027651773,9795.003437884548,11273.956272876601,12442.15868063249,14331.097893923035,16245.458088469952,16086.380399338143,15349.135332552783,14474.70805684007,13745.498199328713,12117.23014862296,10855.101490575405,10231.38651748395,8760.880004161429,7341.7536974578115,6558.023353604701,5336.225100152306,3696.0753433916134,3118.8829373836907,4374.101767512006,4869.22073564573,6736.137124281497,8827.170845145269,8204.423244080837,7108.730861307143,7275.8749334548365,5955.640191165669,7691.4161910147695,8953.438420559756,9554.10167480728,9907.151373761546,10457.48415195075,11939.452649159522,12511.532312654874,13424.865269325725,14325.820044089685,15064.265340268425,16328.50652449425
Ciudad Deportiva,11541.695805517074,10197.40797786165,9542.335789969751,9051.942331668399,8475.849392325852,7742.893306054318,6915.313567579911,6427.725962795225,5843.32208178414,5270.533681648396,4768.597571653637,4059.7615958619385,3792.1610935132103,3500.2944527867176,2791.521200867514,2030.4466116413012,1363.1468763774635,885.3384769380232,946.4895124283486,1997.2547465214975,14095.250067507623,12964.32442895564,11618.034878964902,10891.531525182441,10113.102003174263,9512.135921663015,8911.842208357672,8207.45942450041,7394.497649134954,6727.185747122531,6107.1766661918755,5644.306632145138,5045.7036372109005,4591.399099535306,4628.923178188245,4824.948579264572,5067.329475853103,5465.9919756516565,6007.179856293408,6748.420158503936,7431.226743335768,8273.92287569835,8809.992137349771,10084.151067836265,9135.864380341467,8668.955836272316,8403.117672374454,7528.319591123838,6942.644656393873,6546.065224988123,6310.507499850715,6524.580034441962,6717.681620558156,6937.654689889054,7330.330131059292,7853.876831538293,8730.907950808358,9795.225811264641,10686.15828207766,11587.034844671667,11996.431279097937,12709.432387054007,8514.480315113778,7511.944223493065,6599.922970046033,5887.993735174548,5176.082296106508,4474.604000489563,3384.685292404993,3229.5831682430035,3163.9298180384,1734.4221537623525,2863.1014414564993,4157.075583238527,4773.6376238308685,4985.736064778644,6349.005671486933,7327.4996751341605,9352.565664342868,10800.502980115765,11822.313884552668,15635.490190142142,14560.177601835305,13517.906148324777,12558.654903433233,11595.696857906003,11276.929883902538,9887.463475620209,8594.347152896256,14079.325312380843,12888.96122474997,12352.709914535317,11313.76687890741,10811.133888829105,10712.903572796296,10511.669052092457,10087.312519531946,10333.222701297813,10721.462211185133,11478.519803304574,6328.783312413894,5810.951100429186,5630.129425453479,5548.172774802393,3642.4967371308953,2588.0263043028585,3106.864071554494,3802.793152246181,4243.994689463513,5184.032474950371,5899.50953501866,5595.768595112372,5841.504839176934,6628.881175955762,7566.333546410226,9153.444634370859,8086.242270642975,5565.8585539173355,2258.285932322733,1205.7601793288907,0.0,956.1234575978403,2306.0660561008494,3501.328362219652,5088.576628062075,6390.844293239097,8701.85852152851,10198.836700162568,11365.118784564844,13224.153287293228,15143.763161101884,15526.080190869929,14783.831827160466,13902.8294915718,13167.914126864765,11524.216207302234,10246.26591746102,9614.532996368556,8120.099537220055,6693.131232153142,5996.9470544757705,4892.398117701224,3595.4690170741146,3366.0771141837845,5074.561792544378,5684.519792876007,7714.007949363247,9928.008222175336,9275.492754245452,8116.514694522581,8165.733523177897,6461.977166769497,7884.11447397343,9030.841747264218,9548.76722341979,9749.464075831369,10182.704504968218,11603.23786895424,12112.325665892191,12935.586762669534,13756.529665728029,14434.715749142091,15673.747941214628
Puebla,12473.620232213205,11136.535774273947,10495.888238194906,10007.947502992409,9430.964173453795,8695.522569359804,7861.730184231519,7366.5464426041335,6777.20808547937,6200.505021101435,5690.366933941845,4965.964041034998,4643.651525124409,4292.243733021923,3589.864729885405,2780.6051835252842,2007.8457329328257,1338.3286650421485,542.4378833302219,1319.6641631211235,15017.922468529605,13878.030658148937,12512.548989685838,11783.55447299188,11007.958456909608,10412.81964068491,9820.446379391715,9114.441128224322,8300.650117528628,7624.640226481743,6998.884213409978,6524.269082842524,5926.657087456637,5546.266440750012,5579.945136239053,5744.736303727839,5952.304453747083,6294.839046420266,6771.6950877881745,7438.15435014127,8065.483611986444,8858.552125967553,9307.607395322102,10515.495892328629,9658.488646760294,9274.492740261476,9095.34035038667,8318.86718999758,7798.751080729982,7462.6539930712825,7264.716428946609,7480.112125435127,7665.288370847083,7849.285106188512,8194.816741916975,8680.430866742161,9522.115116456602,10551.158763946978,11416.149789368195,12296.694077564001,12640.450823097062,13288.090604764944,8856.765081579188,7903.470824885176,7078.999374081621,6436.725014349221,5807.398440462406,5206.289356972943,4302.761080835241,4184.247942733591,4093.7650048811597,1870.2588857375788,3033.722373351243,4284.245864557076,5081.742028459324,5457.156696084049,6951.155359339908,7995.937515325627,10006.639305681667,11437.848697565705,12437.257559048265,16420.03455748262,15366.898457271818,14312.09035129721,13316.330871860979,12319.65234292753,11958.67684003733,10462.179733583198,9064.518699988628,14897.803491332119,13727.294952254953,13221.79520501367,12244.10004661003,11759.93210606622,11668.093228570042,11463.500898588043,10999.314135440754,11225.198931131055,11582.951902463123,12280.100087449136,7171.953878220027,6725.751835404033,6581.002200681685,6503.804532568888,4584.433799237344,3422.135242759161,3759.368948922976,4256.8225384303805,4597.134332334444,5490.238295519456,6023.630380873401,5587.642355624487,5698.551607510474,6319.90361146058,7129.124794086577,10098.090163902609,9030.772242562589,6512.27633017014,3208.89011401083,2157.188970999138,956.1234575978403,0.0,1353.2534152786266,2567.646257824226,4170.344482679936,5480.40911099019,7803.92549808636,9311.28008349188,10474.564971190977,12311.776237647317,14233.658929546105,15255.59815931651,14511.87884709563,13628.944596741476,12892.590009351767,11244.8262503443,9962.214403744543,9328.854485682165,7829.143326358329,6418.03220419499,5820.9144442125225,4859.95451171152,3913.358309431257,3928.918725123272,5828.822435298777,6489.298195932995,8586.910402494144,10764.94024295535,10089.291538511492,8884.844298097145,8844.316501582838,6880.175831030817,8039.6340698331005,9079.73081883072,9525.946237515167,9602.691607761486,9937.214236831127,11296.628345338819,11751.714765234437,12498.153538554889,13251.572259412022,13879.50762215569,15094.907405896316
Agrícola Oriental,13762.637466710963,12439.537129077862,11830.045778533648,11355.962942699929,10781.704301749238,10048.315623381806,9214.623778737101,8717.071314468218,8125.722673815584,7547.395741362963,7033.392393074378,6301.320260352649,5945.362712154647,5555.1946114778575,4866.466668676937,4044.3196710162165,3249.2018200462426,2566.2320115861426,1648.3998391386838,1423.3277973501968,16357.582260361025,15211.363978142614,13831.199396423286,13100.61756216959,12327.880538808762,11737.765225469893,11151.744667823343,10445.054151667833,9631.349574642933,8949.872283025701,8320.923990444862,7838.769193840379,7243.401946088284,6897.423430784204,6910.837241066303,7026.810939718846,7187.377409133505,7456.522852748318,7848.278419591648,8412.588247565882,8960.979989164302,9679.696598156741,10008.26509698258,11353.055982326408,10608.115062567795,10317.829241435247,10230.119442818599,9552.716328665074,9091.56228832621,8801.077483039928,8616.558693198393,8821.892680669203,8987.21522314268,9112.744775327434,9390.642280660528,9822.306587150726,10611.555828945331,11586.948403190296,12411.810688709818,13259.914475041001,13511.136629912948,14064.858517174915,9607.493744238924,8725.571854107591,8011.508508761759,7452.654961870326,6914.209535862857,6410.920063445687,5645.726099922444,5524.869402958117,5396.801767694724,2794.5540001461873,3818.0320805165834,4919.689614101838,5880.265947805861,6415.081606360062,8013.580052534207,9114.267184206492,11096.72333342522,12502.640725637335,13472.884059678416,17629.774911791166,16600.77042796873,15534.650386310235,14503.177313906472,13473.818060268572,13069.266425220383,11463.659171765305,9960.90031915533,16144.051306279902,14994.301641250731,14517.932599153202,13589.319179919461,13113.124740872747,13018.675997258186,12792.73013823717,12256.900319733935,12451.493284857195,12763.163352446425,13372.119119332,8455.963681134292,8063.705250772868,7934.177762353564,7846.347320133634,5901.847188112108,4632.070141481017,4777.4756839887705,5035.1241078129515,5238.760993651461,6031.5912658828265,6305.030768099811,5707.47179666054,5621.396900906885,5969.499937757234,6556.442429168128,11412.284175128323,10345.550047903913,7833.218559143607,4543.3496734232795,3496.565538756104,2306.0660561008494,1353.2534152786266,0.0,1244.2047391959716,2858.3738868846926,4173.1136990815985,6506.480678435909,8024.296455516989,9181.650633594283,10990.727654285813,12914.13315833694,15115.21612112882,14374.443713377159,13495.45642656219,12763.362591469548,11126.901118409403,9854.802384924702,9229.4153146013,7753.116230896898,6408.808438029569,5981.113490712441,5264.588862194986,4777.219486439912,5018.909902690974,7045.851541305422,7744.380540528483,9891.812443685676,11912.220454876082,11206.843374247725,9947.537457532164,9788.928697829058,7519.810831305405,8302.683883100635,9173.467740344624,9510.623844424415,9408.939473705408,9594.997796633927,10847.579069768559,11219.147988350456,11846.899381421983,12496.69722731406,13048.248129832897,14223.941036500893
Canal de San Juan,14807.771811981327,13508.739346754322,12955.733769360273,12517.310541004501,11953.959591804683,11233.400063535575,10415.35535774767,9928.656175686341,9342.171197537114,8766.819199439451,8257.948954759673,7532.373884388473,7187.732384297205,6799.248557186918,6110.559283777955,5288.519371638954,4493.331289372593,3810.436276765543,2892.6026486610263,2512.9526972932063,17585.56057458793,16444.382242986558,15070.964625690682,14340.818549942891,13567.135361061943,12975.075041828915,12385.846655475792,11679.495149336399,10865.672640898341,10186.778813232082,9558.994887701929,9079.084354434744,8482.977502839705,8076.192399049642,8041.375825270867,8086.1201779399125,8189.315867773504,8376.139011427214,8676.366450256573,9132.468233277228,9596.79759323475,10234.317341875356,10443.330427997995,12429.53160474121,11744.397709515191,11496.820809925744,11443.666911388535,10792.508497408564,10335.385300651216,10030.066326338525,9796.301395372193,9969.297561754116,10095.457201956808,10136.429698128413,10331.344847625483,10699.823808385792,11426.833360310673,12338.627006768134,13116.049645947864,13925.189350871013,14080.027148154031,14536.026465449842,10645.143525519445,9807.206372049941,9150.766667377382,8629.809472011248,8125.386449158998,7647.76671215799,6870.39488835879,6679.195286300849,6495.1849969994955,3994.999546625085,4948.021967011042,5956.431909771143,6977.023612140616,7575.280896315064,9206.240798178053,10324.014411106462,12292.96760791903,13686.604843973098,14642.777270705008,18862.008585934247,17838.892659054152,16770.503399000918,15729.93495501364,14690.809578568076,14270.9137101967,12621.810570060567,11073.613374683862,17384.551448404887,16237.625187477093,15761.75841171882,14810.759865459824,14308.28825751924,14188.658988609754,13907.098075895334,13261.133269977809,13414.57269547449,13668.928355451095,14174.585590313176,9700.128249492695,9293.042950775734,9125.861553787297,8997.554890858357,7015.917936692011,5642.545076614234,5615.997103978168,5661.740006917966,5739.873029834362,6411.476353931299,6441.577702520786,5723.907051291866,5460.337660303489,5533.838775450404,5888.633793665603,12501.713685467135,11438.30022748135,8943.498580639605,5692.256618469544,4661.871001434955,3501.328362219652,2567.646257824226,1244.2047391959716,0.0,1614.1815502184959,2928.917803485454,5262.402588827122,6781.033533048713,7937.659115051008,9750.157674468186,11673.15735551027,15463.10856431621,14729.996926918306,13861.174880517628,13139.058072190235,11529.182255138852,10282.73291875853,9673.84429478044,8245.651833299251,6990.552922686877,6702.038056225816,6166.539947369411,5917.868718314091,6233.056554574004,8284.23283643255,8987.473353813388,11134.393061223662,12783.4843060192,12048.715171773487,10739.728968350031,10462.850590604654,7942.585918506333,8361.767484750548,9058.388183172363,9289.176565906653,9026.104161424646,9074.274033164404,10214.951030678196,10509.521682003535,11030.328847843675,11590.151059091962,12078.049136367115,13218.6894914106
Tepalcates,16210.210883066256,14940.560319238746,14448.638668085903,14048.057521299703,13496.691023971514,12790.032064567693,11988.388208262724,11512.63269655585,10931.24107910559,10359.110162428655,9855.267555186958,9135.831324108101,8800.669471793473,8413.168836952063,7724.717549638753,6902.69354936069,6107.373926782376,5424.592695507466,4506.756811144046,4059.0551471120257,19183.14663186094,18047.438239150506,16681.04675876626,15951.370224795333,15176.805180868085,14582.888154632894,13990.588303304943,13284.697032308077,12470.9263577317,11794.595506990314,11167.985995153176,10690.140914356067,10093.469239853574,9632.401916823763,9553.406480389978,9531.235269612403,9578.798900221203,9683.221596346419,9887.556988160894,10224.411829430797,10591.167889261003,11128.995168865846,11198.388846945252,13863.85840429749,13244.182462163843,13041.880953043854,13024.91563812479,12401.597031577583,11949.358137566755,11630.514430329597,11349.83444000662,11490.969306448098,11578.063672537188,11533.862496866184,11642.295064475777,11941.630974658237,12595.857676527636,13430.189805432025,14148.124607847838,14906.642363147319,14948.56651398596,15285.49306366269,12045.32067293041,11256.713120252636,10660.691078662094,10178.32629303493,9707.456539898674,9254.53071581587,8468.94597707687,8218.589623953223,7987.514923931377,5579.520143289048,6474.0134512571285,7393.519888318183,8457.482080658685,9110.894187466101,10768.742074965156,11902.231824641529,13855.272962205412,15234.39024444222,16174.225483517275,20461.609655006614,19445.47588476183,18374.529293802058,17323.769097849516,16274.069812125937,15837.509892965927,14143.141273570573,12550.43389698537,18993.970701028367,17850.505139477576,17375.709434649532,16402.06348774211,15872.359335056399,15726.335819510321,15386.204801627751,14624.004816506429,14732.264706283213,14922.70146238582,15310.536397282787,11314.308113561967,10894.119333057819,10691.925367816435,10525.562645401491,8518.350984244387,7069.552533991999,6894.413950100078,6741.889373520116,6692.768505060631,7208.775765629725,6963.246510397388,6142.45443046388,5676.127232330907,5370.134585539454,5348.649655743062,13957.66545093928,12900.79760546682,10432.536340506002,7232.529075257622,6221.570218684673,5088.576628062075,4170.344482679936,2858.3738868846926,1614.1815502184959,0.0,1314.7399876747506,3648.7746192811082,5169.31914169156,6324.154651887698,8141.44748970892,10063.543701573351,16038.744539480032,15321.375390658699,14473.257704490592,13770.88009796534,12212.891869571129,11015.773408533218,10436.82618539113,9093.24909487188,7967.52085960992,7829.105623490432,7479.373127015642,7444.532189908937,7820.811997156377,9892.297764743538,10600.257962237965,12747.318195131873,14004.084488248762,13241.939925506722,11889.892067358547,11487.13772280315,8736.043366532931,8716.055610821648,9171.698602129025,9256.280437679132,8780.447084085577,8631.715710044065,9583.636746256128,9758.632688684957,10109.994314552087,10524.9744298206,10909.538254034418,11988.047722358988
Guelatao,17377.799258565192,16130.511104251269,15680.959143827655,15306.346425051574,14763.454511692953,14066.529298002099,13276.11125691836,12807.660866751927,12229.770040703235,11659.897311489893,11159.361405678508,10443.886552028805,10114.553055421828,9727.813274882677,9039.421694912862,8217.433360694495,7422.078927832944,6739.33154562256,5821.495719493043,5348.872451884461,20485.744814561884,19354.03652878451,17992.71943926473,17263.40062763927,16488.241575436634,15893.064740385567,15298.708904406301,14593.201384618225,13779.55547638242,13104.988447815153,12479.202974334592,12002.734623589338,11405.73738547265,10911.465335217255,10805.599858732117,10742.363576926036,10755.214631788076,10807.269037387758,10948.802457007045,11204.68369061016,11502.477634482257,11966.536947410828,11936.646312810255,15060.717969641559,14485.270246446284,14312.640907675934,14318.981281976032,13713.34997177684,13263.902691202136,12936.125856588542,12625.46213749516,12746.000429992624,12807.750112400392,12708.26803079544,12759.39955798633,13011.258240576311,13612.861873029153,14389.265401119912,15061.55682645164,15780.048813408754,15739.839869121597,15987.174470006057,13223.649530162485,12468.824204059425,11911.96992110057,11453.959031687627,11003.607277259145,10565.216281322068,9774.288955232892,9489.800046796323,9232.092006470251,6880.845784940908,7744.395137335662,8611.990871176766,9696.224863465288,10380.30958993983,12052.328666584044,13194.84927816308,15136.716324528727,16505.495430621606,17433.786274021913,21766.569397557247,20755.25917702055,19682.63998651611,18625.112182494966,17568.50124260812,17120.91337778073,15397.452531314071,13777.53942996759,20305.67413874633,19164.491193442125,18690.22161918114,17700.601494223207,17152.22412502531,16988.119541008036,16608.032230802055,15767.150557229459,15843.93708260009,15989.346816195353,16292.795936187385,12629.035914687962,12200.288868739684,11976.06940754472,11785.973151748933,9767.227933071703,8281.273849450816,8023.607586483017,7757.421855997691,7632.245174966881,8038.186811860956,7614.461665359409,6751.13680840309,6162.82486799101,5584.794982180193,5241.401699370514,15165.621718895081,14114.899837782665,11668.609997016072,8506.38825992163,7508.186027651773,6390.844293239097,5480.40911099019,4173.1136990815985,2928.917803485454,1314.7399876747506,0.0,2334.854193463294,3857.7643459337196,5010.124151679048,6833.531889932476,8754.168062014704,16612.819252163023,15911.883585320944,15085.162645471408,14402.791787590355,12896.410369556224,11747.09471963408,11195.992428571173,9928.24325394708,8904.195543555463,8861.639326512419,8626.498367257855,8712.375755172287,9121.46230251036,11203.64651995818,11914.277555265844,14061.100700133647,15050.666395079463,14272.602155251147,12897.781284892964,12411.523124252815,9533.465331307412,9202.087264856098,9464.502589190683,9431.575550247248,8792.622060302228,8479.5882123797,9243.364425577634,9306.468614626767,9494.356701720628,9765.724131032319,10046.084500657447,11055.7453825813
Peñón Viejo,19454.927609754734,18246.86662430849,17866.275331017736,17534.48357187303,17006.258230791962,16326.254587741381,15555.370070327945,15099.710390804055,14528.293171655601,13962.750904684097,13468.352717574287,12760.46035300593,12443.665661933737,12061.64637824514,11371.865661124699,10550.47766098652,9755.682486866492,9072.585253430092,8154.808033800309,7670.950081059802,22788.295222571138,21664.964769490056,20315.0958334324,19586.73674144576,18810.23861201398,18212.28857812301,17613.695077184064,16909.159449245708,16095.993308851881,15425.273045754047,14801.417010961064,14328.192863495187,13730.547069662936,13179.886782444484,13033.458724045331,12910.015374682904,12872.446715824843,12848.570299989613,12898.107208180532,13033.168414645346,13225.308257342993,13572.161437999894,13391.589769402348,17262.53964989441,16743.382777472965,16606.150453043043,16638.13286702962,16047.806535598553,15595.122716404356,15246.968392826497,14885.696729529009,14973.408762598854,14995.698472895316,14812.428298494215,14776.986396828379,14955.647519207152,15472.831295295364,16153.866807055032,16749.420798750856,17398.80271056126,17228.46417716013,17329.653835546527,15406.585649638166,14695.476340909716,14185.803865085234,13755.296345907378,13325.977186149017,12899.24606606691,12086.392494710082,11749.419249854018,11454.351566556934,9209.477759095576,10045.708433750717,10858.289509767392,11960.661428456,12676.282272518309,14361.599135237271,15512.896902137803,17441.88274197431,18797.956343683243,19711.68078098541,24095.625318910275,23088.440954029596,22014.572940751394,20950.87949630939,19887.224809899843,19427.45932968645,17670.592231271436,16019.680479492998,22640.039996052365,21499.208708112263,21021.075254251155,19996.172291988263,19414.63859693006,19219.875032968783,18774.55190705797,17810.487485392943,17837.42028426837,17911.321975318377,18079.987885808285,14961.599349227125,14512.507598340868,14250.923396386768,14023.813299468282,11993.561434830952,10463.629905689937,10099.449618022878,9688.900824501308,9466.683249666341,9713.52172699023,9057.669702974412,8176.0974129224305,7456.222283487247,6540.240066847926,5735.536228690393,17313.16817169195,16274.963594721725,13869.688582934332,10772.54797805921,9795.003437884548,8701.85852152851,7803.92549808636,6506.480678435909,5262.402588827122,3648.7746192811082,2334.854193463294,0.0,1526.8370475649047,2675.384322580851,4541.236384238608,6450.858495848481,17910.450918517115,17242.423402893062,16457.912259364995,15814.163300017331,14404.59548660499,13341.40349944179,12838.308644787256,11695.193556286258,10819.290644368568,10894.217945972488,10794.51664494383,11009.358080349237,11448.54416652185,13537.973912195715,14248.96881058697,16389.471621732202,16946.389854822915,16148.674744346457,14749.84493558541,14142.491337412188,11124.724588283258,10341.021171793058,10291.206486239314,10068.823646010374,9187.082196612886,8605.64918158758,8984.591067340965,8831.421488607075,8687.19598094212,8651.698549839435,8701.417125016542,9537.311295481086
Acatitla,20780.552207112916,19600.15531686265,19265.62405323749,18963.372869865936,18445.9111757928,17778.522685652653,17022.45313657889,16576.723858209578,16010.68442389985,15448.905654080636,14959.733459836794,14258.585658532385,13954.089483413212,13578.926639943365,12886.852657934196,12066.568773101246,11272.895397046517,10589.357555436281,9671.931945491659,9197.771761457243,24270.583173786134,23154.983721629407,21816.479305590707,21089.255740517754,20311.507106164845,19710.92284927491,19108.49649440393,18405.06867531789,17592.606880104428,16925.69605465806,16303.8999278195,15834.094386853923,15235.95150335784,14641.609987785447,14468.458266649033,14307.481013663228,14239.41271323606,14170.493430849228,14165.932531901879,14229.989059315223,14359.429443973373,14635.183588662245,14367.921649422877,18754.398977804118,18255.22926273082,18128.22396500041,18164.804781465347,17570.704453269496,17107.619280840616,16738.978347515847,16339.762312217012,16404.963391816636,16401.30700236981,16165.531516676027,16077.135695795792,16210.832998951637,16674.862439763532,17295.04064296421,17841.0524668957,18444.976875194934,18196.006477189716,18207.078602625443,16892.7079130476,16197.795678695553,15703.154088587673,15279.45731332923,14852.812180457782,14422.909377843678,13581.168198487043,13207.296847442707,12889.15003449352,10735.758588952156,11570.426208324894,12369.47570032377,13476.254980042602,14199.496248933961,15887.13661294142,17039.497805697127,18966.489269401794,20319.520233209998,21229.042968198806,25622.004475001377,24613.004075172208,23539.968150286095,22477.65829691285,21413.825282345424,20952.23229478499,19186.881638231607,17526.551644026626,24163.080122703454,23018.567891519466,22532.461517162556,21473.452894507158,20866.482888010254,20649.67532328324,20160.0840356821,19117.81394137978,19113.209515924456,19142.1601909209,19226.64833953502,16476.206503726273,16006.029259857673,15715.969629736268,15463.714490848542,13429.663637374166,11877.545082308048,11455.109435923385,10969.575855699863,10698.127938127214,10857.022329968184,10087.859684939547,9216.150151314607,8448.379724316854,7394.07517811325,6390.222930142486,18688.404786259845,17660.17885460843,15285.889126908498,12236.380948300106,11273.956272876601,10198.836700162568,9311.28008349188,8024.296455516989,6781.033533048713,5169.31914169156,3857.7643459337196,1526.8370475649047,0.0,1168.2612847763226,3134.177572892412,5003.618255443712,18970.061228745504,18322.903010462203,17564.680799917445,16944.4409882144,15591.82515160266,14576.901985238128,14099.530742050736,13019.748403802923,12211.032594733419,12331.665809609167,12281.126132349767,12533.097954852785,12975.127348809936,15061.16411770198,15768.488499879804,17898.174336338583,18164.206575145858,17357.53741452125,15950.60947154197,15274.949348971506,12203.80916169641,11177.165560158972,10947.343080863857,10617.641471666308,9614.070608794036,8886.1535111702,9000.310354299618,8705.607813509187,8331.43684082132,8069.3752718116175,7939.8928835550805,8619.41589640507
Santa Marta,21912.61502291863,20742.10565480632,20421.32075161717,20125.976826867347,19610.54612679689,18945.06255622846,18190.40604749022,17744.985142944646,17178.838131537457,16616.84120080151,16127.148277553588,15424.863460610894,15116.332570613846,14736.845244862041,14046.462545546101,13225.382201408558,12430.830490828072,11747.621089160264,10829.89574912936,10336.245354207322,25438.791610435303,24322.69331525099,22982.188251480617,22254.64300872378,21477.218786061858,20877.246163684384,20275.52471746056,19571.89600491393,18759.287968757853,18091.54145273195,17469.184086908455,16998.277958217634,16400.28868141184,15809.267804763367,15632.735920699894,15463.876376464503,15387.617842467882,15304.572096182845,15280.639123643183,15316.279911124544,15418.339899294739,15660.71897025146,15351.711705586642,19812.94487979602,19345.615659391835,19240.740513703007,19296.61429926636,18722.11697228897,18268.865954586065,17906.35951806162,17506.596740981222,17568.372222520025,17559.143278975655,17308.66732590594,17202.25130044482,17318.71730325293,17760.35404979232,18352.797352935886,18874.823822349168,19455.64840308548,19166.944503206705,19129.863994807984,17944.532603962845,17273.284560013482,16805.27982459583,16399.040784832956,15988.489494040967,15573.06462608302,14748.045186936948,14374.709034521593,14053.64290547019,11878.77416466654,12693.28187174512,13461.995849550654,14575.969705546504,15316.438026574944,17011.91328730256,18170.689228982654,20086.810928703355,21430.15758468944,22329.449587780116,26763.203644477457,25760.89647968052,24685.54232523248,23615.16790115808,22544.4788748232,22072.863421658087,20285.56099153391,18608.602013133728,25314.12837565184,24174.579848333964,23694.400494610218,22641.7117432527,22032.822096165186,21812.300943829516,21311.819754169454,20243.870598288824,20227.20749424004,20237.7673658669,20284.799957825195,17636.14698032737,17173.183199124916,16883.82814115843,16628.671113807144,14594.278227992827,13038.43970679508,12601.75470617806,12092.924256815448,11804.23347576562,11927.900099684193,11112.30957755689,10249.20791996754,9464.978495930993,8357.335507934908,7272.864999927644,19837.47265978828,18812.391766852004,16446.38660093543,13404.289029877767,12442.15868063249,11365.118784564844,10474.564971190977,9181.650633594283,7937.659115051008,6324.154651887698,5010.124151679048,2675.384322580851,1168.2612847763226,0.0,2018.7770614777132,3847.3505362760575,19608.106415417362,18980.57803176776,18247.08224836834,17648.928305845275,16349.909197977233,15380.630053285613,14927.638743533496,13908.560246737401,13165.567335812691,13332.124107624639,13338.198998928134,13652.29064829662,14115.841321928485,16212.15154296817,16924.344666982845,19061.316029179445,19255.045633690534,18445.272056397596,17036.35525194781,16331.566693779034,13242.769525067843,12101.920717756553,11776.665478722758,11388.481018875915,10323.218285226914,9515.30372741112,9453.744341330828,9064.423305710978,8524.666696278366,8082.677462060254,7796.554736746654,8312.690862564528
Los Reyes,23914.380702436767,22733.70309785276,22389.06758333659,22071.59756668268,21546.202718459117,20867.490370689906,20094.64760684843,19634.935389972045,19060.25996442243,18491.962843784822,17992.745956994968,17276.824298368876,16935.799781506572,16531.235992297694,15851.723222242597,15028.06178596647,14230.88560236317,13551.407416675122,12635.168239075583,12064.273702280636,27318.221510272335,26187.532202306902,24821.122128611354,24090.917601699086,23317.250717269482,22724.23053713704,22131.687404090033,21425.950102586496,20612.214431915825,19935.9036550926,19308.834733019106,18829.10250733087,18233.130313211477,17720.577611711906,17571.90282231686,17430.762186513013,17370.700079999206,17304.492810137563,17292.769633397296,17334.82515024291,17435.604510958736,17670.07979947188,17344.716802642644,21264.921392560496,20887.31150890906,20849.84540310021,20970.854179095335,20476.78120151212,20077.11908474795,19769.65723407107,19426.925428083505,19511.100575498484,19521.785708991694,19298.86708737917,19209.02054023131,19333.48082407893,19778.993391188706,20369.644155105307,20886.00730355764,21458.626332439828,21151.4712412356,21085.964095362415,19385.52137909161,18779.83460871003,18389.36516510069,18038.633758853433,17684.51339905788,17327.946082066876,16607.82084395973,16290.576959929132,15992.47720682967,13615.803443843415,14357.47039472383,15032.740758665423,16161.631106526982,16951.139725188947,18666.91989655188,19845.09833616761,21719.484747292583,23028.40772003055,23893.884417666442,28463.280388580242,27490.822929274505,26406.244209975135,25303.924009529077,24208.835718189344,23702.76844483018,21849.29884740358,20128.693242509147,27059.1737215306,25945.848817809958,25501.959706841844,24530.20176815164,23955.87409223971,23757.432632470915,23288.131609333373,22250.127428667925,22239.890477516452,22255.465231015583,22301.581753421677,19437.088271677647,19033.795947953487,18790.887567298192,18563.56940769945,16532.146713325397,14993.073435261236,14587.489028127004,14100.454704324286,13819.105690443836,13946.542239973898,13123.073576990957,12262.605337739651,11474.537816440592,10349.221126303757,9229.305837421785,21818.763343375183,20788.002423231123,18401.117040408462,15313.171785261648,14331.097893923035,13224.153287293228,12311.776237647317,10990.727654285813,9750.157674468186,8141.44748970892,6833.531889932476,4541.236384238608,3134.177572892412,2018.7770614777132,0.0,1923.8573040915826,20153.399291423768,19568.411865445265,18888.60537177886,18338.432066209614,17156.334326835073,16287.320671256677,15887.990965324827,15003.790128217277,14407.769770121686,14675.065194682691,14816.352904177691,15300.589592221151,15836.079481384155,17969.389594160428,18703.727879495356,20881.71668535929,21273.3149835098,20463.788261380992,19054.96953591875,18348.396073101994,15256.53015874464,14067.373017733411,13680.055550932435,13248.541604162656,12138.390308535112,11266.962945255957,11033.693913748331,10548.061629511532,9825.626580504302,9163.15113246893,8663.405032214501,8899.041730446099
La Paz,25749.69890726307,24586.467954732376,24267.947783554177,23965.832040751084,23445.655999542272,22772.6891328252,22006.010589430643,21550.0242960445,20977.135319097677,20409.969231961906,19912.262608112196,19198.038850541303,18859.339178611564,18455.05737948972,17775.549492244412,16951.897730792403,16154.728511451169,15475.185988024818,14558.866480280765,13985.370583716574,29236.224339742002,28107.865902366182,26744.034976496354,26013.97335995576,25240.024489518328,24646.409356554006,24052.87461382159,23347.326599352957,22533.652223204077,21858.133215218913,21231.40532025102,20752.22796362955,20156.097121163686,19629.371235947743,19469.137788973097,19310.14369403173,19234.63437075194,19144.505881662215,19102.588743194032,19102.94245600622,19164.976272946624,19352.963631169074,18972.435039492324,23113.057007000934,22765.02241857006,22745.91302265235,22881.024056978655,22398.295771978585,22000.969241974464,21689.71695430515,21332.761344507642,21406.706947989605,21404.61483196803,21153.863555865475,21034.00368011319,21131.472043387097,21542.900345899874,22092.129020182576,22572.982615802113,23111.325380400445,22748.657667137675,22616.042672216412,21232.104995719874,20648.893435445534,20280.82694468666,19943.27750104073,19599.558793612487,19249.91054837149,18527.9773930667,18197.54434581094,17889.62967602583,15537.123488646883,16269.12783405643,16924.19935014342,18055.49974094303,18855.453160259283,20574.35490647898,21755.709409350606,23620.705419304988,24920.54919669921,25776.222303174913,30376.357406131374,29408.700312316556,28322.958221660712,27215.570559729455,26116.026844362063,25602.50276609816,23732.702330176613,22000.54066404025,28978.99696207009,27868.225325886084,27425.809738500517,26446.12706232881,25861.130927674614,25652.0716792815,25159.170286535365,24075.66400764954,24045.792555845743,24032.437140931157,24021.876123206202,21360.931058527975,20954.14732711449,20701.2147983505,20463.048173046995,18429.8745351467,16881.053800297836,16448.522378386453,15925.421593648593,15619.978637247572,15700.134185124296,14821.179118585522,13975.319015654972,13172.509340366902,11998.064136368666,10812.352233737189,23684.574223551062,22659.72832682671,20289.440339369197,17222.284809673158,16245.458088469952,15143.763161101884,14233.658929546105,12914.13315833694,11673.15735551027,10063.543701573351,8754.168062014704,6450.858495848481,5003.618255443712,3847.3505362760575,1923.8573040915826,0.0,21527.664518890037,20973.628132669972,20331.802312421718,19814.501549139626,18708.46739994861,17900.08725193893,17531.331105809182,16718.409537088606,16189.823199612782,16495.678332542397,16682.49372103097,17208.753949903396,17755.01981721007,19891.440761081885,20627.0362385899,22805.37401472864,23043.767690566725,22230.31569418964,20820.082997457823,20072.750075853273,16964.610335389854,15638.031838957306,15138.725100684023,14642.541781169948,13478.169025431056,12533.806751044176,12101.242406727379,11519.45168340712,10624.843051302503,9765.458062192936,9080.675779392488,9037.802515987567
Ciudad Azteca,23704.644092476006,22376.524944059656,21111.69298408008,20150.570476253924,19560.12030998346,18837.463084426934,18000.392646104312,17457.072122123693,17039.214281039378,16701.838101011483,16342.484852212216,15875.320819368053,15194.398598239011,14695.031807850248,14790.207676901626,14685.55276413201,14630.7245263182,14704.653177745782,14799.705934354624,14000.21914281427,21407.90669671446,20294.747720082967,18837.778551392254,18356.25523036238,18016.147016616844,17862.655884847252,17774.618507329866,17390.758153664225,17007.148678321784,16550.308914101985,16223.622431518263,15887.320075116082,15750.073907043405,17286.138212316237,17955.611341699132,18741.992779992543,19305.903139185146,20044.97883152361,20852.19216735057,21818.914176067407,22629.866641151122,23563.351185216317,24239.779042865764,10586.19777041763,11731.446595525713,12724.05540189779,13799.66038716721,15005.02631678272,15867.301299537794,16896.62011206597,18140.79106065897,18811.919261378953,19458.84168980426,20453.38779702042,21346.55259184512,22127.25880279032,23165.84581982829,24366.62982568561,25349.369453640873,26312.19260858774,27000.385287606427,27913.346275944,10001.093478757337,10782.412490353598,11784.548392801076,12522.530575721923,13305.107748076522,14168.93457569741,15878.585774901925,16989.068310888142,17472.151131462873,13826.065451688015,12854.684174926886,11683.09781514112,11728.704812553182,12356.605919299725,12852.264778147479,13436.83956967004,13409.222548212152,13429.552494959613,13331.159777946219,18378.788910033112,18263.51365900727,17388.404385583366,16140.913866027568,15102.456460542533,14265.01672405259,12393.938993220647,11212.405707953241,18265.754747800333,18072.442151944415,18551.55799702694,19876.61242954898,20504.616361774657,21087.139210479072,21984.091863829613,22993.721910700155,23554.912064474458,24312.976975970978,25600.393633889147,15502.658328726284,16568.915268059303,17550.480696657985,18196.46581950616,17594.37183448933,17642.805393645664,18494.983496053024,19321.258715506076,19767.28235595005,20698.686914887352,21274.354739438397,20777.2417907098,20736.58773142414,20987.527583573945,21298.912310628213,21353.221057144096,20559.274810490588,18719.943962766665,16623.052597031463,16086.380399338143,15526.080190869929,15255.59815931651,15115.21612112882,15463.10856431621,16038.744539480032,16612.819252163023,17910.450918517115,18970.061228745504,19608.106415417362,20153.399291423768,21527.664518890037,0.0,743.7205937520289,1626.6560102440976,2363.0087121262923,4010.784362324296,5293.3919540219895,5926.792342552084,7426.683801531919,8844.614271076358,9542.478426039854,10754.312452074404,12561.462337317085,13500.339784704542,14327.038012777752,14885.583469572952,16428.046287285317,23874.6469368653,23493.007333440128,22746.470589711596,23194.532654552044,21976.660285477665,23292.0977273905,24268.703408219277,24625.839588881594,24473.43349862305,24530.757639047468,25599.88475280441,25797.377136580653,26096.03968665656,26361.744897813307,26557.153529818886,27445.63245620139
Plaza Aragón,23050.79189663674,21715.883510146414,20459.22356602746,19502.993562558237,18908.054082766233,18178.759649169544,17333.771316579834,16785.86234196934,16359.872701594139,16014.073623706423,15647.932147430602,15171.09875660997,14487.42621465171,13983.314566144158,14068.791897118546,13955.03381357186,13893.575359931052,13963.646277707436,14056.164191041858,13256.764626609076,20885.37673458175,19759.33982532058,18287.57958112908,17791.387048938046,17432.789553969447,17263.849497008985,17160.1333420482,16762.339856388004,16362.483295350788,15894.060598129787,15555.980119723652,15211.895633542215,15063.432683457588,16582.064123694545,17246.038199417235,18026.85940700726,18587.502666356428,19322.64571730563,20126.379632750508,21089.623200146838,21898.273790524625,22829.954074627974,23502.371668134718,10060.900731153273,11166.577831444372,12142.082228294958,13206.401299613162,14379.738879313421,15221.37341710264,16233.299151569212,17459.792166178006,18127.059511458065,18769.072920351326,19752.863362741766,20638.77946537725,21415.97880690123,22453.039932253963,23652.48965070352,24634.184382019186,25596.435843778712,26277.25068009917,27184.565406777976,9391.0583963486,10141.960425241256,11125.186118727193,11849.470613187103,12619.85232596864,13472.685798480106,15164.412541659813,16267.42582621607,16745.97821951855,13085.173603512822,12118.07337483755,10952.085084482233,11015.035121860366,11658.142895854426,12194.528716408071,12809.756185615963,12851.21146301409,12929.49339968971,12877.57899948173,17991.830170848396,17834.063018584726,16936.538018230716,15675.24900580139,14615.10976198442,13775.988823310703,11861.16516553936,10621.670190665674,17816.807044696645,17581.818533630234,18031.8352078703,19296.84299957662,19897.820461133295,20466.18460274882,21339.676654945983,22317.411815020158,22872.6967449604,23623.618013766154,24900.032518443375,14844.184498136721,15892.643756067775,16862.364984589236,17500.16172466902,16873.462792886712,16907.96537494948,17756.419764784965,18579.729536253813,19024.631380740455,19955.653692060518,20530.686328254636,20034.34739897001,19995.71124954061,20252.131807969952,20571.856030383737,20686.593272909206,19881.72898857149,18017.860485332363,15892.51951495848,15349.135332552783,14783.831827160466,14511.87884709563,14374.443713377159,14729.996926918306,15321.375390658699,15911.883585320944,17242.423402893062,18322.903010462203,18980.57803176776,19568.411865445265,20973.628132669972,743.7205937520289,0.0,882.9354365053363,1619.2913615910998,3267.070891499031,4549.675882001853,5183.082292903466,6682.98605690177,8101.205138283244,8802.337598457945,10018.971641697146,11834.639236929639,12780.553265698887,13643.150537436755,14214.619899506146,15797.10828108798,23175.181990865076,22786.04590824725,22028.379237106106,22467.59162435275,21235.537112575286,22548.4163021201,23526.153829491563,23885.000313739172,23736.960363844642,23799.814183054896,24876.051866807164,25079.527990362065,25389.064706958336,25667.209827032646,25874.118666153765,26773.582575592052
Olímpica,22281.72749636243,20938.679674227118,19692.880683298325,18743.3217952586,18142.94465579048,17405.51399982618,16550.767380931058,15997.211420457821,15560.89143211588,15204.296077070037,14829.453447209487,14340.137556281166,13653.094316648714,13142.887137820539,13215.47357023956,13089.64472050344,13019.371555797414,13084.306358235453,13173.460670135375,12374.194824919508,20282.765529010656,19141.58985180995,17652.619545862297,17138.330995414784,16756.54960052872,16568.0318090634,16444.32209585438,16028.951075689482,15608.440263004994,15125.345777870132,14772.671662771301,14418.644796776798,14255.583222958274,15750.832284358305,16407.480199252856,17180.93244846427,17737.26016713813,18467.23519844438,19266.413426150324,20225.12510721178,21030.78793811832,21960.127378757355,22627.429637942503,9475.116408270927,10524.686567549392,11475.269180224348,12522.783873715198,13652.670668849363,14466.589307195729,15455.18427593742,16658.165747120558,17320.191555753325,17955.670695924968,18925.390902088573,19801.851193495095,20574.449242397186,21609.427806001662,22807.045004979285,23787.318133409157,24748.760624203187,25420.22891928938,26320.39337538355,8693.723789169968,9401.227396922422,10357.105147243243,11062.047969525405,11815.391135538597,12653.01755627509,14320.377222068902,15413.3540974653,15885.918679713608,12206.016467245312,11244.75131470599,10086.591406464851,10173.279026424354,10836.653400049703,11427.229879899049,12082.321213050576,12214.272965524027,12367.465433942445,12375.357856016823,17562.03758001143,17351.596987201476,16427.457554126624,15151.032888097543,14065.478442466909,13226.05495309826,11259.545386217722,9946.853338325413,17309.979431459724,17022.980771321538,17435.70436746697,18623.498005197307,19189.785858053558,19739.85622315575,20583.18597239056,21520.15930080007,22067.823468707,22809.545066684015,24071.852111153552,14073.345008576496,15097.896940966393,16051.770768713013,16678.72997553611,16020.243326979564,16036.589807909393,16880.159370923167,17699.611681021266,18143.06366370714,19073.591167560986,19647.821519783247,19152.490080125855,19116.464990022978,19379.948573882586,19710.38092318463,19902.145249981924,19083.633538544367,17188.80564625026,15026.86361159072,14474.70805684007,13902.8294915718,13628.944596741476,13495.45642656219,13861.174880517628,14473.257704490592,15085.162645471408,16457.912259364995,17564.680799917445,18247.08224836834,18888.60537177886,20331.802312421718,1626.6560102440976,882.9354365053363,0.0,736.3661960181607,2384.1478932764053,3666.7469518649127,4300.162254042509,5800.082757482596,7218.713384033571,7924.490861904533,9147.696624568305,10974.63881723714,11929.767659212835,12839.769211495153,13427.886169450583,15061.279670752774,22348.397558178658,21949.81387983517,21178.090935800978,21605.997547731873,20355.906693162095,21665.533920766917,22644.724893747727,23005.752755382433,22863.27905767213,22933.168417504032,24018.37169813993,24229.409389492557,24552.662629407794,24846.467647623045,25067.828298919183,25980.928996684463
Ecatepec,21644.28449913194,20294.49953553141,19058.73121296236,18115.489745157007,17510.563471062007,16766.235986427913,15903.175822742682,15344.822727855195,14899.408894834534,14533.224803862488,14150.663270365347,13650.20369022331,12960.337522221955,12444.734859910748,12505.49713998387,12368.686802840815,12290.453402506073,12350.831362671403,12437.200945196615,11638.362800154953,19792.294167772085,18638.807935423825,17136.044707871122,16606.23692730332,16204.224553549573,15998.434740436282,15856.97590403874,15426.192476232567,14987.433775812611,14491.44214516033,14125.792317886926,13762.958969335621,13586.71119945684,15060.200494668243,15710.097016158526,16476.808210472194,17029.209367863525,17754.51642786198,18549.606030921223,19504.284226473424,20307.30759168219,21234.58707785366,21897.495271992277,9019.388321440663,10013.55140345853,10938.873183495563,11969.045056778888,13057.809969206051,13845.7843719204,14812.584698364963,15993.824860432593,16650.911682944232,17280.357052217383,18237.329353824516,19105.265237074214,19873.69813781479,20906.72168731477,22102.611067594953,23081.556752915294,24042.218400752237,24705.56410326781,25599.54553933642,8136.182276162865,8800.375950159992,9728.593166114286,10414.457598535915,11151.19706817891,11974.18061147561,13618.572263663002,14702.248707954746,15169.379609998437,11472.728946731128,10516.789991468835,9366.112659820346,9475.23277547994,10157.302615002922,10797.993918101596,11489.103115901911,11703.627520784092,11924.208317986808,11985.640599409351,17225.2778803289,16969.31495728129,16023.26933107934,14735.63130680034,13629.574562641692,12791.62645214698,10783.328246313558,9406.747253344285,16906.473621023048,16574.23795875092,16953.62498112737,18072.177171480715,18607.43619867881,19141.042057583367,19957.383269050955,20858.17061859392,21399.014189613565,22132.52724126534,23382.322270781115,13438.27382694799,14440.472970678675,15379.614090598006,15996.625079376778,15309.801343815594,15309.983331245658,16149.24277935071,16965.389449259193,17407.651006535256,18337.787694183316,18911.609589007145,18417.398354535846,18383.977031748556,18654.21305953892,18994.662651602328,19251.91071557323,18421.580473442453,16499.73747496236,14305.423065406936,13745.498199328713,13167.914126864765,12892.590009351767,12763.362591469548,13139.058072190235,13770.88009796534,14402.791787590355,15814.163300017331,16944.4409882144,17648.928305845275,18338.432066209614,19814.501549139626,2363.0087121262923,1619.2913615910998,736.3661960181607,0.0,1647.7821670932722,2930.384567611603,3563.7962568171097,5063.718258073656,6482.63364315677,7192.686297935879,8421.96306894206,10259.075157576872,11222.4827223452,12175.821910515042,12778.79987084939,14457.111106355134,21660.32704822526,21253.527175081457,20469.58793418165,20887.598038364216,19622.060963257794,20929.29587030296,21910.051319716564,22273.21087557338,22136.012121387863,22212.447393068833,23305.84162257774,23523.77099952895,23859.453976131477,24167.371043662428,24401.70024803414,25326.85988049753
Muzquiz,20243.417843076066,18878.62805367085,17669.676618620248,16743.93207773659,16128.741538966242,15368.46310649125,14486.000798338255,13916.52297769316,13448.538688347653,13058.12653216816,12656.060332393763,12127.029096168513,11430.79557806084,10901.534321832929,10930.12658258121,10763.48483994726,10663.424715057363,10711.193246663886,10789.756593050302,9991.960431170797,18754.906262154396,17575.248415799928,16044.131116851564,15478.016388056412,15027.189687020602,14778.887224821305,14593.208813285195,14124.785904660364,13640.796799445843,13113.078262713825,12714.792663624776,12329.927288512496,12119.424505178036,13533.126809711124,14164.666479165886,14913.202005376148,15455.072141442068,16167.962522783391,16952.239183712718,17896.332722066076,18692.469083558502,19614.376241515914,20266.11758262535,8151.67979322941,8985.637730895229,9834.535615846215,10810.856046232431,11786.222468879978,12503.487451262874,13410.836819001499,14533.47159023438,15176.822909042405,15789.977460254362,16713.448516641514,17559.07046976124,18316.49956388504,19344.071929168553,20535.117069993237,21510.39147556776,22468.79964424711,23111.866485413353,23990.400410854236,7010.938642063892,7544.931300077402,8387.389547081179,9016.108407379625,9703.87387563048,10484.324398405155,12063.85057874135,13121.760631213643,13574.247062888713,9833.750838737638,8893.244799811491,7765.268885218186,7939.206321091543,8671.940100543501,9447.579696012783,10230.800679315524,10658.868860687431,11048.265239466908,11242.139809655622,16567.83617751957,16204.702691002563,15211.31336935268,13904.726091267432,12756.536276520987,11929.322544811279,9836.491943928359,8309.874252810912,16091.187590378198,15651.087770694638,15947.237050689737,16891.272837504905,17348.26038685421,17839.81938602692,18587.676230258738,19397.331561201012,19920.70010774936,20633.243612161186,21851.276236060865,12060.259749469327,13001.18499766738,13900.141776973222,14490.472727906023,13730.603272271073,13688.237602016288,14515.961906465254,15323.345025223636,15762.45523503871,16691.544265222998,17264.170787581385,16772.727353846713,16745.850366297444,17033.103788140936,17398.7443828083,17822.316124491677,16963.38363289703,14975.003784871415,12697.76923472681,12117.23014862296,11524.216207302234,11244.8262503443,11126.901118409403,11529.182255138852,12212.891869571129,12896.410369556224,14404.59548660499,15591.82515160266,16349.909197977233,17156.334326835073,18708.46739994861,4010.784362324296,3267.070891499031,2384.1478932764053,1647.7821670932722,0.0,1282.6118489844632,1916.014556083016,3415.9524175549263,4835.898835767657,5559.817293017955,6806.743734648632,8671.120126062371,9656.288605659744,10725.532811503548,11366.155105123538,13155.482462907765,20133.872169104194,19706.790171316214,18892.551007474834,19285.473755017414,17980.87286545926,19281.79143252347,20266.33671817618,20634.724299758607,20510.56059852926,20603.181910996278,21716.5455864743,21951.367782970843,22317.445273768102,22659.77002027834,22925.633608065866,23879.49664786747
Río de los Remedios,19183.97130099661,17807.880288159013,16625.11807061057,15717.155457874338,15094.148096118486,14321.222453569095,13423.196988922124,12844.934219339731,12357.014159456941,11944.617679642217,11524.859175642145,10969.33069775365,10268.493032575296,9726.882850969894,9722.843962940397,9525.902661825334,9403.255016708992,9437.697941682545,9507.66976737569,8710.470470965913,18015.97746457118,16818.12986454886,15268.762803853668,14673.277570977727,14181.14126223176,13895.820231364518,13670.951962630941,13170.126835527984,12646.349580894683,12091.070059275657,11663.472880604812,11258.997510163672,11016.197284370524,12368.804840111334,12981.798549757184,13712.150837880272,14243.548833930288,14944.213374665995,15717.912458616449,16651.743437182704,17441.24314096028,18357.970387519163,18999.276981516392,7662.010080723957,8330.426787988983,9095.102931983512,10010.144591289734,10871.38906172478,11518.06490613785,12365.762514165615,13430.282983509827,14059.470738806755,14656.407724446293,15547.607972262113,16371.813750076142,17118.550103686768,18140.484346123154,19326.497194314485,20298.018422985006,21254.023417298897,21878.73971879538,22743.25063939009,6302.158308742729,6691.85269491222,7433.9258667611675,7997.932900792,8631.014074841032,9364.719469379663,10875.245008149699,11906.351308538571,12344.12708038509,8561.19201286376,7638.12780801371,6537.411121011958,6783.060051153123,7566.013188349739,8474.105197005847,9340.57923786688,9964.82341304275,10501.76960169675,10809.140488801339,16160.4987579116,15709.865679473534,14682.652358283449,13369.318771401533,12194.409714199459,11384.75418234461,9242.77197087243,7600.846089594186,15554.18176006669,15024.457129888833,15246.995310837732,16034.199145629753,16420.478808897584,16873.373946842203,17558.6460422288,18285.60425814877,18792.726655109658,19485.833364956,20674.62847273455,11043.093269775703,11921.987632533255,12780.40682524222,13344.352094467875,12515.812528463757,12432.004758238283,13248.146496568235,14046.776137274512,14482.702470855224,15410.698018982857,15981.741832259057,15492.555500186107,15471.386834500981,15773.76816293191,16161.887505056104,16740.955026093266,15857.494078686132,13810.603015301635,11456.00151391038,10855.101490575405,10246.26591746102,9962.214403744543,9854.802384924702,10282.73291875853,11015.773408533218,11747.09471963408,13341.40349944179,14576.901985238128,15380.630053285613,16287.320671256677,17900.08725193893,5293.3919540219895,4549.675882001853,3666.7469518649127,2930.384567611603,1282.6118489844632,0.0,633.4759513125927,2133.454611859033,3555.1655945466036,4298.020127650279,5564.501580732376,7455.312280022532,8461.195463388,9644.381547443667,10318.932618516517,12204.929884050556,18962.503473839326,18517.419670988504,17676.07718912324,18045.818405076512,16704.970183695325,17999.31442766362,18986.88529631672,19359.686802749235,19246.784320887018,19353.495211626112,20483.96935023212,20733.39943438662,21125.710564947327,21497.64917664901,21790.574023425557,22768.37699140726
Impulsora,18664.132915772338,17282.9040075929,16114.724464807854,15216.929611505871,14590.350548167205,13811.4365075421,12905.995852590435,12323.63258901218,11825.42865582204,11401.473287915991,10972.447856660117,10402.845888672482,9700.17089201216,9152.210458767655,9129.773272805274,8915.963215118325,8780.875066164435,8808.217476953194,8874.241836003344,8078.366438154479,17664.034448968032,16458.364862020106,14901.883158798792,14291.983594658015,13778.873173440235,13474.37472002476,13228.964650016864,12711.57531834942,12167.161085154856,11597.783869443605,11154.821330557064,10740.177076348284,10479.866798821378,11797.49187150359,12400.029838316894,13120.257288862824,13645.881793210454,14339.891714864543,15107.903845067145,16036.30426833886,16822.344694688247,17736.399046548035,18372.543609489563,7478.283926336013,8051.849300133245,8765.894893847619,9643.28286447764,10439.27294309268,11045.792793635283,11859.491334237908,12891.264483245468,13512.294989301528,14100.12288857204,14973.668230105983,15786.257453301974,16527.174988541952,17545.93109147794,18729.11062838503,19698.545331258578,20653.186086391004,21268.547398098464,22125.991790251857,6011.7556529078975,6314.469127079427,6993.109374269107,7516.961130906078,8116.429669097681,8821.783711360926,10291.709506891826,11307.495154317754,11737.155940194414,7932.291213731938,7019.168116339214,5935.553757601845,6224.436341847394,7035.186533675201,8016.977099363798,8926.979634601475,9656.048683251562,10269.181588377462,10634.482432692734,15982.085616982233,15487.693794586638,14445.397173383755,13132.017966321511,11946.866185605511,11149.380014832748,8991.666923401008,7297.95727568102,15310.665273201475,14735.704529837218,14919.468469854874,15623.249450837984,15971.862319560583,16403.943161080824,17055.739332923367,17738.90056848519,18237.31966356512,18920.063568768233,20093.418516529855,10554.317098108117,11397.678024991084,12233.020458802543,12782.209344265977,11917.029592345032,11811.138136660322,12621.23568885278,13415.575693275325,13850.090805982994,14777.65079487262,15348.696566535333,14861.341086485458,14844.00326328415,15155.755358823892,15557.213061689567,16211.052179497294,15315.179714612608,13238.312771821984,10843.039546010952,10231.38651748395,9614.532996368556,9328.854485682165,9229.4153146013,9673.84429478044,10436.82618539113,11195.992428571173,12838.308644787256,14099.530742050736,14927.638743533496,15887.990965324827,17531.331105809182,5926.792342552084,5183.082292903466,4300.162254042509,3563.7962568171097,1916.014556083016,633.4759513125927,0.0,1499.9799813658872,2922.4544835963043,3677.456248502318,4955.033893816489,6859.52594310273,7876.307601496048,9122.708935669627,9814.931876756917,11750.309716291751,18384.45351529198,17930.14698977303,17074.950863657887,17432.727303973938,16074.018219049638,17366.208954293106,18356.128605665563,18731.809010784396,18625.8171160506,18740.856630041155,19881.104399011663,20138.82889684135,20545.861699056855,20934.23016796206,21242.039091584065,22232.679560483117
Nezahualcóyotl,17465.44604324045,16073.28598910399,14946.17208405719,14077.792265857519,13443.699532524552,12651.406199967083,11729.289296763436,11138.092912768137,10613.677200204247,10159.35879206727,9706.074381972787,9098.718943275222,8393.676540388386,7829.597970477069,7752.568564069326,7488.534890836304,7315.619568861548,7320.962768470096,7374.469830590403,6582.385984458943,16899.489231914915,15678.989767747533,14111.923054309213,13468.267089911742,12903.64929339169,12550.708649644232,12252.49605424479,11693.914622615355,11097.056376945291,10492.557966878207,10009.857898518972,9569.320735544974,9261.241550624816,10475.081023282886,11046.857390865405,11737.554838826964,12246.439148411577,12921.332446005128,13673.119173046955,14586.166763699219,15362.495110859498,16269.056396426147,16891.127839155062,7251.977781450306,7568.347871755949,8134.730716519723,8898.265784869425,9509.505211430642,10001.606040369925,10717.287246926517,11655.074549889203,12251.946552709336,12813.500020393438,13637.43224545504,14417.46920253493,15141.9294551748,16151.316969674517,17326.15076860138,18289.517415205908,19240.105840119977,19830.595265788146,20669.220950987605,5560.023007892311,5611.460502828682,6089.563011049912,6486.314062517305,6978.980000949884,7594.591865395347,8938.826027774974,9908.075765726007,10313.880472615787,6447.2833244361955,5567.62655477921,4546.407165439335,4976.005729180264,5862.641541192888,7047.241655327932,8065.447253055778,9064.023241592535,9863.443415046642,10368.18732871378,15657.618828864894,15058.665671166214,13985.870883189264,12682.620515823293,11482.969553803552,10725.028855481469,8559.761436502944,6769.248712962505,14829.824004648943,14145.323204455233,14229.893050729183,14716.291460104723,14965.797163103036,15342.16360090989,15904.596650110136,16471.218794489934,16945.974643492886,17600.604871808664,18732.301836350103,9468.272708313805,10208.033699208,10975.986984584897,11482.714700258635,10516.810071826303,10347.96619781054,11140.377053910102,11922.307483947534,12352.734250048577,13279.006684418682,13849.746046299131,13367.224106159449,13360.173425182189,13697.123393394018,14134.276568183668,14990.611233678292,14063.580481105826,11909.72348961321,9403.581064068103,8760.880004161429,8120.099537220055,7829.143326358329,7753.116230896898,8245.651833299251,9093.24909487188,9928.24325394708,11695.193556286258,13019.748403802923,13908.560246737401,15003.790128217277,16718.409537088606,7426.683801531919,6682.98605690177,5800.082757482596,5063.718258073656,3415.9524175549263,2133.454611859033,1499.9799813658872,0.0,1427.4084818148035,2238.4097609805353,3547.1012933347615,5484.212057189764,6529.397205411428,7954.930961064382,8691.941751778875,10749.125082007182,17033.084758894536,16554.67333672988,15663.024302692089,15988.379050549456,14581.25841461891,15867.089804529593,16863.03081460383,17246.186968215847,17158.310336563056,17295.184917135914,18460.560644489393,18739.769180812473,19184.79688567341,19615.38381367975,19961.285380765337,20983.870420975338
Villa de Aragón,16269.007702019933,14870.00823272688,13785.011578706004,12948.247334111014,12309.646698254264,11508.05868844563,10574.370586948786,9977.844022507,9430.287785107279,8948.085102359228,8472.984719196427,7830.870652253559,7127.984825413387,6551.104413970955,6417.761636835505,6105.634005828114,5901.025611021753,5894.1948106839445,5955.531375859296,5190.147737437176,16120.302948137085,14892.352871311181,13325.592661133021,12653.534915258924,12042.226990642015,11643.716629249537,11294.895556116704,10699.31692662565,10054.163080528655,9418.898387929234,8899.436934058105,8435.933405550171,8080.66024375478,9182.410728357161,9723.049358794076,10385.347259502689,10878.912790261647,11537.27731520408,12275.98457798994,13177.756121376799,13947.680367594578,14849.805911740032,15465.52547732303,7155.957616691912,7202.108007233529,7597.947991415979,8223.90461148152,8630.224827556196,8996.081834163435,9603.867823425277,10441.635994598466,11012.464781466522,11547.045097498505,12323.138205478135,13073.222454023466,13782.923971276216,14783.74076419128,15951.131754165679,16909.27967530483,17856.37104293865,18428.849116545818,19255.33581544176,5322.294287959363,5098.904956981786,5325.1740668781,5560.681608568405,5917.839046152537,6422.193254648205,7622.714778403158,8544.651107621114,8928.955770141783,5021.399082053744,4168.007120788373,3228.521036604408,3832.7573849227883,4787.308121231317,6174.779208021785,7286.000515894164,8544.503558689048,9514.873410260145,10147.21801415635,15313.932844462312,14618.600339574126,13525.832717594341,12246.619340539239,11048.547831985397,10341.831309473297,8215.701175917966,6386.808481454675,14341.249102408203,13555.479691634042,13541.694383255784,13810.547206085062,13961.638762370707,14282.152412153566,14756.853799576216,15213.522802572987,15666.114859190164,16294.997637502149,17390.093190918953,8424.956377935756,9049.938372296005,9745.245453282481,10208.392651696098,9151.413828062652,8932.706192833833,9715.359400149853,10495.100549828523,10927.637462736508,11855.700348823353,12441.445079136432,11974.686499120613,11990.969655943598,12373.655374940825,12867.014112723557,13780.117066137687,12826.433749357575,10606.466250477217,8006.5561706036715,7341.7536974578115,6693.131232153142,6418.03220419499,6408.808438029569,6990.552922686877,7967.52085960992,8904.195543555463,10819.290644368568,12211.032594733419,13165.567335812691,14407.769770121686,16189.823199612782,8844.614271076358,8101.205138283244,7218.713384033571,6482.63364315677,4835.898835767657,3555.1655945466036,2922.4544835963043,1427.4084818148035,0.0,927.7877010754958,2225.7574550813288,4169.572253936074,5235.834565616326,6843.135785268291,7618.8284340925065,9780.096391053403,15700.632363879988,15202.425381916762,14282.056291120127,14583.39196261189,13153.985626364287,14457.663820836928,15471.872079977038,15871.205247697102,15816.447738553254,15988.569964110193,17190.415870352426,17499.94309274007,17996.347555669745,18481.691415622303,18875.473961765452,19935.73410059876
Bosque de Aragón,15342.324311304008,13943.68499568246,12857.226918977556,12021.387450518729,11382.635771584037,10580.736270674475,9646.768209603646,9050.165236594574,8502.590471484134,8021.558151793608,7548.43161596068,6911.967747877165,6208.209525831757,5633.968317685541,5523.055819548018,5251.307622327704,5105.368534803098,5163.816920001557,5328.071612838172,4669.281752889206,15263.4179416949,14034.559596003965,12470.11416625129,11790.18162564118,11165.87627017265,10755.391776155306,10394.52888317371,9791.549484672298,9138.017888576636,8498.547438653712,7975.014014903882,7509.750983458371,7152.876815775621,8270.887468245923,8824.079758579184,9503.05711401018,10008.616785017295,10683.441384512898,11439.121878496986,12360.33426228894,13144.88845144324,14059.993959744505,14706.458192554841,6663.313280124204,6559.644765511179,6865.949701027172,7426.036889937226,7756.0155412674685,8088.1322806419685,8678.85983324725,9515.56585642812,10089.487306478823,10629.192023246702,11420.594453260404,12186.153246017439,12905.981947355316,13913.70928625098,15087.817384375763,16051.141080803667,17001.9458289907,17598.325922919896,18448.806220094335,4790.381733802759,4418.634486305855,4516.36544438439,4686.202364749812,5004.496303031535,5494.623936610452,6719.296672819852,7670.617668078858,8076.403556231369,4284.944333503261,3341.8090348306337,2320.6918719271266,2910.9127752500863,3874.769540254126,5314.273815147238,6452.30646679325,7812.341567911508,8857.62030706497,9550.627370083117,14632.359985893703,13894.783867130034,12796.289696108102,11532.387777948134,10340.356939734125,9661.866585621608,7572.442559133431,5748.616321939856,13596.89492828928,12770.920938934447,12719.489080330944,12920.070666885387,13049.63013594878,13361.377646245304,13829.212015441975,14294.507906910294,14752.413201131234,15389.688964635588,16502.28072021405,7510.400655688002,8122.38688024664,8820.783533527067,9292.02275373641,8279.126245122101,8134.1877861757475,8956.926759559303,9782.170019669582,10240.78160350125,11180.15189195154,11828.41258235493,11407.452702474318,11476.64682009341,11941.4781061272,12517.488047202392,12854.260887945833,11903.48087366427,9699.108476577865,7170.86458566954,6558.023353604701,5996.9470544757705,5820.9144442125225,5981.113490712441,6702.038056225816,7829.105623490432,8861.639326512419,10894.217945972488,12331.665809609167,13332.124107624639,14675.065194682691,16495.678332542397,9542.478426039854,8802.337598457945,7924.490861904533,7192.686297935879,5559.817293017955,4298.020127650279,3677.456248502318,2238.4097609805353,927.7877010754958,0.0,1316.28014842468,3262.172897636945,4321.847412591393,5920.000429121784,6700.23345596538,8879.069867352566,14807.212252877453,14320.779357139187,13424.715308047178,13759.004205527299,12435.413111199492,13837.281864014038,14900.643014174953,15335.682376240773,15343.744258903254,15572.542089283981,16824.25759038094,17173.267170589545,17731.375070177673,18277.10028416065,18720.194320881892,19815.652512784713
Deportivo Oceanía,14057.447865154312,12656.800087284419,11590.979080290399,10773.564572634457,10133.56369901459,9328.147678375393,8389.86311999229,7791.836049675067,7232.632969148885,6738.021961137938,6255.387970141815,5605.888251140342,4903.65533451208,4325.582663860286,4207.534430804052,3961.513578318968,3881.2040665056543,4025.8509675005757,4335.2325647211965,3863.7796576151536,14250.4190599459,13022.305258147258,11468.60856203342,10770.624967822503,10113.087974727301,9669.013726877209,9270.86265091933,8643.553189890119,7958.001979520197,7300.054789998911,6753.428997761634,6274.947130723724,5889.087300960512,6957.605135363873,7507.806443427741,8190.478041011664,8701.49297735865,9386.084531416709,10153.642670386518,11089.972661886446,11886.618726892373,12812.67751968621,13488.132775349792,6474.984110146644,6096.363266309581,6207.518357652076,6605.406811066768,6728.870233589509,6946.007814627589,7451.417572531416,8228.438308914478,8790.909498960904,9321.483219784403,10104.51846480958,10871.623604708677,11594.93492604626,12605.664082329167,13783.05461943102,14749.120452237034,15701.94332175466,16314.46689806168,17183.685132129143,4612.243079421533,3966.8405389282443,3744.040148275839,3706.555330323261,3863.349954265739,4246.669567660295,5403.1928399673925,6362.623825317706,6782.220920996231,3157.99306003816,2104.104480182655,1004.7080228324796,1765.559765748155,2759.27970487307,4364.049062571316,5556.299853499501,7135.371083927903,8317.971158120705,9116.213846045312,13996.213141248212,13179.62982183156,12075.520738183837,10851.04906019354,9681.446786405153,9066.833182091159,7082.853513991594,5320.482726319088,12841.54699640801,11934.537485038883,11798.303179263581,11821.032095123945,11878.647186815913,12152.506210896372,12568.632146284559,12988.236906732061,13440.726150028973,14074.170254635143,15187.32676381585,6343.51597574324,6868.492883989129,7526.922369899121,7982.645010475033,6971.731762999252,6889.060387316504,7751.878983812876,8625.627770007724,9112.963834462498,10061.789848929422,10782.97247907588,10421.588768998772,10558.492839922897,11128.251023842542,11810.781051429292,11565.114562961153,10604.604111546414,8384.022430518668,5892.293301989291,5336.225100152306,4892.398117701224,4859.95451171152,5264.588862194986,6166.539947369411,7479.373127015642,8626.498367257855,10794.51664494383,12281.126132349767,13338.198998928134,14816.352904177691,16682.49372103097,10754.312452074404,10018.971641697146,9147.696624568305,8421.96306894206,6806.743734648632,5564.501580732376,4955.033893816489,3547.1012933347615,2225.7574550813288,1316.28014842468,0.0,1946.4142593205088,3010.1135945214796,4715.294334147423,5517.985696033702,7758.818384358349,13491.273821600857,13007.754448078336,12123.86634626393,12481.74348949448,11263.805160818682,12775.320153589366,13894.940445578517,14372.679141835535,14459.970474582458,14760.928193880496,16072.782937694545,16472.435410994516,17110.475172191473,17735.34360228512,18243.727233756897,19383.310978609992
Romero Rubio,12152.637816697996,10749.965388908053,9720.064685414369,8937.10533404218,8297.15407914187,7488.581145870829,6546.671667849298,5949.3409268895475,5370.065372846773,4850.121460424348,4349.747661567063,3674.9250800859463,2978.1009325450236,2393.031488819921,2271.374415512718,2147.5685388014485,2321.123161452398,2725.25020357641,3378.056577322022,3404.916152926015,12802.627803435627,11585.814133399337,10067.236979060339,9346.329329168984,8637.971179449532,8138.391393044978,7675.859879911386,7010.5461221188,6271.496474108209,5585.486640082046,4998.25788934719,4498.16791944988,4051.708625600993,5013.056394145647,5563.487236881258,6261.569485300273,6788.255558566927,7497.396749361723,8291.942650736759,9260.057246167784,10080.553149439658,11026.769028673996,11758.997426386284,6610.618339988992,5832.190784215648,5600.265564852762,5673.6202033379595,5385.239907582776,5356.657184655537,5674.761513812238,6327.997253637837,6868.757946541098,7384.053684211979,8158.482723613631,8935.026070258145,9668.40979877337,10686.474174760917,11871.203048287252,12843.073859389313,13799.885785605236,14446.49005905901,15352.830397322328,4948.963695577424,3991.8132224469705,3235.856530587486,2746.791625134776,2451.5949721415845,2490.166232939094,3457.2820262466707,4451.777282212108,4911.442937023278,2048.216410265439,971.1062350557356,941.7245183327847,1180.7286456924423,1667.9520055520393,3366.4554585777146,4549.833527783826,6434.533254158572,7793.126205396879,8730.657857769047,13174.010610600419,12240.45512359243,11144.589561669512,10010.074348133394,8908.278656535973,8420.57989788255,6704.613006752158,5188.081764635471,11841.014506139321,10811.847370614736,10532.476941539426,10243.997073147093,10173.919372856024,10379.753399935647,10705.464601189762,11051.720974092894,11497.28361188041,12127.756860924774,13248.640956283894,4716.714256292855,5042.399300508968,5615.544664933768,6043.294149022036,5061.06486709177,5148.769650949289,6096.030468711169,7064.832225185111,7605.634137945212,8560.137179318606,9416.049599244765,9175.000608390246,9436.699513913136,10185.650717308436,11040.38867145332,9655.665594718237,8680.212441960623,6437.719537958675,4074.9879064622683,3696.0753433916134,3595.4690170741146,3913.358309431257,4777.219486439912,5917.868718314091,7444.532189908937,8712.375755172287,11009.358080349237,12533.097954852785,13652.29064829662,15300.589592221151,17208.753949903396,12561.462337317085,11834.639236929639,10974.63881723714,10259.075157576872,8671.120126062371,7455.312280022532,6859.52594310273,5484.212057189764,4169.572253936074,3262.172897636945,1946.4142593205088,0.0,1074.6435400002963,3057.4257028551397,3882.311670334487,6195.7595908368585,11548.995366712641,11075.230802660217,10222.56111109074,10633.136948669291,9641.359744814015,11353.774042035298,12567.392263092956,13117.952326182076,13344.707288711921,13767.546979681681,15167.911694573158,15648.105950903773,16411.158474144715,17157.702147330998,17765.094225996945,18964.234397632736
R. Flores Magón,11079.194268527664,9676.3526970463,8655.294496982551,7885.404131052849,7246.318744954657,6437.709601741358,5496.11323434411,4900.660228128995,4313.726208169734,3784.2390403805,3278.460336939857,2600.6486070635033,1903.5494832479092,1318.6734526714606,1294.8335576812324,1484.2927495299216,2003.178259006568,2604.5516807134054,3442.1821988119464,3780.037501085341,11933.484066884565,10727.916972281666,9237.575108580553,8508.97722092389,7777.145712313981,7249.593177253062,6753.481765723971,6071.491132851225,5307.211765119267,4610.783245012106,4004.3988442464374,3496.129652920994,3015.4512108017507,3949.2910125883955,4524.32151671154,5257.082001002809,5807.504230770346,6547.331953419083,7370.691170484379,8368.934944284494,9209.955799797845,10171.73927175686,10952.738636059328,6739.716317950059,5770.49149933837,5345.671425884519,5211.740711626456,4660.957992054045,4466.3892411383395,4662.163876282856,5256.609861498086,5794.115195215661,6312.4755162584215,7108.42426121959,7910.790165255416,8660.579355844711,9688.066639480627,10881.139859873096,11859.163976453276,12819.748509286163,13502.98842668278,14444.682392957031,5263.282310177704,4217.688749449723,3244.455303530444,2524.863504962359,1895.5120088143397,1567.1277186196785,2415.48052260183,3491.06817119488,4006.677142162397,2241.294765027766,1622.1529832616948,2008.827490894562,1808.373909751508,1656.5215733387092,3022.315181292031,4095.52478430298,6088.2295081742495,7511.5287886906335,8508.370688228257,12647.453284939258,11655.3825013269,10573.798941015973,9503.691445173343,8457.810792382346,8053.664751156002,6541.074329704215,5235.8998606954265,11224.537346382309,10134.715070620026,9776.146810521088,9316.358623028651,9180.297873927622,9353.324012164721,9642.651307857685,9979.866340942222,10430.89654515997,11071.914326339489,12217.336953551596,3814.0471156071444,4005.834436173769,4542.100772555664,4972.818972991392,4094.5661111052327,4398.989460680196,5411.578432374503,6448.758911109083,7025.868356020011,7970.850027625311,8921.5155905021,8773.085820795015,9119.668381077507,9978.717544541463,10932.20907469022,8581.805347922093,7605.647576949852,5380.708755907885,3262.175753566626,3118.8829373836907,3366.0771141837845,3928.918725123272,5018.909902690974,6233.056554574004,7820.811997156377,9121.46230251036,11448.54416652185,12975.127348809936,14115.841321928485,15836.079481384155,17755.01981721007,13500.339784704542,12780.553265698887,11929.767659212835,11222.4827223452,9656.288605659744,8461.195463388,7876.307601496048,6529.397205411428,5235.834565616326,4321.847412591393,3010.1135945214796,1074.6435400002963,0.0,2193.022783216624,2997.1265585029273,5308.730638413607,10510.643508743424,10056.248031598347,9248.38154869204,9717.418664179611,8940.073459973564,10798.448167460383,12071.98814483423,12670.305471096093,12991.014966830651,13491.222642780991,14938.770683661158,15466.45532011888,16301.51699250078,17116.472897514283,17778.45767880728,19006.167106235138
Tepito,9541.62166207287,8163.500362827684,6997.494048848589,6123.2707282490055,5488.768967608597,4698.075108243727,3784.036376434334,3201.1963625706603,2724.5995028561556,2381.7049889126924,2089.80223601327,1906.546785762822,1531.3144199927622,1588.4803743665673,2289.770734561465,3056.5776590687037,3822.0880530148174,4501.339456769076,5408.765480983068,5907.799532679211,9758.285856877637,8547.094124452113,7047.477441317581,6320.255023352078,5595.927595618686,5084.1183478150715,4619.565084850324,3960.926410653285,3246.816019760888,2584.97171164054,2058.622888926419,1618.2837824425926,1428.5874231215678,3171.645856387851,3939.0319455322146,4838.45220690199,5473.903210906847,6309.742666274489,7209.237331128703,8278.968125505771,9163.007524583378,10148.528891390008,11069.656877569647,5854.976812341046,4598.055586616032,3851.958865663329,3371.2913018106146,2510.0545076819117,2299.821973710591,2765.2835172115347,3818.477233069417,4484.9001892822125,5140.122867758343,6204.090505684138,7181.494564342598,8008.84879274855,9058.180433422474,10266.11426990448,11255.576833162482,12217.883192921117,13061.88410234059,14135.577191182818,4907.031874975851,3854.651120388163,2711.62726234897,1858.1390236863638,1024.6339351293673,641.7729143598076,2352.7115111116836,3590.822661243862,4245.886202486708,4356.003488727926,3804.2907365438405,3827.9150759332347,3010.5087300512632,2094.4605992824922,1818.2580523187125,2377.345762999223,4379.779338998614,5840.9508798902725,6897.809496505414,10592.686493888554,9554.954786324233,8490.347127289255,7490.523215808251,6523.049194596082,6238.398358936316,5117.843446114945,4339.5773766582615,9102.066117663806,7977.169210580998,7587.93263795222,7187.509561536228,7167.166095591851,7443.393847410841,7950.458900687773,8682.359988328712,9229.585762179395,9989.660027286842,11323.000458794613,1660.1924524382582,2277.9267204993753,3229.546375064078,3927.7777272174762,4046.267408786275,5073.593841911821,6142.7296061125335,7262.39971855368,7886.365717473374,8765.014568526383,9880.42212935733,9913.033719049647,10395.933968604097,11407.435510237137,12484.710394223977,7099.084036847868,6245.809283036673,4516.005840086457,3956.654610353968,4374.101767512006,5074.561792544378,5828.822435298777,7045.851541305422,8284.23283643255,9892.297764743538,11203.64651995818,13537.973912195715,15061.16411770198,16212.15154296817,17969.389594160428,19891.440761081885,14327.038012777752,13643.150537436755,12839.769211495153,12175.821910515042,10725.532811503548,9644.381547443667,9122.708935669627,7954.930961064382,6843.135785268291,5920.000429121784,4715.294334147423,3057.4257028551397,2193.022783216624,0.0,824.9800230977484,3140.3946100917574,9596.206091146085,9290.849974437187,8762.24193423827,9479.830813001878,9423.16501769629,11576.133119357686,12949.993432169105,13634.088091045554,14126.48734624956,14753.505859982019,16261.635242260474,16858.957200940487,17794.442977506445,18699.405417091908,19429.535928068966,20687.46388065631
Lagunilla,8877.289300737331,7517.163265082271,6307.384469165345,5402.13364460475,4775.910600738206,4004.007592882151,3124.4759971415456,2571.5267666357904,2189.9611475147867,2001.180905229318,1894.7246094796499,2030.0565100180088,1935.543203362811,2197.0545880824347,2901.84740308131,3710.126127492478,4498.154590488785,5181.944215538248,6097.935653568121,6657.487532019099,8940.118012377401,7731.81556257859,6242.045738053194,5512.598165559049,4780.646948694037,4261.868021019776,3794.748609153376,3139.1221411220295,2441.043685434958,1802.8185014251562,1348.7931644334055,1021.8433900583144,1154.233592534787,3018.3938696185446,3800.912980913049,4713.685178386556,5354.205508274112,6198.161021921903,7102.690848572727,8177.523209773059,9063.399833090043,10044.708801521367,11008.39936239563,5925.064103894733,4582.565819015731,3699.2912592977614,3004.7599823099044,1847.520673144482,1476.2626559749776,2047.0517271515196,3291.830564554717,3989.8347425636125,4682.479502498057,5828.274144099657,6853.464639705409,7695.730407126258,8737.71516300067,9937.174945285007,10921.656323679506,11877.048163741842,12774.874089630428,13890.83736092971,5225.085525503635,4227.511665869177,3128.074982427947,2365.8921587058458,1713.0903426921864,1430.0335849119913,2634.718439721478,3758.756283902016,4412.203376886689,5110.074884526073,4615.836727911012,4646.113942616521,3790.3786036316524,2837.7309304772903,2096.115943027476,2203.5414165780003,4061.7623931475127,5502.9129644737795,6574.686864136702,9951.552713615654,8879.938729745401,7833.477091244519,6895.7601578475815,5996.276941736174,5799.219358611535,4946.794653263871,4469.35345537823,8408.551395683799,7250.247177696114,6815.555058855288,6362.603056261015,6360.853621192255,6664.721643803956,7241.126119981547,8111.619626451128,8689.883289623316,9487.77837614431,10880.333693355939,835.6835640133899,1700.5673554597372,2804.6262015642524,3583.695093767102,4119.199765522144,5347.86736747636,6397.15021246942,7517.485112832291,8146.063799699963,8985.922479045164,10147.829811110385,10247.672775187219,10777.259056460536,11839.53872603264,12959.505818399928,6474.2815123036935,5682.037764382395,4219.3564226564185,4300.822103742903,4869.22073564573,5684.519792876007,6489.298195932995,7744.380540528483,8987.473353813388,10600.257962237965,11914.277555265844,14248.96881058697,15768.488499879804,16924.344666982845,18703.727879495356,20627.0362385899,14885.583469572952,14214.619899506146,13427.886169450583,12778.79987084939,11366.155105123538,10318.932618516517,9814.931876756917,8691.941751778875,7618.8284340925065,6700.23345596538,5517.985696033702,3882.311670334487,2997.1265585029273,824.9800230977484,0.0,2318.0446034513348,9160.979802166687,8915.635126397523,8501.102588220949,9303.39477697118,9519.077589842454,11758.690783058732,13160.015050334201,13872.575434079492,14428.576057636477,15102.262022031062,16628.510138274927,17251.929290312466,18225.905187460576,19166.414531682887,19924.234316553386,21193.15258412985
Buenavista,7361.98612046283,6125.793488438799,4789.461701140035,3796.011055334308,3274.736085238852,2723.9551851078636,2275.692600201044,2124.9581955059357,2348.750563613274,2727.3231278551707,3083.5161527068726,3684.833838235871,3946.676129150332,4368.822046372683,5032.689532215911,5856.368766335868,6653.507431559098,7330.872104104473,8246.57402442815,8892.707265938843,6624.753448036882,5421.522756718693,3959.4065558102025,3226.623385963602,2474.6152533908908,1943.8661723247749,1515.514857449337,969.8058073462726,820.9036049576733,1105.051803044626,1640.9094913568224,2071.010851089204,2669.0929999872606,3877.07070906787,4512.948138710932,5309.129405810054,5883.728099609221,6667.219764870423,7517.264891450149,8543.404209999382,9393.29737209621,10325.542120465703,11376.047584568087,6494.100177520603,5090.3504238907535,4018.597727513848,2923.786710299027,1436.98877197103,842.5715907664918,1516.6059171847032,2967.7309743727446,3593.1456851181088,4287.1587952020545,5558.364020998908,6643.369542150544,7474.460492882615,8437.771397572888,9561.237669621818,10497.814234008712,11405.54284023085,12447.49846689967,13667.53970879728,6448.947708003372,5660.066370161429,4774.0767034461505,4262.909889195825,3895.5817806330533,3743.266850815751,4375.9616696959165,5137.875541777361,5708.823952902873,7360.957410647884,6930.0055033638155,6930.298547534787,6000.733843752687,5013.192756442064,3733.4231544846543,2992.89151216241,3820.4980548039152,4960.829689317997,5971.732721377185,8165.793816069776,7002.700492809083,6043.112105440045,5361.746657508087,4765.826894224156,4891.795761469059,4981.930836079356,5346.634549796454,6478.226257239997,5227.615322600114,4638.710771291835,4065.43071486659,4223.283576564498,4686.486967635608,5588.47461594696,6990.500530919685,7658.250849951502,8559.877144925927,10108.99685094931,1495.207338691258,2083.6077818802346,3012.115697681519,3788.154339641887,5258.621307047198,6781.060438940199,7725.850438722936,8795.36172540356,9410.386395983805,10132.729990330898,11371.644620116553,11624.549940810872,12249.621403008443,13409.511108340655,14611.672237798095,5231.814142717886,4756.016868889355,4424.6278667674405,5944.127171090958,6736.137124281497,7714.007949363247,8586.910402494144,9891.812443685676,11134.393061223662,12747.318195131873,14061.100700133647,16389.471621732202,17898.174336338583,19061.316029179445,20881.71668535929,22805.37401472864,16428.046287285317,15797.10828108798,15061.279670752774,14457.111106355134,13155.482462907765,12204.929884050556,11750.309716291751,10749.125082007182,9780.096391053403,8879.069867352566,7758.818384358349,6195.7595908368585,5308.730638413607,3140.3946100917574,2318.0446034513348,0.0,8472.803225572732,8434.491655807586,8393.729073432147,9407.694209894127,10344.994998800912,12741.956700527498,14185.812283508893,14958.074988747614,15662.428627987594,16441.046430202547,17996.727875205946,18677.85629531113,19736.962908413916,20756.19179879421,21575.35447011083,22864.80311933838
Insurgentes Sur,3516.561924547754,3316.669627047249,4365.278911279245,5168.595349230278,5409.023420863803,5763.791315223635,6291.528869452735,6701.690825175619,6974.777002108082,7218.122599839718,7538.830508880601,8010.399575877312,8703.526947185519,9235.959519613569,9284.430262538717,9649.77748045005,10052.649215058902,10360.925518885153,10873.388849059304,11921.408850493512,10127.026876874303,9709.3861207159,9520.042189990665,9201.540427381868,8752.150076780588,8342.966571417775,7911.028976732614,7779.590992657448,7669.330279032749,7819.2088050543925,7923.268513064992,8140.105034014447,8168.804802854348,6601.521830239555,5986.981473318906,5334.464681463875,4917.326497395296,4470.1012405926695,4117.687644758116,3940.8438870568375,3995.52670955069,4209.209612510326,5127.428316309071,14849.445319671471,13440.556700972254,12398.597869001045,11354.75348104127,9772.423302396266,8629.534740661802,7368.059223576873,5886.168538264884,5178.404783834569,4478.511275067436,3423.074266622227,2645.9664555114155,2089.915709506428,1509.0938096997932,1589.854570120287,2221.138193989308,3005.356974025762,4170.371171154293,5474.385471516192,14382.22063523222,13386.151360020665,12269.536415171999,11447.355691529721,10602.353259615695,9706.971124057996,8096.072624318964,7187.891300953897,6917.821549028165,11071.346465203162,11599.530099354692,12488.27481852903,12194.833316683998,11518.059868535327,11256.795815710313,11099.751436970557,12292.525389522656,13379.557058359982,14333.256451526386,14734.751720797782,13504.900258652418,12984.18163434868,12938.370419275532,12801.88971221094,13158.693280328347,13445.34949761929,13522.678338704292,12923.219574792243,11687.902161918202,10638.359606395587,8078.5232215144215,6739.895622708038,5887.3499891164,4382.831281977037,2089.547695760796,1500.5684545215126,1005.2356778116512,1727.5058728416313,8741.67231468953,7470.02650203629,6376.007955737614,5682.301310010881,6595.365729150484,7347.913409800181,7168.422339477934,7293.929825347534,7479.931901956628,7347.512449518349,8330.951944813736,9122.255693575971,9943.216057804528,11204.330248788037,12509.687217158562,3541.25415918806,3719.6345128373114,5160.733969315134,7896.277803617078,8827.170845145269,9928.008222175336,10764.94024295535,11912.220454876082,12783.4843060192,14004.084488248762,15050.666395079463,16946.389854822915,18164.206575145858,19255.045633690534,21273.3149835098,23043.767690566725,23874.6469368653,23175.181990865076,22348.397558178658,21660.32704822526,20133.872169104194,18962.503473839326,18384.45351529198,17033.084758894536,15700.632363879988,14807.212252877453,13491.273821600857,11548.995366712641,10510.643508743424,9596.206091146085,9160.979802166687,8472.803225572732,0.0,819.3893555401954,2226.2840664875835,3176.9692624873246,6217.553971104936,8266.39484012092,9493.171115807043,10328.473970273762,11482.982052147754,12558.136144456003,14003.605637056258,14843.470435758221,16154.898092832977,17430.883228302904,18467.451055320653,19746.147410952904
Hospital 20 de Noviembre,4209.707435872948,3803.058748616984,4682.700734193211,5382.4048522501325,5531.801677149765,5777.487822680719,6194.193129430024,6546.370982786027,6753.07806729713,6935.449546723612,7208.74131746084,7619.664556859388,8298.775383417493,8809.05572617278,8804.008160845371,9116.886850597419,9475.655387948267,9748.718724837747,10221.981848895117,11272.525338116902,10618.983634826474,10124.591757987237,9818.677112073829,9447.558173091587,8944.24221195133,8492.991664212323,8015.789889347332,7813.175713563584,7618.076138927158,7694.608850275111,7733.670926929055,7903.165774623687,7874.022509799317,6210.28735894887,5543.658884703528,4817.816971243005,4342.736696840253,3811.0317563497583,3372.371955889845,3129.0217714994724,3181.51742108564,3446.709580553307,4409.992042159206,14704.690835057743,13302.637878371026,12279.252979724719,11265.24573611762,9673.676929387957,8511.26493070558,7228.082647986632,5696.809518242839,4988.111266418577,4268.628000440484,3090.878017491878,2148.3019324669376,1434.6618593193182,689.9729879260492,1162.77355693799,2063.322655223623,2985.631195914227,4021.9408506049417,5277.714223562042,14138.284406299843,13120.118714010094,11989.801118037718,11148.832157696132,10279.316834947545,9351.342077395713,7643.60373582342,6660.368483248911,6337.955671942621,10485.90559238466,11070.227818236843,12009.163392514512,11778.300763026027,11147.663823014549,11002.34941756672,10931.434366198635,12235.706013651612,13382.91374139397,14364.038302327599,15056.670534571338,13817.950509140865,13242.236174503476,13117.22547542502,12906.639722950411,13215.170385962174,13368.930403123608,13336.017226489394,13233.069782317414,11972.53573879573,10939.200702676135,8430.684619412852,7113.600574471334,6297.931045582518,4855.52207653612,2638.0328047517974,2174.9250305863275,1823.599768338062,2212.4004253568455,8562.638353551234,7249.903782976224,6111.313304460143,5363.932531951048,6057.0242916483,6687.908620533166,6442.383011512953,6515.762462823989,6682.510144837371,6531.978201868874,7511.616622145087,8303.379692973724,9124.162715831286,10384.944336916053,11690.580046143974,3808.860211914441,3755.806160765945,4789.351161916821,7309.4612572285,8204.423244080837,9275.492754245452,10089.291538511492,11206.843374247725,12048.715171773487,13241.939925506722,14272.602155251147,16148.674744346457,17357.53741452125,18445.272056397596,20463.788261380992,22230.31569418964,23493.007333440128,22786.04590824725,21949.81387983517,21253.527175081457,19706.790171316214,18517.419670988504,17930.14698977303,16554.67333672988,15202.425381916762,14320.779357139187,13007.754448078336,11075.230802660217,10056.248031598347,9290.849974437187,8915.635126397523,8434.491655807586,819.3893555401954,0.0,1410.2841303881212,2383.6853040125134,5400.013585107397,7476.2589019570205,8725.603141117075,9564.980464934784,10705.82028975867,11774.826594583863,13232.039968768328,14068.777543528104,15375.055509659212,16645.688377138,17677.7947322721,18959.734194849952
Parque de los Venados,5418.142908158416,4754.504989914378,5351.476179026086,5859.1815103638755,5856.477424876404,5910.481043349968,6118.470074309371,6354.814664198241,6435.333730138481,6500.892660654793,6679.053023009478,6967.435406344151,7606.760484011239,8067.686136003129,7964.4304240164265,8176.926973560214,8451.53705256427,8658.743261253834,9059.290825701954,10109.117358412239,11431.653915828636,10815.524217789685,10320.959226269772,9868.013827287443,9283.466413166698,8770.72834974323,8228.215390843468,7910.357659386351,7574.948580134114,7521.567338764368,7444.614088135385,7525.1787376174625,7392.194519296694,5596.928218196369,4855.047881981705,4014.397789987074,3440.9178819487033,2745.9861188527957,2113.4065934127075,1720.6250559521645,1844.1190719211995,2341.7025780841795,3409.3849345420895,14400.320005101607,13021.099760924815,12039.655358619697,11088.907166327977,9504.156490064091,8329.774204280548,7041.115612801089,5480.031402913091,4808.705500903767,4106.571292536051,2835.405643421939,1751.679304841301,956.496809752953,724.2532509853716,1685.1740292896234,2627.2254639136895,3578.2459151811227,4303.960352736836,5389.86355931397,13665.69183059779,12616.796554291197,11472.592969640862,10607.276780373295,9704.66504359991,8731.221627757375,6875.671859941474,5770.918818665482,5353.385128222817,9438.508000203117,10118.591072845222,11139.605441187,11021.338182229088,10478.551966513303,10540.431247619497,10621.878020315611,12104.953560048578,13344.929552966092,14365.195706053835,15550.907509557916,14305.088605453113,13640.428038579314,13381.929888991373,13046.87041992607,13269.945128445612,13193.411337640391,12969.429454404435,13719.083004956583,12426.77396232835,11431.287375258273,9042.01457049607,7785.340724610799,7047.1252861253815,5741.954838526982,3738.0635628530576,3431.871028175853,3224.7595593374335,3434.868928385409,8273.04737492495,6919.457620773432,5738.916538282912,4925.600888081686,5161.949719205357,5539.719282382755,5170.1425557905995,5149.970484596493,5287.612505481586,5121.811878080498,6115.185917930427,6898.164090771869,7719.826468643449,8985.885735043728,10296.31989632317,4460.529382566991,4063.310059115347,4281.75751049094,6293.014887295388,7108.730861307143,8116.514694522581,8884.844298097145,9947.537457532164,10739.728968350031,11889.892067358547,12897.781284892964,14749.84493558541,15950.60947154197,17036.35525194781,19054.96953591875,20820.082997457823,22746.470589711596,22028.379237106106,21178.090935800978,20469.58793418165,18892.551007474834,17676.07718912324,17074.950863657887,15663.024302692089,14282.056291120127,13424.715308047178,12123.86634626393,10222.56111109074,9248.38154869204,8762.24193423827,8501.102588220949,8393.729073432147,2226.2840664875835,1410.2841303881212,0.0,1223.8957227704705,4022.6903487258865,6199.389607625984,7509.127141097747,8355.624569874055,9454.979355644042,10504.346542508794,11990.291725606108,12817.351155606691,14108.25512667226,15363.341709232545,16382.60416686851,17672.31253545482
Eje Central,6558.205333145791,5964.813021272962,6572.57823458617,7056.745503621711,7022.954178802509,7021.239452609093,7145.190426335263,7322.31539815352,7332.400581208594,7324.0987340978,7432.402900388179,7619.033895492053,8211.187798658746,8619.28095014013,8422.585896439998,8522.007225901889,8688.972602068643,8803.299444414026,9087.068062802653,10121.897569418614,12655.24008621779,12031.59639884472,11507.930884379557,11037.383231484331,10433.235320445503,9904.611493902365,9344.232427702942,8987.191739984784,8596.286420503675,8480.527267209825,8340.78150507237,8365.819666601814,8165.496134977609,6316.289770272095,5541.489476199311,4643.663275412751,4015.074356713253,3201.09053419993,2346.7754094508236,1418.973661969183,917.2358840239683,1120.000870880028,2186.8047792139855,15227.8904263842,13870.260330855352,12920.234309557243,12012.155865907229,10443.437442015296,9274.370597680623,7999.66090241379,6452.732130917257,5816.554890935176,5143.622498779883,3891.8639580662743,2847.1377919116176,2143.6766760552864,1745.6061474775456,2021.2484892962498,2661.6424891821684,3471.479690087634,3849.8109368984483,4727.5794565292545,14380.825312587302,13315.628141768857,12169.631252268691,11293.485163991985,10374.683944791279,9377.39526969122,7427.386635492104,6233.04865900721,5722.841476230257,9629.93973802604,10420.759021427697,11522.191119583355,11518.573812944594,11061.373821176301,11286.715509664122,11469.859103459621,13046.965829843522,14329.154636294863,15364.798854874998,16727.917963133066,15481.90139201077,14794.934736955258,14494.596074459017,14113.199525174572,14298.618603295017,14104.923485581818,13763.683257120034,14896.429881711045,13598.48530879871,12613.799278386987,10250.498252436619,9002.705355708036,8270.10891216379,6961.746186297718,4910.673192928083,4537.259452170637,4173.496875387088,3953.233403103533,9157.367499803735,7799.835177976217,6619.2781350571095,5789.543840472197,5641.278109788254,5674.326968142385,5086.347511873254,4801.1470874594315,4795.221793732409,4429.254639892537,5263.07165623095,6097.612780634016,6905.281445833497,8129.464354315404,9411.544914985616,5682.547698510367,5246.208607397904,5126.885139134849,6589.868352790905,7275.8749334548365,8165.733523177897,8844.316501582838,9788.928697829058,10462.850590604654,11487.13772280315,12411.523124252815,14142.491337412188,15274.949348971506,16331.566693779034,18348.396073101994,20072.750075853273,23194.532654552044,22467.59162435275,21605.997547731873,20887.598038364216,19285.473755017414,18045.818405076512,17432.727303973938,15988.379050549456,14583.39196261189,13759.004205527299,12481.74348949448,10633.136948669291,9717.418664179611,9479.830813001878,9303.39477697118,9407.694209894127,3176.9692624873246,2383.6853040125134,1223.8957227704705,0.0,3118.352364667253,5092.7815293340955,6352.549585692126,7195.2051999105515,8324.748371830672,9391.470386750221,10853.682075171719,11688.41300962925,12992.39571912371,14262.023217098316,15294.494942833178,16576.056679231242
Mexicaltzingo,9385.683815064342,8544.791619121488,8809.719911006312,9017.906265032112,8786.37635292112,8512.920323121238,8292.50233838253,8243.401947548253,8019.0148309090755,7780.440157837292,7667.082194090625,7538.326028266989,7934.289156372508,8156.130794869581,7723.813978282087,7516.399943300245,7395.022818480676,7272.033536014413,7260.21400176048,8198.933253610008,14828.087014585639,14030.62302345743,13226.52427436418,12645.205462590307,11941.639378278764,11346.291531227413,10720.576462179566,10203.626429017595,9611.725924902043,9275.302329387458,8932.422436249763,8775.758192725929,8384.744219630165,6600.3036698518135,5870.936973338693,5036.171743825496,4474.022546683863,3758.569394574517,3074.94062402452,2451.1342934655845,2230.795559385787,2448.9240426917527,2501.7498799465066,15264.111781166457,14019.270794659438,13209.362276340364,12486.483277524576,11046.937306144375,9963.967226825842,8830.341661372457,7482.182182899418,7040.7759376332115,6557.590014118838,5585.813472270401,4895.439532534007,4609.953603423093,4714.816838577628,5130.842282886412,5637.443300174083,6277.1337073586565,6215.931591783435,6593.855583354392,14082.675990944399,13004.175923620316,11899.059039515862,11032.305392558903,10117.222355673293,9118.30917979827,7091.120261529669,5833.554201352097,5182.137238409378,8150.7301926936025,9163.997312610194,10410.148644917648,10709.415581208927,10512.869618188495,11208.12932937761,11707.997084589735,13551.34937755576,14955.695510053227,16026.766733129669,18274.848108140362,17045.55659936615,16220.217369463964,15689.305773228529,15092.066920552683,15107.481275841663,14464.226303835723,13734.549590211122,16473.477116537204,15159.442718866563,14272.743035775837,12192.525109374266,11090.297439379223,10498.395543648548,9422.20101761871,7676.102245267646,7442.289313296517,7222.779727898512,7058.126700622536,9648.319274324114,8387.114515654088,7333.6698879793,6570.968471396732,5402.971645937472,4543.130741409336,3545.679620749383,2659.1840358585923,2293.6400389485307,1536.030192030594,2145.904940430189,2993.959986329231,3792.2937924857442,5011.701746392169,6300.698224795753,7980.951876362273,7234.964019261309,5971.6237077116575,5698.426162581243,5955.640191165669,6461.977166769497,6880.175831030817,7519.810831305405,7942.585918506333,8736.043366532931,9533.465331307412,11124.724588283258,12203.80916169641,13242.769525067843,15256.53015874464,16964.610335389854,21976.660285477665,21235.537112575286,20355.906693162095,19622.060963257794,17980.87286545926,16704.970183695325,16074.018219049638,14581.25841461891,13153.985626364287,12435.413111199492,11263.805160818682,9641.359744814015,8940.073459973564,9423.16501769629,9519.077589842454,10344.994998800912,6217.553971104936,5400.013585107397,4022.6903487258865,3118.352364667253,0.0,2466.90290747918,3912.9661809234426,4734.812104145509,5666.112630615873,6645.08972107908,8183.268870599861,8978.56730699369,10226.367772468891,11444.958141649704,12438.315165770018,13738.17994105171
Culhuacán,11617.237271004751,10882.853089774708,11232.41302932368,11474.154271851214,11251.901278838706,10977.413679520854,10735.320670617979,10659.58346023099,10400.618382566563,10120.541748634163,9956.82586199364,9740.4782486926,10053.771454411894,10193.051779307174,9674.989938905088,9322.23649970062,9036.637243594037,8759.426435479672,8512.467751447419,9296.33148407941,17276.864004213214,16492.9399666528,15692.312229444527,15107.441132626676,14399.29887863737,13800.610668895979,13171.600726566026,12641.18255002651,12027.537499075037,11658.449225914934,11279.970622277817,11083.95250077017,10651.473856124716,8933.380753077477,8237.042734119246,7441.358502531122,6906.403852672269,6218.13479924435,5537.97132610962,4822.224239833589,4359.467659166958,4086.4918478220548,3421.6176516222163,17350.667148911944,16163.700389525688,15412.43190790983,14755.174730659108,13367.10582981631,12317.519599837171,11225.364029899954,9920.22478141324,9498.580989750064,9024.100860831326,8041.481439942187,7300.423776505489,6919.681512272594,6824.771156936857,6939.712615897154,7177.735477567142,7570.086947192841,7114.126726838386,7031.116548628302,16042.283657450604,14976.076777530623,13910.486408590787,13066.631361530364,12175.613056445603,11204.393932034123,9223.421856776604,8008.713963142238,7351.608134857139,9618.108594053832,10731.947777296948,12020.322180306113,12487.931583175017,12431.253703566701,13312.068342441757,13915.09084822877,15817.234129352686,17243.867488597083,18317.09019430489,20725.17192428949,19498.943863867986,18661.04633170933,18099.2509638701,17464.500678780598,17441.78693234602,16676.258823077274,15814.779265774569,18928.69549622455,17615.188742604132,16735.608188290174,14655.92425233505,13541.40546932804,12930.087168217098,11801.243207790978,9932.842825446387,9615.92703589725,9255.965832004258,8772.006476159466,11960.728373514601,10743.076741848277,9731.799661458084,8992.239217469463,7654.3904636832185,6527.651874278306,5458.266836841285,4364.304038058846,3772.907015497551,2836.370255764787,2018.0338899209867,2637.860662507227,3050.359837958341,3804.133569707749,4838.766861386256,10387.190764848961,9680.195609603737,8410.289665837607,7685.731295459064,7691.4161910147695,7884.11447397343,8039.6340698331005,8302.683883100635,8361.767484750548,8716.055610821648,9202.087264856098,10341.021171793058,11177.165560158972,12101.920717756553,14067.373017733411,15638.031838957306,23292.0977273905,22548.4163021201,21665.533920766917,20929.29587030296,19281.79143252347,17999.31442766362,17366.208954293106,15867.089804529593,14457.663820836928,13837.281864014038,12775.320153589366,11353.774042035298,10798.448167460383,11576.133119357686,11758.690783058732,12741.956700527498,8266.39484012092,7476.2589019570205,6199.389607625984,5092.7815293340955,2466.90290747918,0.0,1451.3344684591036,2268.1025339430403,3263.1359309564086,4305.34711959085,5799.473567270625,6620.235932678228,7909.2217643107815,9170.897084900802,10201.755802033877,11483.922371721243
San Andrés Tomatlán,12909.604649670286,12235.824827287037,12635.33390103245,12902.325775312449,12691.191230479608,12425.741007614572,12186.504074654675,12107.711753976108,11842.267482762061,11552.80980385167,11376.262531270831,11135.4981503722,11422.078026812818,11533.548967330213,10989.482868851364,10588.791872227259,10246.562531001404,9915.032124506948,9579.667399610518,10282.606493742951,18695.97142260551,17926.43841638985,17139.415857385313,16557.043839805738,15850.094593113898,15251.780455530146,14622.918458886523,14091.884879718304,13475.277310618569,13099.709866107243,12712.898066019243,12506.616427451892,12063.114010868696,10365.584966746514,9677.39876142133,8889.160290394764,8357.299125799665,7668.142849197014,6976.523762598285,6222.026496954242,5691.755999080975,5284.04595766593,4447.813230889579,18687.36172905743,17524.412954031017,16795.505559354147,16161.36406424618,14790.636072284437,13751.147084871847,12669.394054159218,11371.151307111555,10949.20933806782,10470.120149236389,9471.369107805029,8700.858504833888,8277.036557076532,8097.933821410217,8083.7386991590565,8197.764731148158,8463.979528021604,7834.6416184066275,7518.994195934998,17331.74133586501,16273.541435185172,15226.568222580163,14394.071330507504,13514.909710050482,12556.994952423891,10599.425884557304,9403.04158022126,8748.009777775293,10752.9766098226,11893.694375346078,13187.43665982802,13719.849052563362,13717.868818748644,14664.084433324733,15301.895303144134,17221.38918956821,18654.239001882055,19727.445764871816,22176.504930750212,20950.21690705708,20111.846442853614,19544.803712968092,18900.753516049896,18866.863063356417,18060.849494427403,17152.015543857207,20379.843910830954,19066.27639687561,18184.953206423812,16091.206103730809,14963.956626825386,14337.6015644978,13175.801333428493,11246.156416300691,10889.365340013544,10464.263160451197,9835.32924556384,13383.463498433024,12178.583860459328,11177.142857467308,10441.551727681843,9070.107873343588,7881.937227479613,6810.491827310522,5697.1719417442255,5083.331281778133,4184.9859128184635,3154.1017756139618,3497.2647549675607,3598.3852930541475,3880.584012968928,4573.360284201109,11780.846343250567,11100.514107885721,9861.376566902822,9028.154723806165,8953.438420559756,9030.841747264218,9079.73081883072,9173.467740344624,9058.388183172363,9171.698602129025,9464.502589190683,10291.206486239314,10947.343080863857,11776.665478722758,13680.055550932435,15138.725100684023,24268.703408219277,23526.153829491563,22644.724893747727,21910.051319716564,20266.33671817618,18986.88529631672,18356.128605665563,16863.03081460383,15471.872079977038,14900.643014174953,13894.940445578517,12567.392263092956,12071.98814483423,12949.993432169105,13160.015050334201,14185.812283508893,9493.171115807043,8725.603141117075,7509.127141097747,6352.549585692126,3912.9661809234426,1451.3344684591036,0.0,847.8813961220401,2016.2841486103105,3121.1489655140304,4511.569476842276,5355.264838836194,6678.375946795597,7973.916937280814,9033.329765993485,10289.583816107955
Lomas Estrella,13753.129539381269,13083.688381219,13479.432968560252,13738.34206237275,13519.880155017969,13242.461863614037,12984.85610746981,12891.690502491861,12611.211231450312,12306.166363868542,12112.252711918782,11843.889139158535,12103.307544463933,12189.10415191494,11624.064174396946,11186.145773459113,10802.706897010741,10433.960429542249,10040.254990828924,10685.180852675141,19536.068120891086,18759.591399473986,17958.346351426473,17370.09183133668,16658.201254420066,16057.003841370473,15425.676011443084,14885.7099824764,14257.537177019505,13867.155881187644,13466.328309633518,13245.615307597523,12788.785066097083,11120.01276608695,10445.67249501539,9674.121743146557,9154.648553786721,8481.178484636148,7805.623836511813,7065.641471519317,6539.5805852402655,6120.6039756518685,5259.261560960905,19329.52618476237,18190.47003910589,17484.852267284663,16876.89891563806,15529.033208417708,14504.976471730592,13442.745593890086,12167.330314766867,11758.933950518847,11291.19924713491,10306.24603241259,9544.97811754748,9124.861950489572,8940.799535625456,8905.000236699969,8989.264889403963,9218.414216375077,8535.586344455063,8135.899675905943,17933.546768571694,16883.542400760394,15854.102978572822,15032.831692800646,14165.650618569261,13221.470293550276,11289.651245210847,10113.983180531639,9462.606735641706,11253.20987448387,12408.268643763899,13701.631445663761,14281.354627939238,14322.994793777576,15324.848154049027,15996.485682138755,17933.817824844038,19373.35416913197,20446.02804391747,22976.807519573675,21753.39216486965,20905.298199293513,20319.45641865929,19656.667594419305,19605.33939392582,18750.857511324637,17796.149893548063,21184.79599902355,19871.939575755285,18998.687714760214,16923.111816083714,15802.603160394934,15180.836668336471,14023.251067110528,12092.115011856202,11731.020971734519,11295.544260074306,10634.309357028102,14121.805392100585,12936.485384509617,11954.290348385086,11230.252106022219,9804.965042684717,8560.500605269424,7492.48428251949,6371.7917479916905,5748.12349437207,4887.152927131975,3766.181696500522,3955.725902989059,3889.295325038883,3888.5718489753717,4338.540590810567,12626.423702561377,11939.7493318885,10659.495204361034,9692.274455911464,9554.10167480728,9548.76722341979,9525.946237515167,9510.623844424415,9289.176565906653,9256.280437679132,9431.575550247248,10068.823646010374,10617.641471666308,11388.481018875915,13248.541604162656,14642.541781169948,24625.839588881594,23885.000313739172,23005.752755382433,22273.21087557338,20634.724299758607,19359.686802749235,18731.809010784396,17246.186968215847,15871.205247697102,15335.682376240773,14372.679141835535,13117.952326182076,12670.305471096093,13634.088091045554,13872.575434079492,14958.074988747614,10328.473970273762,9564.980464934784,8355.624569874055,7195.2051999105515,4734.812104145509,2268.1025339430403,847.8813961220401,0.0,1258.0046968559157,2362.8891736483906,3685.9555147469323,4534.71430613586,5866.126252813873,7170.902039412629,8238.759081120386,9483.361396664457
Calle 11,14869.899250960174,14145.679570334949,14472.752673930403,14676.158750864593,14421.436709105554,14095.054542889728,13774.265220873393,13637.157124285002,13315.031975871589,12969.842625482803,12733.178868199042,12401.00035929492,12598.116505780843,12628.538837688795,12024.345987952402,11516.379192491366,11058.590824209477,10625.957368169842,10134.787098946383,10674.635569754973,20490.7290807215,19674.06784467483,18809.49142853191,18199.400253043335,17470.815482165464,16860.76784781745,16222.472082780012,15654.689749100895,14993.048550926966,14561.769214728805,14124.919037150274,13868.336861129346,13381.094376746169,11792.912153911464,11159.103562249997,10438.862692288774,9959.614005669599,9341.60305609439,8731.696797964689,8074.653902989352,7619.232358761024,7276.099229626124,6463.104637347332,19710.059106697503,18625.513925852538,17973.83013677596,17428.712649303547,16141.309096466948,15160.579278769088,14155.424519038812,12952.885074441616,12590.98089936931,12167.109522873528,11247.274175124365,10547.64421567812,10182.655251348739,10066.223916205123,10092.810081194088,10213.488348077513,10464.825605211858,9793.153108964778,9385.769603299295,18235.74397258064,17205.921949609357,16216.135460836718,15421.578884928922,14583.547306898801,13673.453570273707,11809.669731294205,10689.363352225953,10052.028781313793,11403.617472765962,12574.343338169463,13857.932889054464,14521.474316843985,14647.16439519551,15758.656542592116,16502.353764080635,18475.13126110544,19927.113998967896,20996.11585784919,23752.507217632276,22540.481090927085,21660.909590021824,21018.242041772508,20304.000948015542,20206.876620849198,19237.7012143268,18185.45078326502,21978.842870525375,20670.32344174167,19827.917865773856,17833.650205966384,16752.273973288997,16164.049807488742,15059.227408569688,13191.502384938873,12859.733179584156,12460.912258197322,11851.60535662175,14739.12770633655,13609.104236797306,12684.000568886553,11997.03495883961,10438.561026318837,9081.226262569438,8035.350370696133,6920.496250755412,6292.649476065385,5530.081812696779,4299.130269773062,4230.517279697726,3914.0036215116147,3492.5602509786627,3562.159016117762,13635.945716581644,12900.528809380712,11457.99861562697,10170.131312062875,9907.151373761546,9749.464075831369,9602.691607761486,9408.939473705408,9026.104161424646,8780.447084085577,8792.622060302228,9187.082196612886,9614.070608794036,10323.218285226914,12138.390308535112,13478.169025431056,24473.43349862305,23736.960363844642,22863.27905767213,22136.012121387863,20510.56059852926,19246.784320887018,18625.8171160506,17158.310336563056,15816.447738553254,15343.744258903254,14459.970474582458,13344.707288711921,12991.014966830651,14126.48734624956,14428.576057636477,15662.428627987594,11482.982052147754,10705.82028975867,9454.979355644042,8324.748371830672,5666.112630615873,3263.1359309564086,2016.2841486103105,1258.0046968559157,0.0,1109.4914853730766,2536.599999330851,3363.999287490845,4672.8516646948,5960.907996235688,7017.503737510639,8277.339137479623
Periférico Oriente,15922.399144214094,15167.002360340552,15451.333146461857,15618.631691079096,15340.489585242049,14982.005603031692,14618.841725703756,14451.534435172483,14101.181662532674,13728.773102022182,13462.368273268263,13085.254192297047,13234.879772279504,13223.17857089034,12592.924264370136,12034.520644409566,11522.153138031426,11042.632722044751,10477.445457011738,10923.22284971808,21436.61916365943,20593.449321713506,19686.076157714153,19061.611851960366,18322.56323137723,17707.4844766062,17065.664487013535,16479.60527196284,15796.009341086481,15336.793675790006,14875.466750804397,14593.756982069304,14086.318585732392,12564.036764528284,11961.904138721691,11280.538321448827,10830.592148894437,10251.590672634775,9685.242089577885,9079.137037376013,8662.954478133355,8356.607651390399,7563.357561302514,20229.879473954315,19191.61358351666,18583.978603900025,18088.776472915026,16850.845411257684,15905.280665993963,14944.784709894859,13797.546828318968,13468.526547981613,13075.205681250396,12200.050213631719,11540.081957283654,11207.893902353639,11128.147361755227,11184.406577155085,11318.691207953998,11574.314128644924,10897.624530403684,10468.886640934637,18697.003093246065,17687.070499461362,16732.75707900094,15962.612492076507,15151.14626967898,14271.84249645564,12470.01983447513,11397.70591105247,10775.195341277045,11779.131929438214,12953.095269945159,14219.962876249514,14948.223511687966,15140.759741964044,16333.536558554737,17130.197346569377,19124.26100061847,20582.269271903075,21646.15046281401,24568.372966857616,23366.120528150695,22464.698981965324,21781.033591510557,21029.57111175103,20897.984244402334,19842.702769213596,18716.712746557114,22810.249254452123,21506.63578959954,20687.522405435077,18752.718663240325,17699.15900994723,17133.707341389876,16063.66524402124,14235.643742155626,13920.385386704711,13540.771688685149,12954.241830103114,15457.179800999149,14371.785398705757,13490.94471555874,12832.530916939084,11190.095000107642,9764.202484686197,8745.90390091691,7651.076687203177,7031.660889993232,6347.3018449938545,5085.0955121295065,4855.28243631325,4378.280918757623,3634.718181228356,3284.266824220957,14626.023225857814,13861.441277030808,12317.339501889586,10811.572911176885,10457.48415195075,10182.704504968218,9937.214236831127,9594.997796633927,9074.274033164404,8631.715710044065,8479.5882123797,8605.64918158758,8886.1535111702,9515.30372741112,11266.962945255957,12533.806751044176,24530.757639047468,23799.814183054896,22933.168417504032,22212.447393068833,20603.181910996278,19353.495211626112,18740.856630041155,17295.184917135914,15988.569964110193,15572.542089283981,14760.928193880496,13767.546979681681,13491.222642780991,14753.505859982019,15102.262022031062,16441.046430202547,12558.136144456003,11774.826594583863,10504.346542508794,9391.470386750221,6645.08972107908,4305.34711959085,3121.1489655140304,2362.8891736483906,1109.4914853730766,0.0,1564.9263840371082,2333.5807127767143,3603.92323402915,4873.311063421645,5920.512038914675,7189.518441524301
Tezonco,17403.61000439064,16681.229089128086,16992.95857374593,17173.667367354647,16900.792101196814,16546.165437490978,16183.296175222718,16013.445143205885,15659.01370640822,15281.316970833199,15007.686179458558,14617.176641656617,14749.02611290259,14719.288772444117,14078.085943275468,13495.641042926816,12954.720569068764,12449.126987533122,11838.96810266087,12214.041853398237,22991.31716764877,22154.185545084754,21250.891358269062,20626.498507883978,19887.166936083006,19271.873366668555,18629.88683614783,18042.376662569135,17356.11667251568,16892.100632646914,16425.480426039412,16137.2654886849,15624.143833308675,14119.718171794844,13522.99315522039,12845.126924851713,12395.268787084304,11812.452336815633,11235.390414080206,10604.805494112516,10155.612403238303,9794.445388447111,8944.963324174862,21677.54170771855,20665.859350678904,20080.606154999332,19607.44708717855,18388.17459226072,17453.33403755587,16502.911909699036,15362.061163699824,15033.114964742075,14636.94381039048,13751.287249629459,13073.75284520548,12718.493327438695,12597.018976389243,12590.645286186467,12663.457682330394,12852.860148328098,12094.636523375073,11549.384931881003,20111.191245412832,19115.178823172548,18183.18750949693,17427.675196481614,16631.20485074284,15767.975351269715,13994.275307215832,12939.008659305991,12321.247816953592,13155.958791618183,14327.270364558233,15578.19210964339,16347.82624228079,16580.858045995978,17815.55108467402,18636.149713061477,20637.74232482409,22097.35200858295,23158.484968073473,26129.22834141585,24928.34171710148,24023.888090597928,23331.812812172993,22570.143696736854,22426.950397972298,21335.83979492824,20172.634313256145,24373.14421074906,23070.07823014137,22252.334552069708,20313.37064165566,19253.20399105061,18679.559572325572,17590.673089337193,15727.367976856774,15390.386394342351,14975.830440184014,14312.94747733851,16997.986303811493,15924.857612802023,15052.139161350142,14396.631113746362,12742.572979015755,11300.214070649661,10291.407772148996,9203.05394018316,8586.342596903814,7911.775848328959,6648.616256834524,6391.608614296293,5866.484528191718,4982.484713449313,4326.345195656916,16161.618965256235,15410.219009973165,13882.265142221226,12331.499721532415,11939.452649159522,11603.23786895424,11296.628345338819,10847.579069768559,10214.951030678196,9583.636746256128,9243.364425577634,8984.591067340965,9000.310354299618,9453.744341330828,11033.693913748331,12101.242406727379,25599.88475280441,24876.051866807164,24018.37169813993,23305.84162257774,21716.5455864743,20483.96935023212,19881.104399011663,18460.560644489393,17190.415870352426,16824.25759038094,16072.782937694545,15167.911694573158,14938.770683661158,16261.635242260474,16628.510138274927,17996.727875205946,14003.605637056258,13232.039968768328,11990.291725606108,10853.682075171719,8183.268870599861,5799.473567270625,4511.569476842276,3685.9555147469323,2536.599999330851,1564.9263840371082,0.0,853.7766936785514,2195.9075254934805,3515.9773923884704,4600.118277036463,5813.7844109820835
Olivos,18233.324269042405,17495.16909238292,17784.729252640813,17946.227595683547,17660.904219691998,17289.168521104446,16903.578537659963,16717.37864460556,16347.942053558061,15955.912800750953,15666.404431126666,15251.903210201974,15356.601527327357,15302.927453067616,14649.369544920819,14040.781942287827,13471.499529219842,12942.150988915018,12293.668130259897,12608.664422925323,23764.078439144636,22912.23831030442,21985.02462484678,21352.799511364577,20608.01761111919,19990.347147960318,19346.91722661873,18749.68596539105,18051.880975705204,17572.805369513637,17093.183356052552,16791.348336030424,16267.971521034475,14803.456852917718,14224.954473120231,13568.718528805755,13134.594182216726,12572.083991647525,12016.783612265368,11410.568057306493,10979.454213028499,10634.89533770297,9793.91089051773,22196.458166605913,21215.8155028344,20658.79855736148,20216.68007691032,19028.82792667106,18115.911728010138,17192.257454156483,16083.38730208565,15772.452069215235,15392.774962935813,14530.754352925136,13873.331046820016,13534.142472312613,13430.206833376018,13437.540509322394,13516.108642315658,13706.457914205057,12944.451835273758,12387.141817854459,20596.904482188107,19616.19532808234,18708.893506472567,17970.528810628493,17192.46559997962,16350.127541470456,14617.653098622546,13592.220534747252,12984.475848684773,13619.617528478891,14785.265021957224,16018.90155218368,16824.92793130086,17097.87048591085,18377.683497393515,19228.036311647505,21238.586417701725,22699.568515209878,23756.06458512678,26825.09848706457,25630.72251801108,24713.83322704838,23997.800968414766,23214.510488254462,23050.63359767218,21908.50906597002,20702.08521164248,25079.262539076484,23779.86016719618,22976.159261295743,21071.904895739266,20027.443829015985,19466.26723853181,18395.909123364,16552.68708150354,16223.721789082048,15818.159653480643,15164.967189803147,17646.129398333473,16600.288533384362,15753.48212176638,15114.389049844744,13419.394446574943,11946.632399199314,10956.817747096926,9884.13977846551,9275.123029861417,8639.050421359161,7371.437146397685,7053.927730638599,6474.789416076741,5488.159597891818,4662.855920494091,16959.51893475008,16193.165604859789,14613.381141688958,12951.116596643655,12511.532312654874,12112.325665892191,11751.714765234437,11219.147988350456,10509.521682003535,9758.632688684957,9306.468614626767,8831.421488607075,8705.607813509187,9064.423305710978,10548.061629511532,11519.45168340712,25797.377136580653,25079.527990362065,24229.409389492557,23523.77099952895,21951.367782970843,20733.39943438662,20138.82889684135,18739.769180812473,17499.94309274007,17173.267170589545,16472.435410994516,15648.105950903773,15466.45532011888,16858.957200940487,17251.929290312466,18677.85629531113,14843.470435758221,14068.777543528104,12817.351155606691,11688.41300962925,8978.56730699369,6620.235932678228,5355.264838836194,4534.71430613586,3363.999287490845,2333.5807127767143,853.7766936785514,0.0,1342.7981685573582,2664.611441724558,3751.044960818554,4960.007730847438
Nopalera,19526.321225888976,18762.294506066624,19016.15752654104,19147.298961468503,18842.84503228965,18445.083081684286,18025.202673676733,17814.404122970613,17422.877110458954,17009.99861264638,16697.258665847607,16247.857513720774,16311.644883414494,16222.33277187652,15552.5655307664,14907.47976172383,14298.722615621862,13736.982863786443,13035.834494917977,13259.707918263646,24961.636030770864,24086.78549290996,23122.47712398152,22478.535836244115,21725.976064233448,21105.264880253533,20460.328759632102,19848.855937637745,19134.33358035028,18633.055300893695,18134.55482783872,17812.708908316854,17275.01961769657,15873.829636028828,15323.874953449085,14701.32161538765,14291.516085769068,13760.304317302618,13238.390349593812,12669.629019087228,12266.6348827648,11948.849862227682,11123.041231415227,23000.607027614245,22069.53634001989,21556.890627573302,21163.15318316185,20025.466435526854,19147.609549320285,18266.306266818385,17207.8678892862,16924.782165322107,16570.76650379041,15745.961968915433,15120.204001156719,14806.400156739051,14730.784999375845,14761.992567077961,14852.769110695492,15048.678106054207,14286.14772212152,13718.635026249975,21353.372081452253,20398.42571878812,19531.057248370136,18820.677444596993,18072.594956210298,17264.129704862095,15598.5142675908,14620.522164116861,14029.487264194122,14367.23242348464,15518.659027532172,16720.950124716175,17578.957400257717,17911.373084320694,19256.079578164194,20149.852456696866,22170.45033239645,23631.30736988655,24679.16830359697,27898.625692315432,26715.385156577926,25779.689312643037,25026.87910065337,24210.823871880384,24015.091497068086,22795.91467228185,21525.36830626686,26170.22740620355,24877.61619425542,24096.619229262884,22248.457544277746,21229.559302504138,20688.54703519299,19648.486305636547,17838.890570273827,17523.489246599787,17133.732760437557,16499.90938391068,18656.748132672412,17654.320826863495,16848.298304883912,16235.150803932405,14483.08814202936,12970.896981127891,12012.730518276709,10967.397118728433,10372.31625158898,9792.899435691228,8526.35626505466,8131.375051439104,7488.439891986852,6388.586411992679,5374.345246316631,18201.23139858077,17412.01150802247,15755.166693551473,13932.207512417941,13424.865269325725,12935.586762669534,12498.153538554889,11846.899381421983,11030.328847843675,10109.994314552087,9494.356701720628,8687.19598094212,8331.43684082132,8524.666696278366,9825.626580504302,10624.843051302503,26096.03968665656,25389.064706958336,24552.662629407794,23859.453976131477,22317.445273768102,21125.710564947327,20545.861699056855,19184.79688567341,17996.347555669745,17731.375070177673,17110.475172191473,16411.158474144715,16301.51699250078,17794.442977506445,18225.905187460576,19736.962908413916,16154.898092832977,15375.055509659212,14108.25512667226,12992.39571912371,10226.367772468891,7909.2217643107815,6678.375946795597,5866.126252813873,4672.8516646948,3603.92323402915,2195.9075254934805,1342.7981685573582,0.0,1323.5459985283376,2412.76388185529,3619.544801892779
Zapotitlán,20780.49088747381,19989.27261518681,20206.240336797604,20306.69722149438,19983.556334446617,19560.68444493879,19108.044592452145,18873.844682719664,18461.869925554798,18029.984494169013,17695.914062638785,17214.720613856207,17239.685774469828,17117.07343630626,16434.56685234136,15758.065412555585,15115.501026846412,14526.813626301464,13781.450022382553,13919.289260553624,26112.687880934198,25214.998595197623,24214.230579340343,23559.293754535087,22799.896832365834,22176.96392347711,21531.411125454106,20906.888499586188,20177.271019330492,19655.44700582895,19139.815480418838,18799.532428773015,18249.526344825383,16912.110276539017,16390.578361419895,15801.406769908532,15415.561151505683,14915.1671185786,14426.070933964182,13894.353705906064,13519.641936719187,13229.845696669438,12421.543065805688,23766.22163243899,22885.2262207412,22416.638025183875,22070.545955870544,20983.67694794293,20141.437489437252,19302.722701669685,18294.922916174517,18039.25206702913,17710.71658649193,16923.456379333158,16329.734558452938,16041.746957359259,15995.617067255385,16053.53964819659,16160.131932962731,16366.131869354174,15609.012531849634,15040.596368137552,22076.804584907888,21149.28509708652,20322.73535120255,19641.230814355436,18924.020658522135,18150.27753878915,16553.22390300748,15622.96099416043,15049.52288799926,15109.510095158093,16241.43165584428,17408.391372067475,18312.14944414023,18699.906276309783,20102.416837499113,21035.63520151802,23061.702265765485,24519.826448355518,25557.54368547573,28921.941074959712,27750.910288424064,26797.361872139598,26008.93656348695,25161.671624446168,24934.983507614437,23642.7756775149,22312.868619812823,27212.562112667256,25927.987097840003,25170.429191127325,23380.241719844114,22388.033739612023,21867.940924576505,20859.749967257907,19086.543733567236,18785.949178983166,18414.07775576848,17804.550851959957,19631.332691362244,18672.777468533004,17907.564898190612,17320.541418953373,15519.032982016202,13975.878597965848,13050.796273499727,12035.013396402832,11455.328273986253,10928.722010066083,9669.692317736672,9212.369765584026,8523.295744436316,7349.63186632646,6214.8420276955785,19402.46577272375,18591.026742272054,16861.658718639403,14893.354146965996,14325.820044089685,13756.529665728029,13251.572259412022,12496.69722731406,11590.151059091962,10524.9744298206,9765.724131032319,8651.698549839435,8069.3752718116175,8082.677462060254,9163.15113246893,9765.458062192936,26361.744897813307,25667.209827032646,24846.467647623045,24167.371043662428,22659.77002027834,21497.64917664901,20934.23016796206,19615.38381367975,18481.691415622303,18277.10028416065,17735.34360228512,17157.702147330998,17116.472897514283,18699.405417091908,19166.414531682887,20756.19179879421,17430.883228302904,16645.688377138,15363.341709232545,14262.023217098316,11444.958141649704,9170.897084900802,7973.916937280814,7170.902039412629,5960.907996235688,4873.311063421645,3515.9773923884704,2664.611441724558,1323.5459985283376,0.0,1090.557400216278,2316.6619389971393
Tlaltenco,21796.303330272825,20981.67742366975,21167.076037657225,21241.70769618903,20903.299541144253,20460.114023658447,19981.17166222219,19728.23823319199,19300.29836035135,18853.776808190683,18503.158459109047,17997.473986555116,17991.41280355618,17842.55891589859,17151.688022868013,16452.28674202102,15785.199325755293,15177.545120375546,14400.767835489887,14470.561854953443,27036.923393462846,26120.386661647608,25089.724602126822,24426.157764102176,23661.755602369187,23037.57301244082,22392.157427556886,21757.590680509617,21016.5099749501,20478.671252982374,19949.928290716307,19595.313236180133,19036.3668642109,17752.541684006694,17254.69279639239,16693.251040797353,16327.226933661872,15852.331826352325,15390.368596471932,14889.434816239951,14538.50560310756,14272.82319970084,13480.60265047008,24374.522567069514,23535.676391227127,23103.648351420947,22796.826817987414,21752.86525726301,20940.777934688474,20137.829635830796,19172.526735890024,18939.49040635081,18632.150019880555,17876.545649695778,17309.887187288667,17043.757164890125,17022.936164306226,17104.821927854195,17226.722148512294,17443.79270265055,16694.714529873785,16130.946237166754,22653.763985038102,21750.27277183409,20958.37605720567,20301.562385037494,19610.70519743202,18866.49342723129,17327.75582433506,16437.506664367516,15879.318317899983,15720.566702224098,16832.897050811873,17967.864984627035,18905.559432982514,19336.65788610117,20782.582976222682,21745.99485901037,23773.422025451226,25227.403834418987,26255.56309241059,29736.889423869856,28576.86721856314,27609.150279618018,26791.86335076685,25919.679180962965,25667.791482458077,24317.47508509277,22941.36523521141,28044.58786205177,26767.667643940393,26030.22656164522,24289.835223231476,23320.744303286214,22818.65597432056,21838.188863157793,20097.32339361822,19809.893383230592,19454.27047948814,18868.079501361455,20415.862467113086,19494.287603917135,18763.216739347055,18198.169756738604,16360.347637067911,14796.652220923299,13899.988895023293,12910.086303736243,12344.027157162478,11859.237763060388,10609.85815228517,10108.554434872658,9390.035764957865,8174.05691669741,6972.299486961891,20373.26769279784,19543.813559744784,17756.99989915242,15677.203105252813,15064.265340268425,14434.715749142091,13879.50762215569,13048.248129832897,12078.049136367115,10909.538254034418,10046.084500657447,8701.417125016542,7939.8928835550805,7796.554736746654,8663.405032214501,9080.675779392488,26557.153529818886,25874.118666153765,25067.828298919183,24401.70024803414,22925.633608065866,21790.574023425557,21242.039091584065,19961.285380765337,18875.473961765452,18720.194320881892,18243.727233756897,17765.094225996945,17778.45767880728,19429.535928068966,19924.234316553386,21575.35447011083,18467.451055320653,17677.7947322721,16382.60416686851,15294.494942833178,12438.315165770018,10201.755802033877,9033.329765993485,8238.759081120386,7017.503737510639,5920.512038914675,4600.118277036463,3751.044960818554,2412.76388185529,1090.557400216278,0.0,1308.5398702304226
Tláhuac,23088.097694444637,22282.57631830894,22474.2167899489,22550.247221233152,22211.453032483027,21766.602715665293,21283.832632029294,21027.172316816115,20595.526066235856,20145.21677898208,19789.84861626242,19276.36438749334,19258.90236841894,19099.467401542777,18405.50463407723,17696.533193129264,17018.665385130193,16402.500059180104,15610.871964663536,15642.9284353749,28345.195499217636,27427.27233166514,26392.331949372918,25727.15318280925,24961.78590880625,24337.40504620651,23692.094614244907,23055.366440392034,22311.60194068674,21769.54530643972,21237.059469453714,20877.99273265107,20316.241916976665,19048.623016655896,18556.07192483435,17999.13800135366,17635.055381236307,17160.821684554005,16696.817161762025,16189.071119037382,15828.26885109879,15546.124647092045,14736.83984737716,25568.53745106944,24753.323722226083,24340.038007703908,24051.501040025363,23025.42553613045,22224.214622176394,21432.0253101441,20476.05891431991,20246.163149145028,19940.43344045946,19184.315398518902,18613.69720529888,18341.21807989423,18308.018555309936,18370.090007182836,18471.598732338844,18665.763754696425,17888.973737036515,17285.247032024046,23830.751845863542,22941.99176993333,22169.861979611975,21526.392456052643,20848.972613066308,20118.75392303632,18604.080032035938,17727.09740039444,17173.268853865076,16924.305876003527,18024.348241850545,19139.322321256383,20095.61589325735,20550.052042828975,22016.946342634168,22994.040922929285,25021.169004271593,26472.657802677688,27495.909053625954,31023.681123357284,29867.169156157477,28895.232296010967,28068.188851170336,27186.639515785027,26924.27274561944,25547.187697272715,24147.590344257347,29336.704859071437,28062.031441233237,27329.57267685551,25597.183422886297,24629.271870396984,24126.71470519747,23142.603016407156,21391.414344058343,21097.17795589969,20730.08165344803,20117.669697642414,21694.446453834993,20784.91473719944,20062.59252115487,19501.824637076636,17657.005479002495,16088.636252986085,15199.166174939975,14214.257169852834,13650.136776482712,13167.768658648678,11918.082010494565,11415.826369164259,10694.128589262265,9471.431644351498,8254.953795750145,21679.019580454045,20851.65752980832,19063.21005071831,16957.593376740268,16328.50652449425,15673.747941214628,15094.907405896316,14223.941036500893,13218.6894914106,11988.047722358988,11055.7453825813,9537.311295481086,8619.41589640507,8312.690862564528,8899.041730446099,9037.802515987567,27445.63245620139,26773.582575592052,25980.928996684463,25326.85988049753,23879.49664786747,22768.37699140726,22232.679560483117,20983.870420975338,19935.73410059876,19815.652512784713,19383.310978609992,18964.234397632736,19006.167106235138,20687.46388065631,21193.15258412985,22864.80311933838,19746.147410952904,18959.734194849952,17672.31253545482,16576.056679231242,13738.17994105171,11483.922371721243,10289.583816107955,9483.361396664457,8277.339137479623,7189.518441524301,5813.7844109820835,4960.007730847438,3619.544801892779,2316.6619389971393,1308.5398702304226,0.0
