,Tláhuac,Tlaltenco,Zapotitlán,Nopalera,Olivos,Tezonco,Periférico Oriente,Calle 11,Lomas Estrella,San Andrés Tomatlán,Culhuacán,Atlalilco,Mexicaltzingo,Ermita,Eje Central,Parque de los Venados,Zapata,Hospital 20 de Noviembre,Insurgentes Sur,Mixcoac,Buenavista,Guerrero,Garibaldi y Lagunilla,Lagunilla,Tepito,Morelos,San Lázaro,Ricardo Flores Magón,Romero Rubio,Oceanía,Deportivo Oceanía,Bosque de Aragón,Villa de Aragón,Nezahualcóyotl,Impulsora,Río de los Remedios,Múzquiz,Ecatepec,Olímpica,Plaza Aragón,Ciudad Azteca,La Paz,Los Reyes,Santa Marta,Acatitla,Penón Viejo,Guelatao,Tepalcates,Canal de San Juan,Agrícola Oriental,Pantitlán,Puebla,Ciudad Deportiva,Velódromo,Mixiuhca,Jamaica,Chabacano,Lázaro Cárdenas,Centro Médico,Chilpancingo,Patriotismo,Tacubaya,Constitución de 1917,UAM-I,Cerro de la Estrella,Iztapalapa,Escuadrón 201,Aculco,Apatlaco,Iztacalco,Coyuya,Santa Anita,La Viga,Obrera,Doctores,Salto del Agua,San Juan de Letrán,Bellas Artes,Barranca del Muerto,San Antonio,San Pedro de los Pinos,Constituyentes,Auditorio,Polanco,San Joaquín,Tacuba,Refinería,Camarones,Aquiles Serdán,El Rosario,Martín Carrera,La Villa y Basílica,Deportivo 18 de Marzo,Lindavista,Instituto del Petróleo,Vallejo,Norte 45,Ferrería y Arena Ciudad de México,UAM Azcapotzalco,Tezozómoc,Hangares,Terminal Aérea,Aragón,Eduardo Molina,Consulado,Valle Gómez,Misterios,La Raza,Autobuses del Norte,Politécnico,Fray Servando,Candelaria,Canal del Norte,Bondojito,Talismán,Universidad,Copilco,Miguel Ángel de Quevedo,Viveros y  Derechos Humanos,Coyoacán,División del Norte,Eugenia,Etiopía y Plaza de la Transparencia,Hospital General,Niños Héroes y  Poder Judicial CDMX,Balderas,Juárez,Hidalgo,Tlatelolco,Potrero,Indios Verdes,Tasqueña,General Anaya,Portales,Nativitas,Villa de Cortés,Xola,Viaducto,San Antonio Abad,Pino Suárez,Zócalo,Allende,Revolución,San Cosme,Normal,Colegio Militar,Popotla,Cuitláhuac,Panteones,Cuatro Caminos,Zaragoza,Gómez Farías,Boulevard Puerto Aéreo,Balbuena,Moctezuma,Merced,Isabel la Católica,Cuauhtémoc,Insurgentes,Sevilla,Chapultepec ,Juanacatlán,Observatorio
Tláhuac,0.0,1384.8417282193143,2419.7075794991797,3680.4401637814954,5175.2428030785095,5818.637902390693,7239.220102822193,8442.815559597555,9458.059047253904,10576.142932805911,11438.370723136008,12170.452986049038,13932.96990377117,15686.441314814912,16656.901404092074,17844.32611206082,18474.203251945168,19018.015185120348,19775.201621734177,20669.788623027896,22913.25984873996,22414.23215890354,21776.395282192017,21246.456091485186,20842.227269562543,20247.531704590634,19238.435090196454,19135.61961780163,19088.065513912967,19267.94310489406,19503.482911412517,19907.40531315806,20065.644553479986,21116.975964225425,22408.949016846294,22913.488840815753,24030.829858958266,25465.588885843215,26127.769030988504,26892.020139564367,27542.603282835884,9075.72480536309,8984.678806986534,8463.017832164258,8757.768460141144,9667.297360750048,11202.609062746305,12131.136614735977,13353.808269367093,14359.916973671907,15542.810742350859,15206.760234390998,15784.57826300582,16471.52570140914,17062.6160612193,17741.34924531482,18499.171216555565,19178.47725331614,20003.144500043414,20954.88548194093,21823.562642168137,22268.17094750541,8438.603003898834,9613.486830365186,10790.057059546032,11512.903091309061,13280.735792366984,13772.754813934263,14367.58938650188,15297.373584666248,16226.597529574057,17205.73993620381,17808.6709816185,19607.06951267674,20217.67949949837,20637.626818970573,20923.856863389803,21335.730214445164,20204.99558963491,21134.562177186308,21481.88892664508,23242.65899261665,24256.323881311073,24727.908097669748,25647.11296943746,26336.338976553798,27485.282755992048,28250.1993806964,29583.074905473313,31106.121648803553,23899.530900334812,24272.261333972376,24778.759550102426,25722.755849684745,26701.93711759443,27036.603332431747,27340.735348016202,28204.869556287515,29002.109916505065,29990.293124019183,17170.08058282883,18153.853489621917,20219.067413895962,20657.820617530728,21433.449702978487,22101.09289960227,23084.530133170214,24050.10303426929,25162.006522952754,27672.413506931887,18708.893267943095,19284.723121721145,20975.32189666081,22280.706758393007,23060.38353334936,17316.311126329267,17982.126750827392,18730.816897757682,18570.089274811333,18454.79550866886,18422.88088533344,18673.31997988845,19237.866553454765,20332.258196020917,20565.04276211038,21036.13185411121,21500.910595619713,21788.808498272007,23100.004995034367,24515.05650221444,25676.23266185576,14640.131746373643,15631.407361669404,16291.158522444422,16826.878383904757,17269.921547954473,17742.40290099746,18106.65393361403,19156.161974856564,19753.958200535762,20414.441436325214,20979.08942118795,22451.547012946026,23119.563189862085,23803.617896964075,24507.97130031628,25068.247358906483,25849.31088544828,27537.810885787974,28598.887827352817,15665.690376839131,16502.611139560697,17149.37715393864,17824.974280800732,18544.975313485502,19337.818832433644,20252.536110943536,21366.773929259736,21851.385348950043,22313.774463598413,22647.994222405596,22543.112294719445,23177.82137597409
Tlaltenco,1384.8417282193143,0.0,1110.3225484314817,2390.159885637309,3888.9168931008503,4532.077420680012,5897.138866706156,7113.349244487879,8141.521747487218,9249.586652828797,10089.439136971363,10790.143350253375,12559.529486805033,14326.258400853047,15303.355953823579,16482.51890729887,17117.715889391136,17664.122192082115,18424.972598979224,19323.05062680044,21546.43689040086,21052.122712904522,20421.951861912556,19901.058434216106,19505.482062672505,18914.107535412604,17908.67826858228,17830.497292377753,17812.9790579238,18020.187214067075,18288.968320480344,18738.718401534294,18932.80001798208,20023.15371085773,21348.58749277549,21865.307732395373,23007.913472922144,24472.369836422426,25147.23607251492,25925.544610750454,26587.520895929512,9092.444310430961,8708.54699506187,7905.893186986603,8025.048781508046,8771.283272162487,10125.227537606912,10982.65172345219,12141.246904523547,13110.81125192486,14302.985418461592,13914.881057692737,14469.090118607499,15129.585679884307,15704.477009750659,16372.763637018828,17120.986351299067,17795.24831634867,18618.305773644857,19571.36551564225,20442.681616606384,20893.413371794624,7079.442309711858,8239.87611687174,9409.458315780614,10128.954106220623,11895.997887580932,12389.693214551546,12986.641889640798,13920.87978368371,14857.45422107277,15834.531057950771,16434.62765291381,18226.196030616324,18841.473380042746,19266.30770493006,19555.80907460338,19972.677707082246,18887.24268835589,19775.59129971634,20114.462159160314,21863.26113938037,22872.466349261875,23343.099858113397,24262.850722445204,24956.31060005493,26108.199092969735,26877.63607257748,28213.254349307186,29740.702393654337,22642.060986939152,22989.110097953555,23483.70161527719,24415.000522109174,25377.015131444594,25700.42142194686,25995.62949771017,26850.34185674322,27638.165929647483,28622.245435602876,15888.42939731776,16887.259853906773,18952.471592304522,19368.25377634062,20130.19216209957,20790.322870728378,21759.50446675461,22721.93658075852,23836.766686453233,26354.528151101236,17354.587774198477,17939.778395637888,19659.517224262163,20992.003894947902,21792.02101094816,16101.115352475617,16724.037063108823,17443.809941558116,17258.481620505238,17119.93411319773,17051.4852427364,17294.88611996571,17854.44523959654,18948.653627699063,19184.17763836959,19659.22267379917,20128.937231705168,20420.33650930142,21749.3531578608,23201.550643152736,24404.987048086605,13313.260898427852,14287.267947518118,14917.502742627508,15444.876495705374,15885.363972498148,16357.89743587765,16723.693533699472,17782.339607527403,18387.87582938762,19056.177760393468,19618.442594415803,21078.77648698465,21744.336574367786,22426.240475478113,23130.601210454144,23690.7803460509,24471.058756233793,26154.06524058973,27214.099938722844,14382.23588091655,15202.664907852406,15838.764119060514,16504.053710842833,17214.290184790203,17981.588092892613,18883.54959938101,19986.729881743682,20467.928080521673,20929.025121768827,21263.21685259743,21160.52130641953,21812.315557849335
Zapotitlán,2419.7075794991797,1110.3225484314817,0.0,1280.8001162137095,2780.9801615505576,3424.7783261492827,4819.543416041492,6025.762581169986,7046.676012900423,8160.594688241624,9018.72080707888,9781.973238711955,11527.40494224901,13268.989916731205,14237.565437580739,15427.423623226041,16055.380643038625,16598.67208765339,17355.51721225025,18250.147400479178,20682.463011324427,20203.362821425435,19595.601731861083,19098.57008990808,18724.03262591876,18140.970081296913,17145.15772101844,17117.954584063555,17155.667663767505,17408.381652179065,17728.527331440266,18243.67826647439,18486.089746658414,19624.286952464063,20988.14848938736,21518.47188605021,22688.688702575186,24184.672822816236,24872.71861633735,25665.455540386596,26338.98611095078,9749.191117439097,9171.460024739827,8157.894618697182,8112.840453309282,8676.531287095784,9796.531673201052,10549.947713608472,11605.948513289486,12511.83924508022,13714.617553312139,13237.120032025601,13743.026489163476,14342.62480194668,14873.4632032768,15507.61830673074,16215.504420723995,16856.400227046088,17651.006035243434,18578.352684617123,19433.191328313173,19862.92454716489,6276.817705909714,7374.643071194571,8502.546479496348,9190.897633752864,10925.00650629133,11457.605625174318,12070.041382092424,13027.274548685096,13992.369136966665,14960.485746986013,15548.664503239774,17304.78765254976,17943.97917898399,18388.358054905413,18689.275849283073,19121.95175211814,17794.431715159222,18716.346044607482,19068.235439168948,20847.226331421756,21881.753978980978,22369.00054150926,23309.24577185452,24036.451350323085,25202.773491566222,25990.616015428845,27335.64481258524,28877.013199784422,22006.475524480094,22309.59755344763,22782.28540384876,23688.86472053041,24615.73321144974,24914.54574312599,25188.81196719258,26019.210216494237,26779.90024274775,27750.50412767748,15223.883862620864,16246.678508714724,18307.533897189554,18682.29477344207,19417.576503885684,20062.2585806929,21001.280621316804,21956.061895154202,23076.087589085993,25606.901344902297,16532.035145351845,17140.792994807278,18922.90112940561,20305.164884465015,21139.5071410904,14991.143160882266,15615.084911542726,16339.85042863626,16162.725520538032,16037.21347170323,16013.486645823497,16276.206222991575,16861.150656179612,18005.357598315644,18262.181465456528,18757.92111799996,19247.850944157006,19551.647894867216,20931.82913722321,22465.37230810655,23744.37758073646,12225.011826136288,13211.903092015118,13885.23379237442,14442.716350818486,14906.648094489843,15403.715916108844,15788.052182840018,16895.933238407793,17529.005911463948,18220.53971509775,18775.30478854831,20193.966615447047,20849.16242088596,21521.090567400275,22225.131505100955,22784.588761096304,23560.737423787083,25206.432829921607,26247.99717659558,13718.652009596999,14505.800616147315,15119.35515223186,15762.022718276325,16449.81905263705,17152.909229043726,18014.35789123195,19069.15654009108,19525.376860840028,19966.285428836058,20288.218723958806,20160.180903675304,20762.65296058087
Nopalera,3680.4401637814954,2390.159885637309,1280.8001162137095,0.0,1500.686220753922,2144.7817945733736,3577.895887571246,4766.63026251193,5777.669576844856,6897.354260879208,7776.065343735293,8615.940834159073,10327.818174599388,12037.94928987946,12996.3809494442,14197.451524963057,14817.124534866876,15356.824958740066,16109.143809229163,16999.918877101078,19669.132687030124,19208.655863064596,18628.409265160004,18160.65972922607,17811.98242498714,17240.208579676895,16258.538146133336,16292.76015218318,16396.763624075273,16703.190454951902,17083.615218532068,17674.764903325464,17973.616552227955,19164.1896732707,20568.725991876217,21113.37510691143,22312.546403701093,23841.44882264369,24543.203532016494,25350.93446388121,26036.44890815657,10547.66703992046,9773.774221708358,8552.001525073327,8327.126823405102,8670.33836778132,9492.469649841407,10108.84315095392,11027.448181442738,11847.41883394793,13055.140270090935,12470.871137638165,12914.599787940024,13436.759387242302,13911.836424623565,14502.66745804105,15160.289771119998,15760.225814738656,16520.211596462275,17416.767811721948,18252.135473675775,18658.029409205392,5426.120159861228,6416.798879468293,7476.216274235772,8118.455399224654,9802.594296382153,10382.436321607476,11012.115975578396,11994.692558213956,12991.820022414986,13946.155917929682,14518.403974466151,16228.63090281422,16895.19704261821,17362.04441546541,17676.00293093109,18126.68859927949,16524.63379348462,17480.422399884028,17846.31422406361,19657.968386331468,20720.43787787783,21226.23656140801,22189.212388621916,22954.550115939466,24136.539419075903,24944.913241861977,26299.720450242006,27855.935534144024,21260.227001456256,21510.92711090231,21956.94304219933,22832.97366440364,23717.36532927446,23987.097715957916,24236.660051817493,25037.97696468627,25766.646056596368,26721.004492229793,14463.784975823792,15511.29801594472,17559.688224620688,17884.349460437446,18585.947898341252,19210.780224837774,20112.17585221712,21056.252260180332,22180.608157683186,24723.189489005945,15575.94882937594,16211.52323878093,18063.87132458542,19502.069087648015,20375.166492674976,13715.156083382333,14334.30572854947,15061.059504104604,14890.439335583076,14777.437318333874,14802.380378967466,15087.006267984963,15700.83886180576,16902.316738070564,17183.90098060368,17703.365346574832,18216.44389548707,18534.421372115696,19972.82073148678,21599.669999033402,22965.304795985623,10960.618806895747,11960.75015431233,12682.511973446273,13274.812836490099,13765.98665250381,14291.586433067147,14697.462686745477,15862.253888198316,16527.018701778434,17244.906171545445,17789.670436192147,19156.817026508987,19799.02342972078,20458.541575189756,21161.476491816262,21719.54861574718,22490.21656134863,24091.958109303127,25112.048976498874,12967.122314597385,13709.565011320088,14292.973239365287,14905.719107505074,15564.089050324172,16187.924096166216,16999.118847142865,17994.990652121705,18421.408731543543,18838.42588224908,19145.94824802117,18989.03529173051,19536.372975859205
Olivos,5175.2428030785095,3888.9168931008503,2780.9801615505576,1500.686220753922,0.0,644.2009037239801,2156.2431162360285,3297.034953105557,4289.620436587115,5415.987550920942,6322.325472659637,7270.075455724103,8927.588386522593,10592.86228975927,11537.617917042262,12751.635620185654,13360.724053670676,13895.804286449991,14642.428253945089,15528.419630280574,18486.664052047014,18050.485131541704,17506.198313157496,17076.61466707912,16761.635206726172,16206.170925373275,15246.442750656022,15358.40363948745,15545.510429710152,15917.628849359178,16371.034454909808,17052.803187629765,17419.231493683106,18667.24982269051,20114.277113027994,20673.794395957597,21902.849772508176,23465.54462336868,24181.303126054238,25004.336627204208,25702.05039225236,11553.849815989082,10587.806998856126,9171.125306552942,8758.450816665852,8844.675519135079,9291.885361996543,9725.249738803495,10454.163337189004,11153.040704272333,12354.082812738778,11638.306843520733,11997.382449444778,12414.89775362623,12814.52233189368,13346.235972273736,13936.391071891234,14482.005007154004,15196.316507039552,16052.806567476517,16863.123555942595,17239.572769378483,4632.4760565214265,5418.296067435089,6349.685797686968,6914.1762245175105,8511.890217745811,9153.928701201286,9803.208613352635,10814.138535259908,11848.325368207736,12779.903916251307,13329.047477924623,14974.849166866406,15674.58179106165,16168.70930369458,16498.331209174372,16970.536507409794,15031.843680686796,16025.43235446301,16407.82981371289,18257.753425609626,19353.34711699828,19881.312750392743,20871.086094357834,21682.164125561496,22881.92021746584,23714.364115489258,25079.551392995236,26652.118245800346,20404.617263343862,20590.039265629563,21001.987283514998,21838.30086167239,22668.71051415859,22902.32275664926,23121.22833511357,23885.816342901006,24574.571473523803,25508.168440400274,13622.873444326631,14694.814012192612,16716.435210571683,16977.00535458731,17633.711559186093,18231.580865936823,19083.378933990458,20011.679842076464,21138.720730587487,23690.556757670838,14478.091070373257,15145.346646785092,17079.271089598817,18582.07707025755,19500.162795144737,12228.452207030658,12835.259648173223,13560.709165016977,13395.351365554423,13295.699025921924,13379.513022669567,13691.381389132137,14340.916638864144,15612.844895363522,15925.18999807007,16473.485363716445,17014.556639058905,17349.615149266534,18857.391268448133,20595.892499542475,22064.52441873106,9474.824779256265,10490.407275370371,11273.108113920422,11909.64174693767,12435.208007920704,12996.565806580043,13429.23938836402,14663.839847464234,15367.01103526367,16116.109273467579,16646.591371833852,17945.664153376096,18570.418221071588,19213.388145913526,19913.863921267977,20469.419969393137,21232.323906817655,22778.795057608895,23772.19484993538,12149.012949899638,12827.833676382817,13368.42741479742,13939.077096329998,14556.34857942137,15076.283252277697,15820.825893252684,16739.77108592812,17128.01030429584,17514.598459052704,17803.854373095994,17611.50353019872,18091.86127698568
Tezonco,5818.637902390693,4532.077420680012,3424.7783261492827,2144.7817945733736,644.2009037239801,0.0,1583.5517775200267,2672.7885636597084,3651.733908004845,4781.097530551121,5701.65281012036,6705.3878775503445,8331.619630193309,9973.467988526674,10911.38789589201,12131.09110221628,12735.131183435531,13267.99828521419,14011.941127566366,14895.706923020678,17984.660188619087,17559.956545680532,17032.660860613487,16621.054527485507,16321.928078421024,15774.710272405808,14826.577498771736,14974.160391863597,15198.977217035765,15600.255804168808,16085.758164065783,16806.848058151314,17202.693387102925,18473.835875539484,19937.18671904082,20502.387018015495,21742.813524127807,23318.317233343034,24039.36315841774,24868.173273855562,25570.482953596584,12007.876382482027,10970.829597119495,9485.580403387963,9001.538531989607,8982.14360536297,9265.267402439036,9614.078070251839,10252.315921515456,10891.932266762647,12085.015475977447,11310.985843610102,11629.195677968244,11996.27724787892,12359.353791901398,12862.15882391381,13419.649012004022,13939.134473141865,14631.513922287177,15468.929343902233,16267.405728228066,16630.342619788804,4392.920102559676,5054.278313242362,5906.700217282802,6426.007743613868,7972.397681355561,8644.061103165348,9301.265745726194,10323.523143696746,11373.227638965844,12292.137489476012,12829.439084787662,14442.954615019724,15157.463386038706,15663.755355908426,16000.290389995143,16481.94554206043,14390.130060441208,15399.9831456895,15789.731926663422,17656.515332088075,18766.769627541882,19304.583946189367,20306.10785246783,21137.4917489648,22344.749139985037,23187.651507483755,24556.94893351712,26136.23250756002,20048.79314348291,20204.6907866288,20600.910869333657,21418.633838188805,22224.17521282596,22441.421102402746,22646.4349619056,23394.141866657683,24064.718313875685,24988.677426873775,13285.494863416414,14366.001928692473,16371.369523376743,16602.369930001252,17237.686285166183,17822.523074960358,18650.83859173081,19571.09469639986,20698.381098966955,23252.509943528516,14019.669636419543,14700.614540613522,16669.249224920513,18199.437257093137,19136.687761946694,11593.634895304627,12192.769032054584,12916.508416974764,12752.783671426612,12658.714722043922,12769.454398478554,13093.936982706397,13759.839766450641,15063.766172215688,15390.152631936324,15951.340379415578,16504.8616015396,16847.48553682708,18385.669481875666,20173.206361744928,21686.757699033613,8836.463439917887,9859.028115666595,10670.519225786933,11327.85689595331,11869.424059649586,12447.255513389868,12892.166526091964,14158.172439588476,14878.40402042993,15641.06886538542,16164.358657648854,17430.949324931273,18047.267480638504,18682.281052690003,19381.240625152543,19935.362621273227,20694.385666519735,22215.405311850423,23196.60705492074,11826.615744567152,12473.738898079657,12992.985614632255,13542.752612318045,14139.713664915216,14610.545646876324,15323.205326147361,16205.7042802859,16576.077254557225,16948.46755717809,17229.221929991396,17020.76461889121,17470.767597128797
Periférico Oriente,7239.220102822193,5897.138866706156,4819.543416041492,3577.895887571246,2156.2431162360285,1583.5517775200267,0.0,1235.0844513126026,2287.9707704284724,3362.5730475551004,4200.187024639099,5123.251276841938,6772.337018981476,8460.128430499824,9420.325850062152,10619.654470583448,11240.10396130239,11781.212225885894,12536.367576241317,13430.61332026255,16415.029207313713,15997.348509908503,15482.51247341201,15086.433688858438,14802.77851824318,14264.599086854336,13330.26876125722,13521.033635852275,13797.0798099651,14240.759502993758,14775.618264047673,15560.343528260279,16006.509426730585,17315.637306579825,18805.060267637968,19379.394132543643,20638.164985704992,22234.495544984005,22964.176471710147,23802.46878840258,24512.341933115502,12478.89645540378,11238.116750509605,9582.62839849403,8917.244489036879,8629.487437781048,8518.165538983762,8675.84521820167,9121.845973430129,9645.66908808713,10817.36258535575,9950.6864138581,10206.12619142028,10506.047703222792,10828.913918023656,11306.222963126273,11843.75414681278,12355.909198579395,13050.136180283986,13897.389288013419,14707.316959763375,15090.634008670184,3334.971713362955,3702.927701836544,4412.3972142626135,4876.767464948129,6390.286099098242,7074.050719967343,7735.617683198881,8764.823448503685,9825.790689189578,10733.865888663458,11262.850662058605,12861.640492747876,13581.033566001719,14093.060280012838,14433.44136352557,14920.977351874164,12999.569964301829,13902.943222038522,14269.978958967384,16103.566253131654,17197.469053750094,17728.41458664857,18724.965428549393,19554.019930434355,20762.012757068464,21607.134287457193,22977.59440766678,24559.169013596205,18626.28690897636,18743.6684629791,19120.612114580883,19916.91175282894,20696.95910502236,20899.555051657728,21093.495810777604,21829.561315722116,22490.33096831246,23410.345885823663,11902.07149893385,12992.31239598788,14969.198826341346,15159.185463060128,15766.534090198613,16335.285634285836,17137.27017043957,18048.895346305464,19175.841699232773,21731.091441328048,12484.389011810297,13177.866972774247,15182.066834538897,16743.831740713053,17704.93945220175,10475.549721579824,10959.795764304947,11606.29813893004,11378.92195880154,11222.848017272356,11232.050998807912,11536.102911402308,12186.200197426617,13480.214463782184,13808.052221246773,14372.830073103407,14931.540083120199,15278.04062953192,16836.384648247255,18668.99143072536,20233.9571775442,7420.3543098585105,8392.59687785686,9120.297350271338,9754.597089384413,10288.185927064394,10863.705323008093,11309.84740964591,12587.528882665187,13318.068649995053,14090.415565256677,14607.989689562528,15855.165160483895,16468.17436084164,17100.85306345698,17799.432805814195,18353.235342914635,19111.573514829062,20633.854300205403,21619.899223206794,10471.73230614599,11068.154773804385,11555.743358475262,12076.776981523954,12648.054263186834,13068.238897502197,13756.827752376968,14623.753846915308,14992.612229022008,15367.584591770445,15651.862169818485,15455.26168386282,15958.88121624863
Calle 11,8442.815559597555,7113.349244487879,6025.762581169986,4766.63026251193,3297.034953105557,2672.7885636597084,1235.0844513126026,0.0,1054.7954174721922,2136.3050438714395,3029.0287269655173,4165.30730223651,5689.988184208203,7300.840889603417,8240.665113226734,9458.304728367182,10063.952208175218,10598.793112875954,11346.423813292344,12234.559799522642,15570.742546071608,15183.564664822447,14713.76402767754,14364.879054063877,14122.542847222752,13608.255134067356,12709.665606797917,12987.806784119666,13353.260273941312,13862.16476655786,14466.671777262272,15333.322250246363,15840.669592736333,17188.951799049846,18702.228457707635,19284.7446290691,20559.66215427585,22173.980114578007,22910.995541004693,23757.301802914226,24473.509532951106,13543.51800852334,12223.253905646736,10500.369532763683,9747.179667556116,9300.595373394286,8893.472816329891,8871.245214618384,9101.062863798312,9471.21281347661,10599.161608499231,9606.556399710835,9753.252727609923,9916.82388930735,10138.214334105951,10533.049072523343,10977.978011045005,11416.07287816424,12047.87324881516,12841.107032415117,13617.659943007264,13963.187674469109,3653.256294390876,3579.737078851458,3938.6564019336597,4211.607858357641,5502.558011303488,6272.543253408514,6948.438885120223,7997.641742154669,9090.741261551368,9955.044462450853,10447.510754363198,11950.1731733992,12706.724034349416,13248.957696464426,13606.066078316157,14116.104682212437,11774.978478823055,12728.740466769324,13117.240294291783,14998.228135964519,16131.528312491937,16688.35319956379,17714.876002577756,18595.194974871552,19820.679536279713,20690.824009926866,22069.76156676296,23665.92022991614,18127.598247448535,18175.54725156795,18513.89056073895,19263.34326618771,19981.946287040642,20144.872221556383,20304.933120963567,20998.735397188044,21614.276715543732,22509.62069209135,11501.609341994812,12599.414449200123,14518.711577996077,14636.533286474541,15188.247908350466,15722.207897540055,16463.29843804662,17351.74506982961,18475.386960918044,21028.765975657185,11770.989407877434,12495.044174413162,14573.214740071622,16192.022608267269,17193.14682659751,9265.021911776344,9728.228062939603,10371.430739386953,10150.385602774817,10011.981867829447,10102.209434536362,10443.187793471978,11139.713000417316,12520.174948344988,12885.084648703445,13482.48752523747,14072.0421404755,14436.988628953608,16067.03848495334,18012.658593801985,19677.40399187738,6200.097292520016,7195.607300469003,8013.514262962978,8710.252158446061,9289.880840349359,9911.08199749398,10390.097434150419,11748.134143760075,12520.371354717645,13324.15467382481,13820.778114460325,14979.877803491308,15569.58663624164,16180.445640985532,16873.857373932107,17423.076852656955,18170.417585939278,19626.310621988498,20580.51458785457,10130.177950323934,10637.747937072789,11064.955154122525,11527.118779793747,12041.256196727902,12331.808908445955,12933.36975962083,13701.14831370405,14021.66285405791,14358.046314351364,14619.143337014933,14378.968368529451,14798.007564305302
Lomas Estrella,9458.059047253904,8141.521747487218,7046.676012900423,5777.669576844856,4289.620436587115,3651.733908004845,2287.9707704284724,1054.7954174721922,0.0,1135.993346347187,2138.8863150481798,3562.1351268851954,4880.739627377937,6374.094607783625,7282.644189547614,8521.28290537811,9106.428944248166,9632.172374609321,10368.920339899312,11248.079259759796,14962.851618019527,14607.4259887702,14184.002029990408,13882.881376566487,13681.806757965638,13193.19634691523,12334.20583381103,12693.483186906627,13139.596586130698,13704.795101215734,14368.288327909126,15302.658134969955,15860.784584853734,17236.916091692758,18765.0237761981,19352.609687045722,20637.474436384393,22262.889623324005,23004.412749238007,23855.67499460592,24575.792969574017,14510.545334843444,13141.969576875112,11380.442621591543,10573.25788722574,10022.491966197595,9407.191705657408,9247.716087932686,9299.846701939507,9534.485172669789,10610.948334296561,9517.693846793536,9562.585557235989,9594.703207882487,9714.199650233491,10022.549759975062,10368.807881839575,10726.173832310798,11287.864611834688,12019.158954976721,12756.602508302058,13058.462796120699,4268.97420644143,3883.082234846616,3900.6425974881313,3957.0262269147265,4940.929342582877,5789.935188094693,6467.340770734126,7520.525614146375,8632.898021586987,9443.661317790918,9894.450719873461,11287.691621279344,12079.32153267787,12650.007524320003,13022.481790138327,13552.941070964282,10747.826262245282,11769.758689767921,12183.982368919396,14117.133942993307,15292.167535476165,15875.941992064749,16932.446318062634,17864.28665696599,19105.527745456493,19999.472582640065,21384.85935789358,22993.3725989476,17841.550830011605,17825.17508740256,18126.447412352376,18829.763613338127,19488.308298903547,19612.879096446028,19739.909523490995,20391.30781530859,20961.472025822255,21831.170085423684,11341.47626493301,12437.433304767537,14292.136828260704,14342.679729008843,14839.697180099643,15338.537770248053,16018.888263508188,16882.199200849103,17999.406596206878,20544.911256053514,11311.312203878477,12060.708533931542,14198.670068987463,15863.953697426085,16898.311639879004,8220.362432092583,8673.434567231237,9322.707793368647,9116.976631985961,9006.987561948941,9202.801203229423,9586.830046222933,10334.166366237132,11803.810948320064,12206.38632158703,12835.256133629835,13454.049351236421,13836.265959435821,15531.729691524697,17579.976811781682,19333.35491754208,5185.207400791669,6215.83107489173,7151.303916081464,7919.278750912559,8548.103083841534,9216.014488570629,9727.554340261779,11161.61898337098,11971.96787813197,12803.047487054591,13276.501563785756,14342.651381237914,14906.877936047642,15493.839708789792,16180.308428240633,16723.648884735932,17458.297859419974,18843.717678019988,19763.638366076597,10037.334638013426,10458.210594654385,10825.147443421527,11227.845850588095,11683.541494007624,11845.728497578262,12356.830563691648,13019.725205526505,13288.57057822897,13583.03189533321,13818.60408563838,13531.323499528235,13853.053062498644
San Andrés Tomatlán,10576.142932805911,9249.586652828797,8160.594688241624,6897.354260879208,5415.987550920942,4781.097530551121,3362.5730475551004,2136.3050438714395,1135.993346347187,0.0,1070.1191074484998,2729.116648959811,3817.2304815621083,5243.540516239327,6146.778813933911,7387.4527358853575,7970.490928289216,8496.307116136317,9234.128450289134,10115.106090054704,13999.331638465841,13668.496431420534,13282.376585696242,13021.039563320883,12855.3710268395,12390.821511234073,11570.824621056623,12002.03563666847,12521.429894863439,13137.593250029842,13855.225237259263,14852.358627523778,15459.294049562426,16858.116643414036,18395.98648004607,18986.911235142692,20278.286687510026,21911.04036208718,22655.536834615043,23510.119255013156,24232.85448751471,15289.502698339662,13841.704180242095,12027.670152776687,11147.404358811695,10462.042702039778,9599.73183551531,9285.075102474379,9140.31295587532,9227.01793492516,10237.08837077033,9053.081046394735,8995.403965768117,8900.039321722794,8924.33738505107,9154.574568714424,9418.26934756308,9714.317870249659,10228.518112659192,10924.321097041135,11643.496679236043,11930.415903199695,4711.5987230526825,4021.290145186697,3671.8151861079887,3485.289301915141,4094.7457198236057,4999.153100958722,5664.100131895761,6704.871168570679,7822.2049740217735,8578.859927079526,8991.511454411722,10293.614351451904,11108.536641375395,11698.920889653102,12082.046604390142,12626.778048867605,9638.895579976594,10633.76552282041,11050.044721939228,12995.946521061758,14186.761915037207,14782.683477984154,15853.81287362335,16814.175008298458,18063.96110476959,18972.05578793084,20360.503910243457,21975.851477802236,17137.60306739267,17064.06696387137,17332.53181100377,17995.475096081605,18604.113351997865,18698.5464965709,18800.403409425955,19420.15873648294,19958.436342398614,20810.628754940582,10787.314357667918,11873.40161937873,13655.807573821003,13643.622910362817,14089.28064713199,14555.47715892946,15181.959667725383,16022.355764533,17131.979222733666,19666.88252637338,10479.341778497872,11246.791515716965,13427.666927263528,15128.21391045592,16189.146010186012,7307.125514425284,7663.838159673036,8257.905765518108,8016.359465329041,7880.5658125699565,8078.014851822667,8478.461078833969,9250.164329350846,10771.105118713938,11198.279307039182,11847.877197429929,12486.469153798746,12880.601704166553,14622.244920376528,16749.036908279588,18574.28321776353,4064.422112620142,5080.819108103196,6044.315912974753,6849.72261031669,7508.140532515143,8205.980883717128,8739.147640415245,10225.409214347977,11062.824392673756,11912.849538435998,12366.05094298585,13359.080697233732,13904.355102097572,14474.269235484478,15155.276918256825,15694.179362409004,16420.038390370755,17763.83882188964,18666.39448946129,9562.6149490695,9892.721948767708,10197.825172302906,10541.026524835339,10939.827209982397,10988.518913676655,11423.971565213127,12007.89429578791,12242.353154999151,12511.444560941318,12732.897024945047,12423.328371837946,12717.608118751974
Culhuacán,11438.370723136008,10089.439136971363,9018.72080707888,7776.065343735293,6322.325472659637,5701.65281012036,4200.187024639099,3029.0287269655173,2138.8863150481798,1070.1191074484998,0.0,1783.122937816974,2752.724790482576,4271.826747705362,5220.382591217342,6429.698532858239,7041.2989537231515,7581.103865255739,8336.88682828843,9233.611535041322,12933.31425549128,12607.52852813987,12231.953654298597,11984.92142203674,11834.139615656883,11381.194531774661,10582.095147704058,11052.445910427818,11615.302586841819,12262.751754087618,13014.779498709688,14052.879101491842,14693.258323797638,16104.919735693222,17646.39949637762,18238.55405175836,19532.27651095053,21167.734435461552,21913.313554606422,22769.152675674573,23492.873350624766,15626.913522801386,14094.550367105778,12233.767968149683,11282.606706852113,10466.16463046911,9375.15810287771,8921.830540820072,8605.490831983789,8567.56126488449,9516.072853285033,8271.60768993293,8139.162225045483,7959.194285718082,7928.218272164061,8120.591610924551,8356.328041583449,8644.202683986869,9165.133558669457,9880.649724846095,10620.686339845932,10940.146947216586,4851.408468022194,3916.9435145198095,3245.208696431602,2837.1412042268976,3098.871021208723,4027.0957303015084,4677.253670412296,5703.833868447866,6818.854811921094,7547.320059479808,7944.201409643452,9224.27216254426,10041.911793562955,10635.841503128508,11021.25744614215,11569.421229640677,8867.4238483356,9705.214923371339,10088.214096429047,11987.355160920966,13153.60768667754,13737.840591389084,14799.278772148471,15748.804901949037,16996.808896106988,17902.92967456696,19291.127570978533,20906.03242653022,16172.473964832549,16069.312642954983,16321.981984227608,16967.117613629147,17557.17642990985,17642.544987823858,17738.244287224323,18352.447100832946,18888.34211791049,19740.971990802944,9930.05454047832,11004.871224038794,12735.439738354105,12686.147772118453,13103.164393088779,13552.442123104172,14154.193957250222,14985.030216111258,16091.337443174769,18621.67194509991,9458.849304585494,10233.409219479856,12431.94696717103,14148.406762540604,15222.266356349797,6967.037856049252,7146.875456704821,7615.827052408506,7280.106863593549,7047.091602727041,7080.255975699086,7449.394759358996,8198.226660875622,9702.137415722424,10128.186913976639,10778.962998890207,11420.05967113854,11816.239122687803,13568.795620225685,15722.72898511821,17579.336928749166,3301.994580471192,4199.975553520392,5013.998133168292,5789.427920912168,6439.6847084386045,7135.935061453839,7670.637733498692,9166.592214127044,10011.394107080028,10867.12328521388,11313.36978401187,12290.396090811428,12834.338173926035,13404.417761779376,14085.810303510752,14625.154167144712,15352.230917885428,16710.0934458666,17624.998139436815,8769.609157611258,9032.168409182928,9294.040455823106,9598.419372428936,9963.09138046145,9956.314222051158,10365.382460607065,10937.778162358492,11175.734453979581,11453.117817417493,11682.422900629655,11393.36636828416,11769.759021131611
Atlalilco,12170.452986049038,10790.143350253375,9781.973238711955,8615.940834159073,7270.075455724103,6705.3878775503445,5123.251276841938,4165.30730223651,3562.1351268851954,2729.116648959811,1783.122937816974,0.0,1860.2181268285754,3799.7523874360836,4841.157546682263,5859.28439534106,6550.449083789464,7118.003021640157,7908.090563569662,8829.711624663723,11421.296221241048,11052.698668295938,10621.88231403439,10326.905335979194,10141.576102291227,9668.347671779078,8841.901489706073,9282.413253602208,9832.954521708274,10480.349821614922,11238.334150020364,12289.71055702142,12945.076023853519,14362.195658643332,15904.37008080015,16496.75908493969,17790.89539855622,19426.87406833269,20172.65343944126,21028.758396363886,21752.68434843357,15268.428328064141,13610.227790845916,11698.570964764549,10649.075165753296,9642.871519404176,8236.829211600552,7602.9269413591455,7080.452969966844,6914.362787254602,7806.45234754845,6526.4023221975385,6361.566920116711,6184.236462386256,6197.406139121465,6463.256408920242,6825.314121002214,7254.025745448374,7927.098675044913,8801.157115144819,9653.231448842818,10119.985539725722,4521.90301086446,3306.5546905980495,2197.064681632081,1456.7168978566872,1380.9332287013005,2270.037568253918,2936.768808344653,3982.19446364761,5099.272176769105,5884.800695024514,6332.972279399002,7784.8945534388,8547.991248662851,9102.99978816025,9469.500997750185,9994.453624269136,8776.139149191,9138.996502412205,9395.099285303277,11073.440436834204,12104.981929467325,12615.064574709171,13602.004953517471,14442.77010450078,15661.414248648629,16526.294893480168,17904.62313438208,19500.783588826267,14412.245358371802,14335.539632068227,14609.229868478404,15286.82983045218,15927.946788353735,16051.157841534074,16183.45114235407,16851.110392788753,17451.330520323983,18344.313443139024,8150.993869406055,9223.418640427886,10955.525775675027,10920.69743274705,11360.165714181669,11829.313055493496,12473.881527838686,13327.711213009237,14442.730045688531,16985.871485740612,7766.805385561116,8527.375447384911,10699.5908633176,12399.44574764322,13463.152907230084,7777.430960910092,7656.97979122672,7862.824600987154,7329.959631541376,6855.897824828637,6312.340334730942,6507.57504621952,7084.942042035577,8366.50046634714,8720.36728802177,9319.064361604382,9917.449018419647,10290.68482208531,11969.89948105567,14038.524080464425,15845.717218643313,3636.6259919934764,4073.8472109410172,4170.183438529608,4661.25606317596,5165.414671331436,5752.5047680920825,6224.810132612382,7608.600826375699,8410.63180272229,9241.185403436946,9715.045685965837,10819.154747998848,11404.618070524839,12015.942441484589,12710.198901761754,13260.388425323566,14010.791541796534,15510.652050585264,16504.37094845476,7016.507596131616,7252.887555003954,7511.234686889585,7824.7921067345305,8211.150605280489,8290.469724904779,8801.242481199293,9536.534600406594,9874.792407979876,10244.944208926832,10536.131140950909,10378.458970792792,11101.816396776847
Mexicaltzingo,13932.96990377117,12559.529486805033,11527.40494224901,10327.818174599388,8927.588386522593,8331.619630193309,6772.337018981476,5689.988184208203,4880.739627377937,3817.2304815621083,2752.724790482576,1860.2181268285754,0.0,1955.9765953134483,2997.5160240733144,4001.5320822695307,4690.319241133952,5257.788109807487,6047.934435195734,6969.628528210895,10258.482926720588,9969.82335578971,9659.04590551523,9489.424323733005,9413.064067357533,9019.631018755386,8328.026216501876,8959.568851923139,9686.055720632678,10439.228813090012,11301.698528344346,12463.499447172846,13205.531772400787,14636.552768424628,16168.810502928312,16757.867102713528,18045.23719205257,19674.27854558273,20417.20698471691,21270.54117884695,21992.27002909693,17060.534046571694,15368.4418907177,13446.968291272853,12365.741392151202,11277.946816272864,9677.538661188162,8881.462717921486,8087.450347508075,7653.531855629398,8337.86446246438,6947.282408252067,6533.254582810876,6000.242153400788,5703.314188833129,5683.7740747309235,5731.895512697001,5922.2113313625005,6412.417652376537,7152.528871930913,7936.0865163335575,8335.653519129492,6369.91072825784,5130.729849202195,3946.5992637430145,3119.3870927376106,1635.2085261522973,2357.1773000069857,2763.4704151997225,3572.7004510361444,4600.950639954903,5138.50584594679,5428.569237952891,6522.086561439811,7368.748448652654,7989.838339348623,8390.139139743675,8958.529670634072,6959.140395518881,7288.245427725278,7568.8108905018735,9332.026121622623,10441.613036765835,11004.168940364987,12051.88892918643,12996.988891025643,14247.254889055324,15159.686359417497,16549.307861482546,18168.03664890666,13954.330439021654,13733.37105542138,13918.693894770327,14483.671166435373,14985.336936380152,15023.724733988793,15083.6111001429,15657.741051030276,16161.852061843436,17001.347322237703,8237.755449503971,9235.442830442475,10729.717541243579,10533.668321231205,10826.727455604365,11199.136851588823,11685.749385809184,12467.560233229156,13554.004943951913,16055.999854526008,7071.091820843732,7869.129383220074,10121.27113237013,11888.118071826804,13004.730914587726,6493.875618820132,6143.242147854548,6186.674459055055,5574.166062559181,5029.456654287522,4494.205685409148,4763.806917102559,5457.290055865727,6959.321172513593,7406.400712922573,8079.658933687981,8745.03868079668,9156.799372602469,10973.553948134464,13253.33692757938,15234.493789576496,2316.7446730742654,2351.6465250104125,2358.1905666052007,3038.593289440752,3695.751302397061,4422.778654263343,4986.2537710306415,6559.431855786841,7446.12234830322,8328.63717621018,8732.135415239252,9591.527311460475,10113.503241575472,10668.130158910722,11345.288876685165,11881.67832216547,12604.169245599567,13963.281577968088,14895.082034372492,7372.812979802273,7363.240437830986,7439.7697983190565,7570.39760713751,7775.3524352159775,7500.121804094225,7752.2480047168565,8210.707404432149,8425.38202991136,8702.564482603915,8941.128682762204,8690.724746159965,9273.274228945655
Ermita,15686.441314814912,14326.258400853047,13268.989916731205,12037.94928987946,10592.86228975927,9973.467988526674,8460.128430499824,7300.840889603417,6374.094607783625,5243.540516239327,4271.826747705362,3799.7523874360836,1955.9765953134483,0.0,1042.239552344726,2159.5417524405007,2798.6753302680486,3356.212555328317,4136.6000860046115,5053.715838754164,9626.969123470608,9456.534077796483,9314.66614338303,9309.452267382803,9367.894711201387,9084.286215942515,8577.123001064516,9383.319273442743,10259.46338686261,11091.292296366504,12029.849547392763,13268.950681009117,14076.850387569539,15498.172744266185,17001.405937784642,17580.616821409123,18848.340266273677,20456.33395119041,21190.667672530868,22035.079803575078,22749.756997771678,19012.133991687024,17310.538367876405,15386.639761087325,14294.53121571856,13173.20019063029,11480.410390797904,10600.00447765797,9652.229635421483,9049.663203943763,9557.200045846394,8137.752124881247,7547.413920604745,6739.2333820093745,6160.157945557966,5818.9700558388595,5449.557383768737,5256.478838895595,5390.561989518215,5833.728902481843,6449.954101970894,6688.0541887808295,8319.92590977037,7086.150573839705,5899.460339119574,5066.786930028478,3423.149319621977,3860.546272970022,3994.4960128361176,4421.4983712556295,5185.484029784166,5375.925778162053,5435.579661627871,5918.835960566168,6835.2768371220955,7516.3494815216345,7943.705644070765,8545.63695394263,5007.609144248527,5449.476847192327,5816.50065727131,7768.496849892517,9017.117173957822,9665.897099223934,10801.214892661896,11897.526853126485,13178.969703908528,14150.035314364764,15541.578190427956,17177.994707270846,14093.0502837339,13715.499400232204,13795.829033018366,14218.043553480367,14541.718684656626,14472.855981446211,14438.661616506215,14881.924085273624,15249.805960190633,16006.84828513005,9088.913223124136,9977.956758659137,11190.026470411125,10832.014873055901,10956.357387307678,11208.417198272553,11496.308911549193,12171.911512965402,13201.034099685869,15613.12276010474,7187.991964898784,7979.769505721803,10223.502994289258,12012.822840609699,13161.734892176688,5190.607528374474,4547.786234135822,4377.135848104097,3679.0961332116008,3075.723149442225,2847.7127979863308,3344.186697409888,4272.892628981391,6094.471400906845,6667.534038167164,7420.208485414378,8153.273728038489,8602.674500972356,10543.957946958108,13031.7460839646,15180.487455665065,1791.422704431481,810.3408023056138,1118.052085334374,2245.7693632928967,3085.7121149687587,3938.053593640152,4571.183890142016,6265.579307508423,7204.646202651414,8105.552929664313,8399.075662222975,8889.512637285616,9303.27208223403,9759.40304446061,10395.91842196188,10901.229345346028,11569.660993749423,12694.25895684428,13517.68724505046,8492.235747737632,8277.347883081404,8185.576521975033,8132.351378763012,8138.515944650592,7475.663804703992,7379.889381552427,7414.52150928805,7423.06463572846,7532.934900449751,7671.177637776194,7249.543164638058,7499.466595646489
Eje Central,16656.901404092074,15303.355953823579,14237.565437580739,12996.3809494442,11537.617917042262,10911.38789589201,9420.325850062152,8240.665113226734,7282.644189547614,6146.778813933911,5220.382591217342,4841.157546682263,2997.5160240733144,1042.239552344726,0.0,1285.525910238392,1824.1621476559603,2361.113790985576,3126.0278289875055,4035.835016365834,9393.143281977116,9292.966258706021,9248.201297942718,9333.13795228806,9462.859210697372,9242.270240904767,8839.90054744047,9719.312521782522,10656.919228902387,11517.674063756247,12484.508448749497,13751.903478875296,14587.055300238864,15995.645183057966,17477.258817214883,18049.065955037666,19301.969646516547,20893.85355199215,21621.5792058066,22459.041616247105,23168.212699809497,20048.53479420934,18340.580518660438,16415.435308761535,15317.293325615614,14178.802081036018,12443.507074644047,11526.771347416367,10514.944124198924,9842.916194873866,10267.426174290997,8851.203576046919,8192.906573469247,7280.123426218,6589.179547024388,6105.431326051614,5533.977684576299,5128.607325889014,5029.075370787738,5252.670469100582,5736.391291094073,5856.3806412796275,9361.921965549214,8128.104025703379,6937.990310142052,6102.9278672340915,4423.281098077355,4777.42049917364,4823.836878420728,5094.518579914106,5711.773483964567,5732.999279937887,5674.81651383838,5797.229399100147,6720.886325244118,7416.497657438937,7848.387945435945,8455.745609414555,3975.6081630338813,4488.7924581827765,4918.43956717229,6982.65525865942,8309.578647874827,9006.563551959187,10185.63548094353,11363.715864158074,12654.193394550863,13653.198641169956,15038.329471498657,16677.523365026627,14229.837386680189,13772.511163941923,13796.033492709845,14137.747133889463,14361.585482303528,14233.82732514608,14147.352836240472,14514.121139778366,14802.642150184358,15508.925845349499,9635.78871404787,10461.367146128247,11519.852034385201,11083.960507129852,11119.53520203975,11305.159907992893,11483.168474429072,12093.493590603637,13081.368716414767,15426.303855004948,7416.915643085017,8184.768069919692,10382.37501443088,12161.135354231877,13315.820266636663,4729.2121398611,3874.678949982651,3506.1627177126934,2725.8396278673154,2042.4189807348782,2148.7063291437553,2814.8696487277507,3858.4029648245123,5805.906553847926,6436.873756640425,7215.05082169843,7969.8991995017395,8431.489309282999,10410.997346334392,12985.275048320009,15207.269011415294,2312.5163083749403,1121.3937123371122,1404.6237524224412,2392.4766045620863,3185.996561917918,4012.656359266825,4634.068048409672,6307.272314196008,7243.289315022201,8130.481857149435,8356.860834011646,8627.231776888611,8970.401050137623,9361.422261604937,9965.733133137195,10447.039584811855,11077.056263742541,12054.178498064262,12808.870849198696,9169.725637269537,8865.60621337738,8697.813482325071,8558.586860362182,8467.631711993705,7623.081374306021,7340.962663853121,7127.850374745346,7009.308284765238,7010.630728667686,7081.429845241833,6553.203842940825,6572.369705277443
Parque de los Venados,17844.32611206082,16482.51890729887,15427.423623226041,14197.451524963057,12751.635620185654,12131.09110221628,10619.654470583448,9458.304728367182,8521.28290537811,7387.4527358853575,6429.698532858239,5859.28439534106,4001.5320822695307,2159.5417524405007,1285.525910238392,0.0,723.0954733008232,1286.195031649081,2076.5299534300293,2995.0148508174534,8387.6709448183,8349.918535786419,8396.939571436285,8571.47981393508,8774.891685004462,8626.945665540452,8352.624773565072,9306.850629119841,10309.121011977557,11197.342586634777,12191.849689271408,13486.712454787343,14353.179920851897,15735.8785461248,17180.867775743965,17740.25597248484,18968.53329567595,20533.884148721507,21250.826148242326,22076.96226511446,22777.2059999732,20898.16577528535,19148.485009156764,17219.66786116293,16092.654301203716,14886.149551953287,13026.830193200276,12025.197141599274,10885.14242800575,10091.19059893448,10370.65633600864,8980.06557556677,8228.701682583649,7186.443433248995,6365.612580220012,5718.612448728426,4930.949749082906,4309.228596752559,3984.0469499178807,4037.711611273096,4461.151122177843,4574.966980474325,10340.46191079113,9077.87204870722,7848.423544039314,7002.847562561188,5213.045828425979,5367.377778933506,5255.517720814015,5271.022933498732,5652.119715025554,5450.079454569306,5248.272545859429,4959.3000426695935,5864.79643072842,6560.215825290772,6988.856243472548,7592.09371964783,3364.930796087382,3298.1143666863795,3662.699857854831,5697.149339713074,7031.685306319626,7740.277223915765,8932.432587863526,10143.823848521182,11436.20162967841,12447.573442698247,13827.332182120916,15465.937161892558,13544.004373720354,13005.956829644947,12972.67222977526,13236.50099714194,13372.065391413616,13197.0985165511,13071.077525685167,13383.241321187847,13622.144856033765,14299.991511439184,9502.699052699742,10229.106931121136,11077.489883315215,10552.844870520668,10486.720714987772,10598.29056030778,10662.1180467038,11205.376012033812,12149.807906855016,14427.473656933254,6919.30191236724,7641.709741263169,9752.848185826193,11502.330365781965,12654.552906170939,5369.990881926058,4279.306850346262,3558.5729050615287,2630.795072020041,1639.0638964476095,946.5083709963235,1724.3141205361471,2810.440779267524,4805.506637523531,5475.100248866129,6261.855712670274,7024.889476975963,7491.420752219586,9485.231065489641,12121.617195272407,14402.897942728554,3596.104144810267,2406.9121464142804,1803.587283040541,2222.5463095126215,2795.9040906469636,3494.322823075272,4054.277282046961,5627.0517577589935,6534.163188338024,7388.574898927786,7541.906403526367,7605.126732625525,7888.684255801595,8229.651336224508,8809.342846627496,9273.636567316742,9879.348154979103,10790.293728154933,11528.250359075548,9236.721463413385,8804.262376951961,8532.487675734748,8280.77178695319,8068.036146839946,7025.796518746131,6547.7499779240015,6103.688967068097,5885.435542868596,5814.339065540671,5848.209566608296,5280.618354707493,5340.251463766777
Zapata,18474.203251945168,17117.715889391136,16055.380643038625,14817.124534866876,13360.724053670676,12735.131183435531,11240.10396130239,10063.952208175218,9106.428944248166,7970.490928289216,7041.2989537231515,6550.449083789464,4690.319241133952,2798.6753302680486,1824.1621476559603,723.0954733008232,0.0,569.365431581095,1362.1489398624585,2283.813608956994,8455.229128727255,8473.87642879264,8593.908057889998,8830.617900907788,9079.94344900746,8976.131632212353,8772.028303611478,9756.231753651926,10782.767658388262,11679.350652695843,12682.288406223195,13985.029699014489,14862.268459532093,16231.614561801902,17658.593380041657,18211.704103874596,19427.28799391142,20978.560608447762,21689.668816005586,22509.59254118259,23204.88866771873,21619.19089644267,19871.08829427241,17942.288364418477,16815.70545842293,15608.409591569134,13741.929966099566,12731.78096729366,11573.936318650447,10757.920177770768,11001.990608594384,9622.03861503712,8848.869662176297,7773.487382421906,6914.802626435656,6210.345664933556,5330.911197482591,4589.258963780652,4078.8051479919263,3895.3374434401344,4146.382181269644,4110.992052689463,11044.47355084763,9785.963613528247,8561.02454322207,7715.934537139948,5933.298405320397,6088.338251904066,5964.900223884582,5941.562305837522,6261.776097848494,5987.420663672215,5729.420568969271,5210.36970192349,6085.995814009125,6771.597438859367,7192.722125776993,7786.6318661963505,2692.5822756663542,2664.8521429857074,3118.9095300855943,5275.851539993891,6682.342148501692,7433.163746896961,8657.240629643167,9934.467875900826,11226.049425369143,12255.86631577656,13623.51162922568,15258.149476392899,13828.089623793401,13239.481364228128,13166.597692973082,13370.476274283785,13430.605579878336,13211.497758258134,13045.230679586042,13294.104333747766,13466.420742436077,14098.699631101985,10064.33010998732,10751.03700472908,11504.199501481206,10936.997571806147,10814.728220890192,10880.723401288356,10867.179159587633,11357.43740558678,12262.869747652008,14474.533804052675,7345.767157552706,8038.197204977219,10086.676344774944,11810.283491907143,12956.607115300878,5221.434061814019,4027.9271233994923,3154.7395409430073,2213.4910968805843,1186.9928831415968,1124.1138344311075,1911.7198290003078,2951.644221679435,4923.964744266029,5616.167871998803,6398.448594307616,7159.348437674635,7625.347274612325,9615.903273647436,12288.767831926178,14606.01057688992,4061.402286711524,2911.973129649696,2526.6144108021253,2873.7750954596486,3355.8450637621854,3974.1460481869626,4486.914252272481,5970.456749691399,6847.0209810642755,7670.995038776245,7772.888571683199,7663.087452366703,7882.116445838289,8161.360097970267,8705.093560006893,9142.997505094743,9708.9231147069,10479.972837029536,11150.741385895553,9861.636810975859,9392.863324981547,9087.317342395712,8794.470274440926,8531.180231752054,7398.911449111128,6804.972180647663,6176.333170878001,5849.828591766062,5675.236359617412,5639.484249768896,4967.8169899132,4752.226376866881
Hospital 20 de Noviembre,19018.015185120348,17664.122192082115,16598.67208765339,15356.824958740066,13895.804286449991,13267.99828521419,11781.212225885894,10598.793112875954,9632.172374609321,8496.307116136317,7581.103865255739,7118.003021640157,5257.788109807487,3356.212555328317,2361.113790985576,1286.195031649081,569.365431581095,0.0,792.8025872589236,1714.485054395323,8438.996231103563,8502.095296720612,8679.472961711315,8964.757098047776,9249.986675925009,9182.323516955203,9036.38227619983,10042.39886099308,11086.929793446556,11988.915105751306,12997.490560311791,14305.349806265634,15191.057798327998,16547.36005581953,17957.367037432196,18504.569773244304,19708.223296078242,21246.272756568716,21951.907587170997,22765.999978746324,23456.65470652815,22184.295437953613,20433.18654602188,18504.344603245492,17375.40575465326,16161.311870289584,14279.353863273514,13256.677458878225,12077.202740474668,11237.707070121733,11446.347080654765,10078.192102932355,9285.53827142041,8182.606683127876,7294.127104275132,6545.571465509695,5599.785996951236,4774.400763066231,4130.459142796599,3763.0089640175615,3868.0864300944104,3711.0509963326954,11613.680029442687,10355.327979311096,9130.05971502044,8284.87974641174,6499.213574575989,6638.7310665873965,6496.816776934665,6431.4702915236985,6695.288093103939,6361.129784354969,6059.178992364974,5364.611713620715,6207.50334651213,6879.5991810715595,7291.755465021583,7874.535037641675,2254.3868308060937,2143.260675282394,2666.417827971342,4898.466862664614,6351.168937685919,7130.385956545055,8373.459657104666,9696.437991931267,10983.760921886014,12025.220114101377,13381.094094548236,15010.284909587306,13968.620005941413,13340.0169084461,13235.364451141671,13390.878800814617,13391.147867675683,13137.83245687397,12940.497945051167,13139.826967907373,13260.767241909585,13857.412623452892,10446.027195313063,11096.701528096239,11767.227188688248,11165.84724100988,10997.740199570811,11026.461519642759,10950.59293710269,11397.068208561768,12269.119720989804,14424.071539938308,7621.874069564504,8286.69750873352,10276.551101208637,11974.40091860954,13113.44790149122,5285.5718531360635,4026.274176824452,3034.5985170008394,2122.7066043449495,1178.9194791924272,1436.739719269505,2126.547731494764,3072.2661198996593,4978.818733161854,5679.66498650043,6450.5631515141595,7203.756455788435,7666.233431763325,9644.329353468513,12338.026943255574,14679.504578705188,4541.829878322138,3421.167388607069,3087.8847294369516,3361.888588774229,3770.2404665960075,4320.16088184827,4790.340217072299,6189.123355914823,7034.85138216684,7829.491749701158,7889.821464218074,7643.794508073154,7810.725882851542,8040.012729876475,8552.974414683986,8968.470633406007,9501.515219602621,10164.015661740485,10783.684321909848,10301.218522887382,9799.820401570947,9465.016622474874,9137.50993025367,8832.556009639624,7631.598209387976,6948.970078268276,6180.176648721163,5771.713427431901,5517.188927904612,5426.655657650691,4679.514728562816,4251.1968047209075
Insurgentes Sur,19775.201621734177,18424.972598979224,17355.51721225025,16109.143809229163,14642.428253945089,14011.941127566366,12536.367576241317,11346.423813292344,10368.920339899312,9234.128450289134,8336.88682828843,7908.090563569662,6047.934435195734,4136.6000860046115,3126.0278289875055,2076.5299534300293,1362.1489398624585,792.8025872589236,0.0,922.1023784296112,8488.716164247486,8612.588668599758,8866.580186473242,9215.066421687203,9546.240049825006,9526.386025190557,9456.480742278136,10486.367349739297,11550.713035037425,12457.30657227792,13470.957436109746,14783.075726095476,15678.487158943872,17015.80510716983,18401.657363504295,18940.39876312056,20126.89235975566,21645.791581269506,22343.465526751024,23149.046177768018,23832.910532076614,22972.462112496185,21217.758943131816,19288.924148352242,18157.17794261285,16934.870651848993,15034.174711180473,13996.373003548018,12790.845027518533,11923.106461958734,12087.469809061384,10736.025579002777,9920.974206028019,8787.405628879054,7866.305192541939,7068.65543486539,6050.741307007712,5134.56761804247,4335.94211255956,3727.2374556789923,3604.973913954506,3247.0399649878145,12406.059368262739,11148.101728756877,9922.681709019023,9077.43118337664,7288.863419476981,7411.721204610834,7249.526870950659,7137.032807420854,7334.785395447206,6931.697141798979,6579.348647076263,5675.959014479117,6464.897174379364,7111.647677940236,7507.869582592276,8070.722263831648,1765.563935463232,1482.5377743464228,2138.808149977012,4448.985621146949,5957.976232319179,6774.0350069607875,8036.855435950667,9420.52856985676,10695.856015896634,11750.616287431129,13085.35552489021,14702.865483492635,14208.105948629423,13526.976297103693,13379.29774512545,13467.859055425042,13384.945336081691,13084.42468740503,12843.841629793606,12972.013807522439,13018.706142650448,13562.120962551096,11010.4120186112,11613.757059249694,12175.618917551,11531.305236917146,11303.27552839202,11282.208752785475,11122.629046624617,11507.463157437685,12330.178953441336,14399.587579358664,8064.6311481227,8690.370979480584,10594.061353049672,12251.3222548359,13377.170299418807,5465.0515581364525,4147.758945931868,3033.496108611063,2236.419782080918,1556.800044556502,2067.98914935622,2615.6294331883896,3402.982067123006,5168.035409966779,5867.924824586913,6612.923690796728,7347.3686714582045,7800.719162807056,9747.762300132683,12458.110987098447,14826.0425034305,5236.777713810406,4153.352388472333,3874.3478791999705,4080.111862529888,4409.954240431563,4878.0716350061875,5292.76245323011,6571.352531175608,7369.59287642633,8119.612648194045,8124.627909140406,7695.867085391996,7788.441656062965,7944.742411905565,8409.480500506192,8789.699671544546,9271.631187054028,9769.922547746999,10310.20215141556,10938.22212268241,10397.385489970846,10027.012584211485,9657.151223997711,9300.827835388907,8019.191062611822,7227.641549593092,6280.574679221275,5764.233810774384,5398.856850870554,5228.426476197796,4379.017855350903,3592.772789511787
Mixcoac,20669.788623027896,19323.05062680044,18250.147400479178,16999.918877101078,15528.419630280574,14895.706923020678,13430.61332026255,12234.559799522642,11248.079259759796,10115.106090054704,9233.611535041322,8829.711624663723,6969.628528210895,5053.715838754164,4035.835016365834,2995.0148508174534,2283.813608956994,1714.485054395323,922.1023784296112,0.0,8598.044093783876,8789.875642505995,9127.682702167363,9543.60826858742,9923.145790427401,9956.054628290492,9969.527981998113,11019.948021269189,12101.572217797828,13010.121576647785,14026.420818140336,15340.052302458598,16244.483651408469,17557.88536038786,18914.01135618849,19442.28085025258,20607.45554603946,22102.412845645948,22790.095229125276,23584.957017355464,24260.2524764679,23884.514373880967,22124.631485722457,20195.913915030498,19060.406462963092,17827.561590525427,15904.405754786585,14849.296581208191,13614.855194763895,12716.536012960314,12831.71636690622,11501.199196004742,10663.854312307383,9501.380389005468,8550.429623848175,7707.352537241829,6626.13235016979,5633.0464651202265,4697.80082163655,3854.495164597837,3464.8152455202494,2853.6003261396245,13328.09176309333,12069.64717822465,10843.009872565284,9997.57405011189,8204.202321004042,8307.011190397447,8122.968111669641,7961.714803878816,8091.1143172429975,7620.02661498108,7219.2655445424125,6113.663254390829,6831.989326175791,7441.911887958844,7815.58169788712,8349.891406250714,1594.2043666482011,956.5021376662587,1750.5705882947527,4022.217651903844,5569.37972572724,6418.995447517823,7690.650254890112,9135.948580719923,10387.662213243115,11452.477143238137,12755.70943948879,14353.430148617625,14498.035463638036,13759.664847544322,13563.441118672836,13574.71867271762,13395.870248325526,13041.684037310393,12751.565605266138,12795.25320671263,12753.527381897118,13231.137374661173,11673.236751249027,12222.938316797867,12662.88583790394,11973.561178160859,11679.914535046888,11603.221577511515,11350.100950065464,11662.455785048029,12424.016610045246,14385.075166013705,8611.459097185198,9190.701896864948,10987.840268231983,12591.357131964578,13697.63275510149,5840.947146952384,4501.919025225601,3319.8002969777067,2707.712008700561,2302.0846283905316,2888.479188106796,3311.5665376641577,3925.5804387362846,5487.999506180228,6171.0025220214475,6874.127874294839,7576.801375523725,8014.107407330273,9906.769409342809,12619.137621168282,15007.665211971229,6090.362003302223,5039.169664923719,4787.247118705365,4930.55152039865,5187.674921344752,5574.285263825244,5929.770509627492,7069.232605701171,7807.732460434074,8501.686818151058,8445.967388927413,7817.267116541635,7823.0006949072085,7891.865914710209,8293.970894683125,8628.063802966852,9044.04419452737,9337.922191468624,9776.711110089682,11680.281691740154,11098.074899649479,10690.556371982371,10276.625909259239,9866.83227925746,8507.56419201581,7607.077430543809,6478.8226857407,5851.14257855639,5365.340594181369,5103.1262925683095,4153.533871940836,2882.6559022846454
Buenavista,22913.25984873996,21546.43689040086,20682.463011324427,19669.132687030124,18486.664052047014,17984.660188619087,16415.029207313713,15570.742546071608,14962.851618019527,13999.331638465841,12933.31425549128,11421.296221241048,10258.482926720588,9626.969123470608,9393.143281977116,8387.6709448183,8455.229128727255,8438.996231103563,8488.716164247486,8598.044093783876,0.0,662.3807046448931,1541.6979265213354,2345.954140633421,2993.417854175497,3528.868163477291,4410.283600441492,5217.578715203449,6134.978107422514,6839.417637444023,7686.126567741063,8820.582126311047,9704.629254343023,10679.790549510908,11705.504954059032,12128.570363201998,13097.014292217158,14396.861797031868,15010.894110368758,15731.37964915868,16350.69804579495,22722.082034769737,20803.808900255724,19050.092985029783,17851.928152830864,16341.12154591368,13994.941718550293,12685.870635379217,11082.444417971165,9836.443337344788,9112.504076417728,8521.749793359346,7658.091539785323,6637.557012493346,5884.843588406406,5175.284356288311,4596.06262154403,4389.397608577225,4403.921527155204,4769.251484682263,5241.286712684133,6192.49877878398,14477.30302800447,13312.118043335868,12193.962842765974,11573.510959580555,10068.21650352357,9341.18872190078,8684.441583855823,7677.327058624033,6690.93005458654,5724.023194103435,5157.670661464504,3750.424856728237,2892.238686325236,2322.959415396821,1993.5761498075703,1613.112442775124,10144.910580033824,7734.572532184485,7000.997485670399,5593.996102229225,4741.134944495447,4286.18976171609,4141.498136035458,3891.5956715501907,4764.01038991789,5379.650994780508,6677.896875536143,8195.219944887824,6224.551471229476,5311.84766562132,5010.601738165057,4982.51675322997,4984.524614170889,4848.232458230463,4833.315377956896,5429.830539714456,6098.35874009139,7077.926433198584,7164.321495276043,6876.9010827087,5921.723873767062,4974.104856761095,4193.957883729228,3725.0127783072135,2982.9541141390287,3085.2083734757607,3841.463670388721,6040.924753697922,4310.67721598455,3959.042592789091,3815.616098139408,4704.824791268894,5603.507889126588,13676.645175791842,12457.998534062139,11458.461277204411,10561.232407559477,9589.575092938387,7455.513901990162,6663.5374047808355,5578.151069039736,3591.1561264942065,2964.1010580767784,2209.030133908523,1514.0470205694917,1137.1993734666098,1378.9179660674506,4041.920714039861,6441.319859930045,11418.361969195175,10318.120424086184,8518.443122635772,7435.150737488328,6638.621752652095,5846.297606943687,5272.672933324742,3827.8087409528175,3159.705130956594,2598.4337807008346,2006.7793422679867,795.3451240447922,993.4810694208157,1577.0860062199101,2068.581226372356,2541.15875784513,3296.6593634528763,5489.044502149964,6829.725853402039,8278.06161601271,7307.694902711282,6568.127823019854,5787.594493564213,4954.76158433308,3671.766008815382,2670.0315607912144,2284.866348031847,2746.909410602313,3338.424405633284,3784.1947760168746,4818.922977617693,7320.73131664004
Guerrero,22414.23215890354,21052.122712904522,20203.362821425435,19208.655863064596,18050.485131541704,17559.956545680532,15997.348509908503,15183.564664822447,14607.4259887702,13668.496431420534,12607.52852813987,11052.698668295938,9969.82335578971,9456.534077796483,9292.966258706021,8349.918535786419,8473.87642879264,8502.095296720612,8612.588668599758,8789.875642505995,662.3807046448931,0.0,879.3813429926478,1684.1657031155396,2332.11646097741,2867.33364043279,3760.164581967795,4555.517700292908,5474.963293430176,6187.411292428602,7045.544438756591,8195.952467458112,9086.257014814582,10089.63782887973,11149.894611178966,11585.939216872619,12581.58483377668,13912.766928386198,14539.92390230633,15274.502528716766,15905.024570794118,22091.72465793752,20173.044075563885,18428.256521921005,17231.863197564813,15718.113493252999,13369.387835709693,12059.576526754194,10455.085923971608,9207.898747167683,8465.514036449102,7903.943402230181,7052.94588525814,6065.399288649111,5357.486728345486,4707.283474221357,4251.501299953107,4200.632749144965,4395.188185825138,4935.958325451065,5524.339753782999,6518.111187534355,13975.632334818845,12828.86568835507,11733.22421727504,11137.357218173063,9687.135703039008,8927.553504550508,8261.95726398059,7237.228999478821,6216.932519647293,5270.638056200115,4738.346654146805,3538.122353699497,2629.6616332070766,1980.2741326650928,1586.4636972691324,1082.0096513483547,10307.1082916381,7960.20007473731,7254.605703474257,6015.669829847322,5275.083725249297,4875.355046696988,4791.577910150615,4545.491243085733,5381.359249671066,5948.718780310472,7215.558103835524,8697.525931024404,5829.738403281953,4991.657213181822,4775.008121935599,4896.62518881729,5085.319597796553,5056.407142493718,5133.179475792178,5835.331936567416,6589.6623181406185,7600.540039438547,6512.165991400346,6214.620331952969,5286.582265524648,4344.106408538519,3597.719121290495,3184.4767924075077,2597.0078687492614,2897.2026134037155,3799.9476117988606,6156.598046997077,3745.569744227971,3339.96907176514,3179.377269150762,4185.75636474289,5146.997725682207,13686.24913649767,12497.275501353415,11535.026606857722,10622.297133843222,9630.800231247546,7434.790425277491,6630.354232670721,5546.637163092767,3553.0253723218766,2874.8562795329726,2088.2489871208677,1326.089707284603,861.6368616238489,1142.7004244228324,3845.5769843271264,6220.765051962961,11243.902393719032,10173.736060140514,8340.45097004029,7233.885285958421,6416.193321578153,5595.91818673914,4995.721017346918,3446.015021514798,2683.788221903316,2021.237735395233,1439.5296465793122,1072.2496185288232,1566.3589778476605,2219.7699277557363,2730.9330078764015,3199.7093316839937,3947.563070906575,6149.647613833909,7491.554932184356,7647.659214171108,6675.715679725898,5934.722618574876,5153.31708379276,4320.055542532195,3105.804260237974,2251.5707242163558,2332.2297728335247,2983.7509563746994,3678.1182229151377,4171.486375355264,5183.076251939586,7705.957145320004
Garibaldi y Lagunilla,21776.395282192017,20421.951861912556,19595.601731861083,18628.409265160004,17506.198313157496,17032.660860613487,15482.51247341201,14713.76402767754,14184.002029990408,13282.376585696242,12231.953654298597,10621.88231403439,9659.04590551523,9314.66614338303,9248.201297942718,8396.939571436285,8593.908057889998,8679.472961711315,8866.580186473242,9127.682702167363,1541.6979265213354,879.3813429926478,0.0,805.696445078606,1454.245165153607,1991.4684166575453,2910.165769155925,3677.590771933359,4598.226931441723,5322.441333863996,6197.453921832223,7370.812779213976,8269.392838307467,9313.102461430002,10422.011585447248,10876.046328612247,11908.912624620381,13282.193290819323,13926.759183507065,14679.883336828185,15325.051035260323,21263.258334978,19344.288847854164,17613.35573502674,16420.00302035943,14902.319931877528,12550.697508592008,11240.457595082471,9635.412176311262,8387.45123421721,7614.825224322748,7103.082048768193,6275.331058622233,5347.969753792102,4722.150347081231,4181.872132535388,3937.826083920347,4120.881760771926,4551.2096252137535,5293.27897878319,6006.3523876094705,7036.634773237356,13342.708087575298,12225.245648908382,11165.542745435288,10607.776813984081,9244.72206583189,8441.411966449807,7766.8150509053185,6723.156103803699,5659.550606185709,4759.011481475231,4292.237428249677,3454.191019560945,2535.3011379997993,1838.124943835344,1408.153232382546,807.3028094230123,10597.950073078639,8346.245850785952,7680.954273010238,6647.328851341235,6031.339578695473,5688.338807974672,5661.359325536753,5414.663248058455,6210.393286021323,6723.563286292442,7950.104896641917,9385.502725166627,5372.8683347855,4663.40768081935,4576.941132426323,4903.872406913231,5329.405383601555,5432.115784840523,5615.031700086877,6428.551132396772,7274.347261437123,8316.280145607128,5653.632509138754,5335.928655852746,4450.028685609932,3519.675033690033,2842.160664452983,2544.5328046954937,2273.4543577025433,2857.302102593906,3905.2670736112295,6398.277182373704,3067.5313842934174,2560.2798594858555,2350.5875637086165,3558.285899397717,4605.096593235549,13764.485485151612,12619.116017990114,11709.79326208571,10781.813894316221,9770.894259302255,7514.1920276937835,6704.2207588720885,5642.27147142773,3705.8255049069758,3003.652873235031,2257.2470788719265,1564.777090135691,1181.0046053812518,1354.245421644239,3737.229781405256,6012.777455522554,11085.443950147166,10062.658925968666,8197.472531300442,7070.505921074942,6234.404051325807,5388.7400642636,4763.28160172309,3104.8899548543704,2220.893162576911,1392.131920962506,928.0694407246649,1793.7573757381037,2403.302027734166,3088.168613508382,3610.2791297366302,4074.5902461451315,4814.175144690366,7026.075082614308,8369.640364153767,6826.061841236214,5853.056866489448,5111.142053741308,4330.3464938311345,3499.634180742309,2442.7160523438397,1937.2076843349842,2675.650339064417,3485.1384647855066,4259.716611260006,4790.728674608615,5761.050783535213,8283.664250623076
Lagunilla,21246.456091485186,19901.058434216106,19098.57008990808,18160.65972922607,17076.61466707912,16621.054527485507,15086.433688858438,14364.879054063877,13882.881376566487,13021.039563320883,11984.92142203674,10326.905335979194,9489.424323733005,9309.452267382803,9333.13795228806,8571.47981393508,8830.617900907788,8964.757098047776,9215.066421687203,9543.60826858742,2345.954140633421,1684.1657031155396,805.696445078606,0.0,648.6120247197701,1205.8604220742013,2175.2354894689242,2880.573368932602,3792.7030559248365,4524.71896002485,5414.0031026245915,6607.348873742048,7512.487735534717,8592.620011184883,9745.670135280572,10215.879148156657,11281.903539236524,12692.147600645956,13351.838637581342,14120.964395996414,14778.697897959508,20528.419041427715,18609.603713302247,16895.373417940184,15706.085091232964,14184.642709070144,11831.204714351416,10521.638357553267,8917.832944581016,7670.928396738249,6859.406694599302,6414.861825034502,5620.500149386571,4777.02669562253,4262.436724264508,3866.5889977236684,3862.3238991171697,4262.405829729733,4879.589729985892,5762.843199495572,6559.234035041648,7607.580412617639,12828.950671916322,11745.31735505555,10726.979397614901,10211.412903792198,8945.977631324582,8103.127174792015,7424.637565807927,6371.450841079159,5274.51994461051,4443.421256686727,4062.8962404840436,3621.771139742909,2758.0190492715847,2105.485840067903,1731.9092975259075,1271.8560326431004,10967.065821088618,8806.069567621875,8177.180155337364,7302.176467392563,6771.65720773993,6463.557084476868,6465.3230747319685,6205.58256907757,6964.646824208539,7431.162510784676,8619.928752822614,10011.030898569607,5003.864756321975,4442.187356481805,4486.648531220813,4995.136443363212,5617.293838995878,5827.990169661391,6094.61079540851,6989.608852448241,7905.063117197692,8968.949717235791,4889.80215213104,4535.8210629228115,3681.5537182772478,2770.019123301342,2193.755893248931,2067.1467194591655,2201.7743493026737,3001.5170539825617,4116.5636666816345,6665.5413871519695,2602.0657177651774,1961.7605968715707,1610.7628158017926,3047.8356941816596,4162.454167741161,13936.638089503718,12834.104799836889,11974.8326625959,11038.134862905024,10016.294297076174,7726.095024447538,6921.439637905493,5895.561428827001,4059.505965282358,3372.708658118119,2710.010090491318,2139.168063152971,1854.2898636866105,1884.864783703191,3765.0401295748106,5878.325209475381,11053.159206067798,10080.765547791043,8201.042748229698,7067.926855916674,6227.058880343631,5373.863561106772,4740.072609251743,3044.7967373557167,2104.865594375279,1205.4862506989982,1097.8203745977728,2558.6832901995776,3198.8092949053434,3892.385507216641,4414.189323733593,4872.161204259131,5603.1791126010785,7824.435433757925,9170.290540114365,6111.699037061026,5140.602694132094,4400.8836325977,3626.183135715574,2808.3404698748877,2037.2170017801166,2026.7941970697602,3213.7531808463937,4092.278240505822,4902.625736614044,5451.309468859453,6384.722874591744,8891.485994404527
Tepito,20842.227269562543,19505.482062672505,18724.03262591876,17811.98242498714,16761.635206726172,16321.928078421024,14802.77851824318,14122.542847222752,13681.806757965638,12855.3710268395,11834.139615656883,10141.576102291227,9413.064067357533,9367.894711201387,9462.859210697372,8774.891685004462,9079.94344900746,9249.986675925009,9546.240049825006,9923.145790427401,2993.417854175497,2332.11646097741,1454.245165153607,648.6120247197701,0.0,619.5849361458737,1640.6338422571375,2246.185702621892,3144.0973507507756,3882.891126493654,4785.354029566027,5996.358411396099,6906.5309161781815,8018.424541153406,9209.182862850806,9692.926442172724,10786.266344557447,12226.315118115952,12898.026886455455,13679.757957850261,14347.319479114894,19946.163557345455,18027.935616368082,16329.265139760686,15144.142138047247,13620.059372547652,11266.509081402968,9958.75161956812,8358.09149331358,7114.378802612936,6265.386534777523,5889.898139483734,5132.980432062813,4381.433581817176,3984.5391502487923,3733.761081467089,3934.5584702975716,4490.685280382402,5229.78995410967,6200.103041193564,7047.665682142978,8103.937608060563,12447.81182120354,11396.067385021388,10416.656893134275,9939.552523683236,8763.851926935353,7891.873079944599,7214.684469861597,6162.373894282864,5048.9415541543185,4295.614612686172,4000.632236375506,3885.6866807498154,3091.919873554209,2503.846267116053,2189.702556461607,1832.2938706271616,11307.51285428209,9220.061795276231,8619.468011792302,7855.969760560375,7381.659646512444,7095.304698292055,7113.400181946316,6842.735723581534,7575.728662103614,8009.043511667361,9168.853478270019,10525.25688972864,4773.669557788383,4353.012339221412,4506.138971405043,5148.047649122869,5908.434900542176,6194.952912516732,6518.682085196344,7465.942963112369,8427.593090542048,9504.862399137095,4290.9170502098395,3895.3236282525672,3072.089675723953,2189.3428056298667,1758.2979549858721,1843.839666386979,2340.8168753266127,3250.0556964912644,4377.190793738882,6930.595148437951,2376.04588237408,1627.7283551901655,1077.1023099848048,2730.6706911640094,3880.2978673034045,14118.808883198784,13052.218747951523,12233.745703403367,11293.226402933638,10266.789684982301,7963.281753945484,7168.769325114171,6179.488584163578,4440.478732933852,3779.007998055671,3185.419185472066,2694.904435236446,2458.8695407919467,2418.79255180743,3898.1915636539125,5836.8348541456135,11081.938343283722,10153.992537406428,8273.25886522219,7144.317670572719,6308.499411357947,5461.0773164588,4832.099024004121,3160.7818695355186,2240.7299345633214,1426.672721799856,1564.3913333539824,3191.5707510404095,3843.60292071117,4540.6529312409875,5061.037570003291,5514.454891940318,6239.300295333304,8466.611351379754,9814.119715513973,5561.4519209465825,4596.414542039889,3863.6252405304954,3103.1701470315847,2315.0009875426167,1917.715244945121,2320.3182828102154,3724.922199626518,4631.756930345572,5457.760694572002,6014.713362173,6920.860869091499,9409.644846934912
Morelos,20247.531704590634,18914.107535412604,18140.970081296913,17240.208579676895,16206.170925373275,15774.710272405808,14264.599086854336,13608.255134067356,13193.19634691523,12390.821511234073,11381.194531774661,9668.347671779078,9019.631018755386,9084.286215942515,9242.270240904767,8626.945665540452,8976.131632212353,9182.323516955203,9526.386025190557,9956.054628290492,3528.868163477291,2867.33364043279,1991.4684166575453,1205.8604220742013,619.5849361458737,0.0,1023.9444764487631,1690.1998817274477,2670.564754652882,3472.9181287025326,4424.156792793632,5679.97128051838,6598.403692088592,7775.485263170708,9030.67769089161,9535.207501463468,10667.776975285205,12147.28479746509,12834.107218243324,13631.23721964431,14310.521477921304,19335.414134457606,17416.91754141622,15713.596894758131,14527.55360928697,13003.95176569715,10650.299867352656,9342.077867645223,7740.695459977096,6496.342243583392,5658.992896033932,5270.615106127156,4519.442659659608,3803.513634773198,3479.2188122046787,3341.4441220085314,3715.6691216081213,4408.5762864427115,5262.438559140249,6322.029780026471,7228.069544796754,8289.42970327673,11864.152452902365,10827.105581851236,9868.011417314692,9412.807405292548,8296.076050769147,7407.249561874442,6733.324773139317,5686.50366314741,4569.179915882722,3881.6237868711764,3661.4797403493226,3852.697585606603,3155.5415715092445,2661.0178835647484,2426.811774460572,2202.5463517239873,11291.860564694685,9296.12846881476,8732.59975786859,8125.752236717233,7752.972386399478,7519.614304150949,7609.292816280806,7405.373969062279,8169.2399906241635,8619.616549742323,9786.233109907991,11144.829361059523,5008.769204374973,4714.082284237811,4941.772895271195,5656.711485266514,6477.762551215986,6790.040119201,7128.072457190167,8083.403051667183,9047.074669060179,10123.692152090262,3686.854750794516,3351.0895276767174,2794.346213074801,2019.475858545377,1877.8151918854035,2180.756750337582,2877.2080291260163,3816.6635433111037,4940.400451568054,7486.468511725495,1948.6676289097386,1152.452754698157,1141.2962534810645,2928.8788674814887,4080.179474531152,13934.514960781835,12904.78221708455,12129.061577855242,11187.187297347866,10159.393187194353,7853.055310172292,7073.998392361631,6130.652313684074,4519.18483751084,3899.555950475409,3400.6449776124923,3023.8264054452043,2864.273369875489,3035.5546070789965,4406.758645481634,6217.893749884001,10767.682718884178,9880.402657199535,8006.471466746469,6887.868512627966,6063.112982861652,5229.7420954593945,4613.866348443323,3006.45781994808,2156.8300430668637,1522.5930991422583,1860.171407289584,3639.7456354396413,4325.505582854432,5044.434101852073,5595.382623921361,6065.848287754628,6804.090520802443,9016.812503627176,10358.584788616407,4942.474678546637,3976.9352355819124,3244.0798827352223,2485.0923150286253,1706.642103034929,1619.2597776608118,2382.9865194364797,3971.1158473737896,4902.275836674037,5743.170532452929,6308.905099737795,7168.273303876526,9620.577638374192
San Lázaro,19238.435090196454,17908.67826858228,17145.15772101844,16258.538146133336,15246.442750656022,14826.577498771736,13330.26876125722,12709.665606797917,12334.20583381103,11570.824621056623,10582.095147704058,8841.901489706073,8328.026216501876,8577.123001064516,8839.90054744047,8352.624773565072,8772.028303611478,9036.38227619983,9456.480742278136,9969.527981998113,4410.283600441492,3760.164581967795,2910.165769155925,2175.2354894689242,1640.6338422571375,1023.9444764487631,0.0,1076.925169002072,2181.8062773967476,3079.0395962889243,4090.143023573419,5397.699208849532,6313.17063741314,7593.374951825392,8948.466450355352,9484.172971846854,10674.446478344313,12210.611835021899,12918.833582258165,13737.582158225558,14433.230399488108,18357.88559319332,16438.93298853237,14720.28958058836,13530.850934600801,12009.492464343699,9656.12405718401,8346.470310348373,6742.597789058048,5495.7427332025845,4706.142350441812,4251.754603354321,3495.965447049658,2831.5939583712816,2656.7316113282704,2758.2474904686137,3441.666195764984,4337.521241138826,5350.188003449874,6528.10415013915,7512.663994699072,8568.822328138192,10869.261522405719,9852.127924824392,8923.149441532938,8502.028008685314,7484.2918455462195,6572.094231737476,5908.079981390413,4880.341265746986,3771.8449513759647,3230.0676781645257,3165.8272712482376,3890.8708811889373,3393.193617620595,3077.341906140858,2972.2269880780877,2929.1138569635145,11215.088141421209,9386.601716104715,8889.487286250449,8542.784199707492,8336.0434075571,8189.193411358577,8393.52271885448,8301.858617771115,9120.159855630689,9606.03924213633,10790.902913531918,12162.432551578384,5627.47205017858,5494.583056181435,5804.226266880894,6592.566477040138,7471.071079428527,7804.429266656092,8150.847236899539,9106.511343408147,10061.997837136652,11134.168546287054,2754.623373994511,2621.2612481183833,2732.4787209667325,2254.922921029808,2521.316140985988,3012.558972551294,3856.399987498443,4813.425221669349,5931.114444662559,8465.6011009227,1433.888735443608,788.2706234372619,1865.3069935714134,3572.583246871101,4677.160193198337,13565.32860161482,12600.816146416904,11899.803857243052,10961.337072692195,9938.670324219998,7651.342950968483,6909.852314394072,6061.628952414417,4706.2164196304275,4178.943399739371,3846.8421010911143,3647.4840169380086,3594.662666987347,4043.0067100247397,5349.517216693926,7004.476238922487,10198.202382946434,9384.126475778607,7537.942038485959,6451.479192979361,5660.416364766325,4871.637636561805,4298.934815964942,2900.3829063747216,2277.0858481814894,2025.8296554770477,2535.6429082796485,4399.98911379146,5119.050421619866,5860.725870906853,6453.875476770553,6948.825901680075,7706.282958351575,9887.058064179335,11215.597190093731,3936.9938778592423,2966.9078680764314,2229.1881084994893,1462.8737022717644,695.3498802214195,1478.7819758428705,2694.4053157010626,4435.634704570648,5373.068451742564,6218.01237507043,6787.616442774703,7560.764513995647,9928.744506762496
Ricardo Flores Magón,19135.61961780163,17830.497292377753,17117.954584063555,16292.76015218318,15358.40363948745,14974.160391863597,13521.033635852275,12987.806784119666,12693.483186906627,12002.03563666847,11052.445910427818,9282.413253602208,8959.568851923139,9383.319273442743,9719.312521782522,9306.850629119841,9756.231753651926,10042.39886099308,10486.367349739297,11019.948021269189,5217.578715203449,4555.517700292908,3677.590771933359,2880.573368932602,2246.185702621892,1690.1998817274477,1076.925169002072,0.0,1104.8860986821865,2004.4411588267099,3018.1801949952555,4328.798395552997,5241.887653586054,6537.984950871207,7917.420428931149,8462.22515452927,9671.086240275778,11227.577139977657,11944.003590772265,12771.311445505384,13473.631373960903,17763.878211109735,15848.137748454737,14185.20341229048,13011.742797684892,11484.320954485653,9136.956281720355,7839.279300576775,6257.448912470128,5036.355227001367,4085.3667485228157,3948.5370895907745,3378.720375689184,3103.379244645111,3269.640839954042,3616.504038724307,4443.869821194031,5387.47569164368,6421.002679903559,7604.874096532096,8588.444158041488,9645.131969132184,10870.081594686266,9940.238534093236,9113.603852534647,8782.643553859003,7963.385105656349,7026.268576496278,6390.657012024309,5416.783947918132,4358.876405698245,4009.0333793626296,4066.885497452672,4960.783859943441,4467.113920629923,4123.425447313035,3980.8103220343173,3855.380137037552,12239.496946756928,10451.860841061603,9962.740477226667,9604.849946709033,9352.049793465092,9165.537043098919,9294.403758581511,9085.992637102758,9815.0285851073,10214.908254038137,11331.66735041341,12625.668252984715,5148.289502572661,5231.782665742177,5666.077091919752,6587.349588992334,7622.980400860369,8057.885501755971,8485.499003230481,9516.599482262116,10551.18997407696,11646.049127900109,2122.95895547559,1661.015299657202,1806.8255442178533,1650.1117374674295,2300.262592604771,2973.1215211558633,4048.707676334061,5029.3893610031455,6097.3950745242555,8554.92853297359,2422.8134500266888,1863.5439718446419,1891.8516926974507,3225.277334182637,4207.556858726053,14448.036932044375,13524.653096106427,12863.471406293986,11928.966530996773,10911.63195538425,8641.281692762945,7917.674619564221,7102.389921815079,5783.122866277794,5251.752022670149,4891.770330320115,4632.1313313237315,4523.846533949378,4617.8211856325315,5389.70015337984,6713.882891186585,10941.118555322058,10193.572038827615,8381.404124822247,7327.31288378043,6566.320040018061,5812.81089063309,5269.560522674326,3957.040418350179,3353.1840535835436,3030.8213457287447,3484.0817543901426,5313.448105276401,6009.5052234302375,6732.897768367483,7284.988612855766,7751.546427343381,8483.263863431235,10703.472287372486,12047.026339546279,3536.4282526642196,2637.3976265784963,2000.2598698772117,1465.6391039456912,1251.7029622043947,2552.9213648855393,3756.2263929211326,5479.118494067998,6418.379269802761,7264.445923519304,7834.20479842684,8625.89250927988,11004.102711749498
Romero Rubio,19088.065513912967,17812.9790579238,17155.667663767505,16396.763624075273,15545.510429710152,15198.977217035765,13797.0798099651,13353.260273941312,13139.596586130698,12521.429894863439,11615.302586841819,9832.954521708274,9686.055720632678,10259.46338686261,10656.919228902387,10309.121011977557,10782.767658388262,11086.929793446556,11550.713035037425,12101.572217797828,6134.978107422514,5474.963293430176,4598.226931441723,3792.7030559248365,3144.0973507507756,2670.564754652882,2181.8062773967476,1104.8860986821865,0.0,908.5638327685855,1924.9966286320234,3238.5499584686672,4146.512843549599,5465.158802008523,6875.92350214573,7431.709991180157,8662.084500157447,10240.887121240248,10966.023248866777,11802.234244242154,12511.385733177298,17199.132879706583,15293.019916087414,13698.313298401119,12548.712042348316,11024.740794746478,8706.717115167192,7441.456175401658,5919.542905059527,4771.460737216478,3669.8722040424313,3926.029892971643,3601.0482220826884,3697.2712290755903,4099.408112597156,4591.838100816928,5500.284954305822,6473.113181084029,7521.032846099721,8709.567087033149,9692.591457065502,10749.640763938172,10976.564881918777,10144.706132434101,9429.156538419466,9189.286189528093,8564.687546707159,7619.535253107508,7020.576801106026,6113.7061621418725,5125.951479289191,4923.92065235192,5061.415555432828,6060.659007250483,5570.361658874743,5210.506988432205,5046.147282177271,4872.176124149129,13297.836498501116,11546.423278435714,11064.260112077058,10698.232681807747,10408.496138129352,10190.005596658055,10256.24677871314,9950.397293539327,10597.766547446086,10918.504429502316,11965.836263733847,13179.702910259793,4864.49770694811,5190.284603066223,5739.587176686353,6767.226947810178,7933.685152479445,8457.990891335041,8955.489839419608,10044.545557779486,11143.179877579541,12251.49479430925,1933.5007257011125,970.5572427393366,1172.6194384571247,1650.782461305056,2574.898274085471,3322.0051819598434,4516.4992852314535,5470.975177114362,6457.308605022582,8788.476302084335,3490.9474772689928,2967.867297530602,2471.654165553946,3228.137579795486,3983.855920226656,15376.931943162917,14492.259127497755,13867.597630968983,12937.837801784373,11926.660512818898,9674.680666054783,8966.991599969295,8178.926291648468,6887.9662430872895,6354.158408227803,5976.469987862061,5678.652229989268,5534.838097817472,5373.717740971163,5652.672984247539,6592.3575891675555,11754.098142073743,11068.7392849007,9294.50174632127,8273.059902507362,7540.543350921077,6818.4971756492805,6299.834761306927,5049.4198811432925,4457.744043282983,4101.060935351537,4518.877150463142,6306.397925245123,6980.0364574387695,7684.15418597186,8199.864677914979,8640.015502696928,9345.304869005651,11588.142468061269,12940.421332074955,3437.037470530049,2728.947402455694,2323.665468194661,2134.0517052402765,2254.3738406025864,3656.4653422625997,4853.0489701813485,6561.806529459052,7501.014389339029,8347.005330363469,8916.381439261242,9721.9477352674,12107.881518461423
Oceanía,19267.94310489406,18020.187214067075,17408.381652179065,16703.190454951902,15917.628849359178,15600.255804168808,14240.759502993758,13862.16476655786,13704.795101215734,13137.593250029842,12262.751754087618,10480.349821614922,10439.228813090012,11091.292296366504,11517.674063756247,11197.342586634777,11679.350652695843,11988.915105751306,12457.30657227792,13010.121576647785,6839.417637444023,6187.411292428602,5322.441333863996,4524.71896002485,3882.891126493654,3472.9181287025326,3079.0395962889243,2004.4411588267099,908.5638327685855,0.0,1016.4811744806879,2329.9876295557046,3238.9966593273775,4559.609143738831,5983.5259051808725,6544.736033850731,7786.219269234953,9376.842114758318,10106.62658146356,10947.581477297648,11660.372206950424,16936.22958616318,15044.93328260647,13519.904812210378,12397.84812432718,10886.422578404517,8616.048998982069,7397.2787431445695,5959.245008153758,4909.695378608733,3728.1150167075016,4291.923525073438,4146.236115843778,4440.068920489597,4937.620975231611,5478.7978514178685,6406.589648495471,7381.520388349835,8425.254598146594,9605.883974945973,10580.270694528572,11638.913205370402,11309.48720531978,10555.909355715641,9924.293610336837,9747.820273260259,9250.208493707802,8306.664291681158,7733.517817336145,6870.7434842525,5926.720145276018,5788.708216083687,5952.967045003393,6964.952146506268,6456.694027397302,6072.018743984614,5884.920102022978,5668.6287198928385,14203.038075473147,12453.468673632791,11967.171455720185,11562.344254585729,11225.544198268864,10973.436535289185,10978.920361263132,10586.6007408236,11160.428999999462,11412.151526561503,12395.561449141609,13536.232030683535,4639.855893866069,5159.6967843791235,5786.691564793401,6876.854111348007,8130.199352536653,8720.478041397188,9269.610188251869,10396.960685849313,11541.67606716371,12655.596018433218,2364.2130024905755,1267.3858221140288,1127.5338855381488,2000.9770296184342,2955.095251235783,3689.2426363524705,4911.604685067532,5817.480381923426,6717.597591042351,8911.446695230297,4399.298539764928,3866.985355713454,3057.1396969032803,3339.9180357520195,3851.9583560645888,16229.722234973768,15363.868385908281,14754.979722026947,13827.376071664983,12818.849733294737,10573.821712286524,9870.70905148671,9087.307981851915,7783.244528281746,7237.753973380232,6833.405001004061,6496.680054735508,6321.752240806419,5961.78011092331,5854.575376309197,6457.639487856044,12550.111136396823,11898.742522620067,10145.822306834982,9140.583326716329,8420.686360728989,7710.755920940507,7199.9073777435615,5956.733718904325,5349.504172569566,4949.011902534896,5333.059650112352,7073.002020808773,7723.317904317316,8406.890817486632,8888.261220454306,9303.290337659462,9982.21410727639,12236.41390661028,13592.98823827786,3773.929402306554,3248.678061487922,3004.3908181013617,2962.569083835201,3157.8781471352395,4556.959733146937,5728.132076569871,7415.169410823128,8352.7948874625,9197.589023119257,9765.835057833074,10591.007392592512,12993.615924980999
Deportivo Oceanía,19503.482911412517,18288.968320480344,17728.527331440266,17083.615218532068,16371.034454909808,16085.758164065783,14775.618264047673,14466.671777262272,14368.288327909126,13855.225237259263,13014.779498709688,11238.334150020364,11301.698528344346,12029.849547392763,12484.508448749497,12191.849689271408,12682.288406223195,12997.490560311791,13470.957436109746,14026.420818140336,7686.126567741063,7045.544438756591,6197.453921832223,5414.0031026245915,4785.354029566027,4424.156792793632,4090.143023573419,3018.1801949952555,1924.9966286320234,1016.4811744806879,0.0,1313.6374956009456,2223.708639300201,3550.1105925269603,4995.6504346235615,5564.7166824572805,6821.207488893421,8426.580795561307,9161.901248501252,10008.353831753924,10725.277973943259,16681.78079433221,14814.385749432722,13376.369967528623,12292.205104248938,10805.932902112572,8613.217273569624,7465.222035058187,6150.288620303423,5236.540115115902,4028.8665603959944,4861.386642070974,4876.888632114779,5325.911040396025,5895.806950303647,6475.701949563985,7420.296091689751,8397.997026413683,9438.96418297658,10613.077021870471,11579.827328300136,12639.590943457746,11741.46768363961,11074.292418157554,10532.522614986994,10420.818737653497,10050.679796069882,9113.129779968363,8567.334399213167,7749.6172794572585,6848.975254909906,6766.243436724356,6953.354856862366,7978.854935847072,7457.115616839387,7053.446751489052,6848.801826741382,6599.579714600846,15215.01667539522,13469.14173166777,12979.595236066983,12540.41070018308,12160.574535250182,11877.505464233333,11825.655355055815,11351.668719951564,11851.308954652468,12033.114148280449,12947.093151001185,14007.000363743758,4607.475997372979,5326.700733617846,6017.930393325201,7149.555113979216,8474.327905477787,9126.044355278465,9722.814388920955,10880.437554084632,12065.386437219791,13179.603155006678,3092.4955858704493,2068.370309462938,1772.7005367385814,2727.3205575280667,3621.154664799834,4305.730213692933,5510.86707419137,6350.241758510639,7148.481729651816,9168.327255186781,5415.3169695619845,4878.4111473058565,3870.9342354648975,3745.1593908751524,3968.532662437708,17185.911828450495,16339.963505087422,15747.717672461586,14822.561958151075,13817.005815164843,11579.600499625209,10881.344993797105,10103.285399402874,8790.05406446205,8235.42541973839,7809.816784575788,7441.870374427038,7241.809728691262,6714.225959386278,6244.45524499178,6471.239244008498,13451.21444270626,12834.609743834768,11104.517644635253,10115.91497810313,9408.652695786204,8710.635347018375,8207.401774395366,6972.710208548849,6354.870773262043,5922.899071448596,6279.663307626755,7972.532420718654,8599.635814534724,9261.891737997903,9709.682547794548,10099.420531376221,10750.379137632497,13007.87539097384,14365.299858423496,4338.307618118419,3989.492856400359,3871.7160151885287,3927.785943354344,4170.2543328087495,5568.845316128307,6720.661299047751,8387.68898478424,9322.648836788518,10165.393660820986,10732.037863892649,11574.089098964356,13990.817314303134
Bosque de Aragón,19907.40531315806,18738.718401534294,18243.67826647439,17674.764903325464,17052.803187629765,16806.848058151314,15560.343528260279,15333.322250246363,15302.658134969955,14852.358627523778,14052.879101491842,12289.71055702142,12463.499447172846,13268.950681009117,13751.903478875296,13486.712454787343,13985.029699014489,14305.349806265634,14783.075726095476,15340.052302458598,8820.582126311047,8195.952467458112,7370.812779213976,6607.348873742048,5996.358411396099,5679.97128051838,5397.699208849532,4328.798395552997,3238.5499584686672,2329.9876295557046,1313.6374956009456,0.0,920.2482497713487,2249.4074654559054,3732.4572839487137,4313.167168660668,5589.975042616232,7213.318782085862,7954.993661051158,8807.52174075559,9528.902594858744,16468.275206734488,14644.066127754932,13332.191449345992,12307.642939082461,10871.047017762621,8812.958516227032,7778.847537760718,6648.960480096437,5919.056369709381,4744.784284858557,5800.0095438704575,5961.367174271454,6537.383107852871,7164.793393494723,7775.51281993615,8732.686499231531,9711.302273037409,10747.812239808281,11913.571779333564,12870.863368081937,13931.630253042727,12424.727374712169,11862.123907739453,11425.0014821615,11384.886158621992,11152.232681682628,10225.376863048017,9709.921187873764,8940.082655564003,8083.498033920149,8049.606707388089,8255.65350352505,9288.132942376706,8751.285476975183,8328.249533129423,8106.280043020366,7825.19878110594,16525.728118616815,14780.644656530034,14286.383550000572,13805.689199288323,13376.67846210217,13058.894265513118,12942.229070384368,12377.466725872773,12789.91016546246,12889.759826244846,13716.762528715357,14673.9451443669,4862.5638702959095,5779.9551371291955,6517.766187742875,7664.220519382549,9045.421002105952,9759.001173857028,10403.752575281536,11584.938328196607,12807.818479194277,13915.194217250071,4226.562051013768,3293.315064330275,2926.0410204668456,3852.986996183586,4657.77710919028,5271.721180816967,6423.765115147048,7174.383466873007,7844.049748672653,9624.392184623217,6728.936614602071,6185.76974575409,5021.352448201259,4540.471048532655,4446.5051909319645,18439.56214834105,17614.963637872897,17039.948197082038,16117.427813372413,15114.986335261972,12885.120132877833,12191.15922221301,11416.881164731845,10090.636880000282,9526.030845984564,9078.170155890672,8678.73944898342,8453.794950142264,7760.562856066681,6916.347482406596,6693.483079767102,14649.434439890709,14070.033866611844,12364.92555444942,11393.461552859839,10698.599609462384,10011.655504372666,9515.012405496354,8284.937715287584,7655.090660813609,7192.664960281352,7521.9253748869805,9160.345198332607,9760.326431266729,10396.823881810951,10805.993596044425,11165.966371690338,11782.506611002318,14034.479005654312,15388.652451417469,5290.087067842861,5103.19906254947,5084.87386753271,5209.714773742365,5482.27975699479,6876.354780526076,8007.303543457606,9651.008001721722,10581.728020663373,11421.126241964177,11985.310600409515,12845.846628679672,15278.227369781463
Villa de Aragón,20065.644553479986,18932.80001798208,18486.089746658414,17973.616552227955,17419.231493683106,17202.693387102925,16006.509426730585,15840.669592736333,15860.784584853734,15459.294049562426,14693.258323797638,12945.076023853519,13205.531772400787,14076.850387569539,14587.055300238864,14353.179920851897,14862.268459532093,15191.057798327998,15678.487158943872,16244.483651408469,9704.629254343023,9086.257014814582,8269.392838307467,7512.487735534717,6906.5309161781815,6598.403692088592,6313.17063741314,5241.887653586054,4146.512843549599,3238.9966593273775,2223.708639300201,920.2482497713487,0.0,1431.0451786735946,2967.4579470312183,3558.9624821137027,4851.823465228033,6487.042281238389,7232.5737487710185,8088.531236858776,8812.350754799596,16204.100823592555,14417.186301428708,13199.953324990101,12223.4983850906,10832.753849627345,8890.815296050801,7950.665911908835,6967.006058758076,6373.579784280431,5251.0148716423355,6421.724034384247,6676.3169366145175,7337.626765424519,8010.2377088178755,8652.192036046355,9630.182280697576,10618.979747189307,11662.558187335877,12832.259412360945,13790.973564864404,14851.685286392067,12810.15812276824,12325.299369682993,11965.809803281549,11978.13782160485,11849.6578358801,10934.124968536444,10443.878729741331,9714.292329295922,8896.380656456973,8907.323939959942,9135.167904633667,10202.507045866996,9671.022643717215,9248.12710593771,9024.204242043386,8737.082489015907,17417.084324476928,15692.463062426337,15202.595286645163,14724.112081498817,14283.808877937063,13955.287029598194,13815.066467372579,13213.354225064113,13585.562617323838,13645.6070325387,14426.320558612082,15325.996034822876,5382.421281447843,6382.633475017585,7132.107785087627,8271.810684474456,9670.66935315351,10412.342383404077,11078.767967504205,12267.097050246175,13505.658705254637,14606.307214108027,4995.763763591502,4130.427107502012,3834.4602577157625,4749.7299863502785,5524.314012351157,6109.366954460555,7231.902919207299,7938.9208254298655,8542.741975963658,10181.981607608193,7633.239844007345,7101.4183900312855,5918.805303226868,5322.956643598193,5093.4216065195515,19257.818278429764,18456.150680708288,17901.72971974423,16982.921142625284,15984.997000112766,13767.094630893762,13081.254121355645,12319.883577680212,11009.243931062652,10446.114405931072,9997.383819890336,9592.693131589489,9361.955574468333,8614.909193957365,7612.08324696556,7151.054829158042,15418.901040444754,14873.67269031812,13194.188510249804,12241.167070961748,11560.668332730042,10888.140898962363,10401.82925657449,9195.692005670282,8573.66868948375,8112.240652977741,8437.4426484786,10061.224976858697,10652.093529162128,11279.010688079814,11673.230089023205,12020.845787247783,12622.044495373173,14868.520294370672,16219.763303498332,5928.820966503517,5847.222547114348,5895.339311360138,6072.529314665605,6380.420485008118,7791.951625958955,8927.52396359775,10569.517725526946,11499.472073791922,12338.181421331336,12901.83076407054,13765.185613815065,16198.47269124568
Nezahualcóyotl,21116.975964225425,20023.15371085773,19624.286952464063,19164.1896732707,18667.24982269051,18473.835875539484,17315.637306579825,17188.951799049846,17236.916091692758,16858.116643414036,16104.919735693222,14362.195658643332,14636.552768424628,15498.172744266185,15995.645183057966,15735.8785461248,16231.614561801902,16547.36005581953,17015.80510716983,17557.88536038786,10679.790549510908,10089.63782887973,9313.102461430002,8592.620011184883,8018.424541153406,7775.485263170708,7593.374951825392,6537.984950871207,5465.158802008523,4559.609143738831,3550.1105925269603,2249.4074654559054,1431.0451786735946,0.0,1542.2132790731255,2134.614879558239,3428.762182074445,5064.771603581952,5810.560270297856,6666.689620836428,7390.6338494994025,16738.101458189543,15016.552855027627,13938.006892004107,13030.67371917466,11707.769210854374,9914.368155854214,9075.756619153146,8221.524806925549,7718.86932397759,6629.143380340975,7836.0802347122135,8106.81091985229,8759.871425193696,9411.126276551237,10023.21233358434,10965.43967195383,11925.116974572984,12936.116965305324,14072.350747141729,15001.890064485413,16063.492999450687,14082.782447569105,13652.246063772489,13337.615677884987,13374.109716736875,13276.699115436566,12363.000702324092,11874.788791575,11143.02745211483,10314.87377822241,10298.653783913747,10502.281790829991,11480.112124244914,10900.366245598943,10436.482891681091,10182.208439653627,9846.845354062341,18762.585969445234,16978.067422866174,16463.111596147253,15873.304845643683,15344.128027709745,14961.887177901708,14728.7702350061,14012.521852066257,14273.448146770792,14235.321318417511,14905.702947511027,15677.34737491794,5661.094508420651,6765.352668343458,7513.588133871019,8613.564828828105,10021.678012217357,10808.783376485477,11511.678521133688,12703.339140987138,13965.547286383404,15044.379783973785,6423.4745993152865,5534.282110443472,4981.1433083567745,5829.79253998399,6491.94774578322,6986.664202716401,8014.16939168738,8607.281633266046,9059.122275990356,10396.84327107449,8953.431804823129,8378.043067924362,6982.0084900509055,6092.49111177183,5608.855233341759,20675.5247471128,19861.09629359649,19289.346883282557,18366.62962183782,17363.571901065163,15129.66604412276,14430.18471673104,13639.431919292536,12253.005576269206,11664.0277088437,11169.448141913823,10712.6395511312,10445.901458400906,9501.57219509928,8140.125491977148,7252.524804135335,16848.800038939804,16296.504233034604,14606.001051133486,13641.013685920901,12948.0048699991,12259.003305318498,11757.424975034617,10491.932343043725,9822.911302878292,9298.0602683079,9575.148380253522,11104.10685702464,11651.80463307892,12237.955221981336,12577.465307106988,12883.358572476602,13434.967586294344,15654.723273830778,16992.291263887506,7348.527370163266,7277.921482223898,7313.317350401988,7458.968285179738,7717.487285902509,9067.021419658964,10141.949414067689,11729.25762605038,12647.04054552787,13476.030220291217,14032.921516206106,14930.532950461422,17395.788289977805
Impulsora,22408.949016846294,21348.58749277549,20988.14848938736,20568.725991876217,20114.277113027994,19937.18671904082,18805.060267637968,18702.228457707635,18765.0237761981,18395.98648004607,17646.39949637762,15904.37008080015,16168.810502928312,17001.405937784642,17477.258817214883,17180.867775743965,17658.593380041657,17957.367037432196,18401.657363504295,18914.01135618849,11705.504954059032,11149.894611178966,10422.011585447248,9745.670135280572,9209.182862850806,9030.67769089161,8948.466450355352,7917.420428931149,6875.92350214573,5983.5259051808725,4995.6504346235615,3732.4572839487137,2967.4579470312183,1542.2132790731255,0.0,592.4016027809492,1886.5496978588046,3522.55851518136,4268.3471862014185,5124.476341784535,5848.4206281037095,17590.182085759934,15939.358072354802,14990.610684506179,14148.057120142199,12890.036160494657,11223.396573063195,10461.226263050205,9692.011168122084,9237.974375027925,8162.80171661998,9378.18059660842,9642.568378830043,10268.521133611528,10888.134934150965,11462.311337175232,12360.947254722008,13285.100596342507,14256.76084328418,15352.384743400457,16246.794473076296,17306.153955981154,15551.539698538323,15155.147330040145,14864.70704771181,14911.362661859295,14816.871472885485,13901.536639938546,13408.42458109612,12663.795755887839,11815.94441941063,11761.866357168125,11935.621881343837,12810.436438646528,12182.235574543025,11678.92443762627,11395.744061977175,11015.03281385664,20156.555529411966,18302.359868104508,17759.559026910883,17047.725571208914,16424.957404126122,15987.564837788645,15657.975159360549,14827.217536786025,14969.918408048601,14829.490539927785,15377.719125276804,16006.89813671749,6151.511235598162,7300.447978446853,8018.374785792816,9043.770270688487,10427.42290186413,11246.370213004913,11975.43485489606,13153.867615766922,14426.260803158137,15471.515541094195,7944.384086932525,7024.776707740225,6260.028756528971,7032.077553817686,7579.957160046726,7980.512233001956,8893.995251813432,9363.490123823502,9654.423023318135,10653.018194728907,10340.214408761281,9723.714549879542,8144.469322351588,7017.351685065002,6326.363195257383,22170.59641989516,21335.274068329985,20738.402673294284,19810.860048542236,18801.610777738217,16549.313378876537,15834.010252049779,15010.012404964848,13543.727516697083,12929.932211813231,12390.38749012287,11883.596434077566,11582.8380666482,10454.546321605763,8770.382973451286,7482.00823189752,18372.20098162003,17802.402348689637,16093.42541180035,15111.387580256465,14402.150414355403,13693.27854520738,13174.303019405539,11846.363535808468,11131.522360799232,10546.542754588852,10773.551350313472,12193.855976990413,12692.975800834938,13232.46849582597,13512.932234407937,13773.214758262566,14268.775058615718,16443.796546495552,17758.62182557398,8890.64951025049,8806.815605821494,8816.986487757844,8923.195223804145,9128.08535736312,10406.618457666806,11412.942876888997,12934.001463575534,13833.846081789723,14648.29423561712,15195.329653742034,16125.960557741508,18618.677819393495
Río de los Remedios,22913.488840815753,21865.307732395373,21518.47188605021,21113.37510691143,20673.794395957597,20502.387018015495,19379.394132543643,19284.7446290691,19352.609687045722,18986.911235142692,18238.55405175836,16496.75908493969,16757.867102713528,17580.616821409123,18049.065955037666,17740.25597248484,18211.704103874596,18504.569773244304,18940.39876312056,19442.28085025258,12128.570363201998,11585.939216872619,10876.046328612247,10215.879148156657,9692.926442172724,9535.207501463468,9484.172971846854,8462.22515452927,7431.709991180157,6544.736033850731,5564.7166824572805,4313.167168660668,3558.9624821137027,2134.614879558239,592.4016027809492,0.0,1294.148786234898,2930.156998841777,3675.945663701739,4532.074742194279,5256.01908099781,17942.035034576977,16318.76846006297,15416.905661566112,14597.90091231335,13363.731999905027,11741.318399331176,11004.533873971417,10262.475938879472,9823.423208541542,8752.72182125186,9970.548746193761,10233.001522791066,10850.528057829477,11460.04188438053,12021.884319433064,12905.85255010167,13817.655591256926,14775.440149694583,15856.455224979945,16738.12440089453,17795.922138695318,16119.390194586145,15734.48346214775,15452.10628521716,15502.125303514038,15408.594767547529,14492.72966003904,13998.026585611145,13249.268679886498,12395.215210606615,12329.025089218918,12493.07768552958,13333.558754268164,12690.013178416659,12174.384797991823,11882.139849916548,11487.21015467039,20697.57976733174,18819.849102825705,18267.680075898505,17513.98411150394,16859.182842466853,16403.019997404495,16039.987369337257,15170.189937185152,15270.39350335926,15093.385854187018,15595.762270725214,16170.785318133156,6428.859036790676,7579.671068790189,8280.67915888944,9272.06607667856,10638.684809384049,11465.221222168224,12200.746406539129,13370.19398497074,14642.555183097738,15672.82313183143,8530.627674968135,7602.785271823665,6780.43982519231,7526.8938275129185,8037.46071099615,8406.325772234788,9277.994256431863,9703.53819550909,9937.333328238044,10808.396947873574,10884.01269912143,10255.3168823311,8622.687563084477,7427.284558873831,6676.546255145475,22746.54903683715,21904.015444792883,21298.478864679844,20369.423184406936,19358.239713532552,17100.256660672538,16379.84836178212,15545.011523960857,14052.978303037053,13431.530434515533,12877.684394759664,12355.045185814985,12043.51594613065,10856.623547976295,9070.678599012535,7651.337032839103,18958.17614217615,18382.442996705715,16667.41402844312,15679.8466524408,14965.392614776976,14250.192691550868,13725.723330314953,12378.294226903337,11649.369567431555,11045.828424942243,11256.127534664698,12637.490642193843,13119.12780157088,13641.543399996799,13901.000811197944,14144.832494178036,14619.650301577596,16774.69626497842,18079.29317514715,9483.023413040877,9395.251600071893,9397.892199749109,9492.19239593872,9680.587004238636,10935.36703310071,11918.161987844678,13415.12021285741,14307.723065483151,15116.223018953491,15659.249608011072,16600.327345565056,19100.676931641778
Múzquiz,24030.829858958266,23007.913472922144,22688.688702575186,22312.546403701093,21902.849772508176,21742.813524127807,20638.164985704992,20559.66215427585,20637.474436384393,20278.286687510026,19532.27651095053,17790.89539855622,18045.23719205257,18848.340266273677,19301.969646516547,18968.53329567595,19427.28799391142,19708.223296078242,20126.89235975566,20607.45554603946,13097.014292217158,12581.58483377668,11908.912624620381,11281.903539236524,10786.266344557447,10667.776975285205,10674.446478344313,9671.086240275778,8662.084500157447,7786.219269234953,6821.207488893421,5589.975042616232,4851.823465228033,3428.762182074445,1886.5496978588046,1294.148786234898,0.0,1636.0100292781324,2381.79852219537,3237.929416450963,3961.874842442872,18754.683137001164,17191.276217018254,16385.681826429278,15615.184726153147,14430.40114052115,12896.116652212322,12208.165371097117,11516.964958764525,11105.259451225664,10042.647648526156,11264.656516307905,11523.38337340371,12125.081919930723,12715.399020337361,13253.54924194288,14108.725243929935,14995.74248460101,15925.384307530361,16976.339033839547,17831.617843727436,18885.077909647818,17366.229950766483,17003.672656147945,16736.831929322758,16793.25393115949,16701.323688202392,15784.41439171585,15286.602707658602,14529.9086175249,13664.151117259978,13574.917562784884,13720.354558532752,14493.907819934659,13821.635346343333,13283.224397666934,12974.180850077495,12552.939105018057,21887.837432973705,19963.755556364882,19393.212663102022,18556.23911299714,17837.958911755963,17344.82405315771,16915.02016380429,15968.50989445411,15981.685294458302,15730.173585562183,16135.495159705904,16594.648576726806,7167.111592484413,8302.904716410296,8961.920085191825,9874.564038120476,11193.681919113737,12029.162587189563,12772.865762070467,13916.875316394027,15182.775380598407,16177.309997904367,9813.606890451038,8871.665899792732,7951.5031571409545,8649.522450762663,9089.963566879493,9398.0856874578,10184.972914056516,10522.691307315243,10642.343476443273,11247.146251809863,12087.052681503352,11436.526258674008,9710.063408747808,8397.425997184895,7545.858830053422,24007.023900078537,23149.979248000094,22527.035833374393,21595.181658113997,20580.4293332702,18312.03463234851,17581.91242511053,16726.285374531893,15185.364299100305,14549.926852348708,13969.27878047149,13417.054655946167,13085.470605492708,11789.37941032529,9817.640697363717,8157.686397896816,20239.26204103699,19651.70515477323,17924.96478489999,16926.790730451852,16202.404152863885,15475.250016178203,14940.475265264517,13556.854393637695,12802.124148552237,12164.51688870736,12342.431850140669,13644.551012458649,14090.432271160389,14577.479279809271,14794.271058717686,15004.349756128706,15435.785691761148,17543.631162150457,18823.813971523392,10777.100677070257,10682.025452200325,10670.923832840575,10743.445462530211,10901.411912784652,12110.025390425886,13046.27502330957,14493.59304299713,15370.258403291207,16165.524512205742,16699.63862315707,17660.110477085967,20172.806373431093
Ecatepec,25465.588885843215,24472.369836422426,24184.672822816236,23841.44882264369,23465.54462336868,23318.317233343034,22234.495544984005,22173.980114578007,22262.889623324005,21911.04036208718,21167.734435461552,19426.87406833269,19674.27854558273,20456.33395119041,20893.85355199215,20533.884148721507,20978.560608447762,21246.272756568716,21645.791581269506,22102.412845645948,14396.861797031868,13912.766928386198,13282.193290819323,12692.147600645956,12226.315118115952,12147.28479746509,12210.611835021899,11227.577139977657,10240.887121240248,9376.842114758318,8426.580795561307,7213.318782085862,6487.042281238389,5064.771603581952,3522.55851518136,2930.156998841777,1636.0100292781324,0.0,745.7886719426263,1601.9197899129886,2325.865729817299,19852.61286238356,18363.118366778835,17667.91330195151,16953.273843501876,15825.649313885238,14388.526096625368,13752.154607326358,13113.123531043046,12728.853047828874,11674.415618756797,12900.598885937354,13155.917810855562,13742.091115437841,14313.011181602378,14826.76722717483,15651.366739244602,16511.24287999571,17409.575132093923,18426.388994349418,19251.37636390728,20298.208441578685,18950.642491598926,18612.415948393704,18362.432905662376,18425.82936222169,18335.97203044108,17418.02575856943,16917.07600336592,16152.373939377241,15274.954407711799,15162.341469890906,15288.613600186563,15991.602245957021,15290.67217706797,14729.935982434148,14404.388216511077,13957.364984945581,23409.603742732244,21435.85421463799,20845.727706191083,19918.115085831763,19131.163476177368,18598.421515779464,18095.711446068297,17067.574646801764,16982.49342324955,16647.624717404073,16938.244257744678,17258.223508878247,8300.041795057852,9396.87557349894,10000.63202202584,10814.150735541602,12061.598348881742,12896.563465986246,13641.262583233232,14745.224409867084,15993.065723712825,16938.685071686232,11439.47983776685,10485.138319581654,9479.04785837893,10128.901224051813,10499.817662171592,10746.24199454316,11440.881232263231,11684.311559088439,11681.520058306096,11983.367692338177,13632.927266974046,12961.918235322944,11149.70418930923,9734.290189490128,8797.835242481027,25606.028227007286,24733.058400073594,24091.004213942462,23156.45142578546,22138.26458020074,19859.93967819876,19119.929450047955,18242.858721554578,16652.20649795746,16003.333482970425,15395.931351852805,14814.36126308199,14462.974704446473,13059.239395306657,10912.015458542895,9028.523222011883,21861.422942883022,21261.185531403957,19522.319793533265,18513.262128791128,17778.77026707175,17039.570324669803,16494.50331330476,15075.200811716695,14295.49163774571,13624.82922320335,13768.92451476121,14982.896727990877,15388.63269530757,15835.275655125552,16004.498002284834,16176.420664761288,16557.523904768474,18601.9676598729,19848.759282344632,12413.069473389096,12311.239970965247,12287.088945597634,12338.66312376918,12466.916977601672,13627.295815582647,14513.646253485638,15904.845102292755,16761.994938143718,17540.800799585402,18063.806322405224,19043.2435062408,21564.911400970468
Olímpica,26127.769030988504,25147.23607251492,24872.71861633735,24543.203532016494,24181.303126054238,24039.36315841774,22964.176471710147,22910.995541004693,23004.412749238007,22655.536834615043,21913.313554606422,20172.65343944126,20417.20698471691,21190.667672530868,21621.5792058066,21250.826148242326,21689.668816005586,21951.907587170997,22343.465526751024,22790.095229125276,15010.894110368758,14539.92390230633,13926.759183507065,13351.838637581342,12898.026886455455,12834.107218243324,12918.833582258165,11944.003590772265,10966.023248866777,10106.62658146356,9161.901248501252,7954.993661051158,7232.5737487710185,5810.560270297856,4268.3471862014185,3675.945663701739,2381.79852219537,745.7886719426263,0.0,856.1334638215329,1580.0797572945705,20377.52045560444,18920.592470531992,18271.54908400316,17580.317045316373,16476.68783273994,15078.9732738577,14462.894829261235,13843.954548013227,13470.04609195017,12418.679799034799,13646.366860653849,13900.357072257355,14480.549879636481,15043.914196774098,15548.078487714882,16360.424438784008,17209.20591238271,18094.603348992794,19097.11296457099,19909.3133248145,20952.867250481337,19675.855597447633,19347.396339886258,19104.130428951965,19170.283471755047,19081.193841075295,18162.83320464359,17660.633611779187,16892.782272058164,16010.850041897218,15889.116420852908,16007.857311260565,16682.733013915084,15970.87046975319,15401.744516873627,15069.986492527245,14613.291577967198,24108.06435598309,22114.3136192673,21516.34231876344,20551.88742866332,19737.21312223639,19188.627696048894,18656.3592177849,17595.875644234115,17470.09705120249,17101.00340100921,17342.59151578756,17602.377144548536,8868.381368112017,9944.657743165726,10524.197144016749,11294.821793312241,12507.880965589122,13339.431808283847,14082.005472977242,15165.937428555579,16402.842886515988,17325.443129805386,12181.487686927983,11222.729781478787,10186.385274862017,10818.035790040161,11162.729815759498,11385.561078235225,12043.36378574212,12249.452769298096,12198.307309559432,12375.821829286955,14344.080323342458,13665.57403168328,11822.679107991238,10371.888456719085,9407.413429286373,26336.33156051036,25456.791102337895,24806.86392880289,23871.316402701374,22851.864355572194,20569.90336564193,19826.05685543793,18940.58312290562,17330.678228768065,16676.847510747008,16059.258053906642,15466.581441368478,15107.734810443779,13663.622191890303,11453.402264486755,9492.316154384858,22601.485275869854,21996.075232452786,20252.410520932754,19239.081432143434,18500.653346496998,17756.799469783877,17207.78570683406,15774.95012833748,14985.912835922307,14302.898237169638,14433.685966382529,15611.49402997237,16000.647902207216,16430.402527612194,16580.072259934015,16736.163852560403,17096.002494722354,19111.013507131564,20342.068581145966,13158.838614332391,13054.444770502369,13025.390076128446,13069.08125901282,13186.086633556673,14327.42107838682,15193.743811573971,16561.61491882308,17410.22915143889,18181.75389690793,18699.831528833143,19686.318826272123,22210.24344131158
Plaza Aragón,26892.020139564367,25925.544610750454,25665.455540386596,25350.93446388121,25004.336627204208,24868.173273855562,23802.46878840258,23757.301802914226,23855.67499460592,23510.119255013156,22769.152675674573,21028.758396363886,21270.54117884695,22035.079803575078,22459.041616247105,22076.96226511446,22509.59254118259,22765.999978746324,23149.046177768018,23584.957017355464,15731.37964915868,15274.502528716766,14679.883336828185,14120.964395996414,13679.757957850261,13631.23721964431,13737.582158225558,12771.311445505384,11802.234244242154,10947.581477297648,10008.353831753924,8807.52174075559,8088.531236858776,6666.689620836428,5124.476341784535,4532.074742194279,3237.929416450963,1601.9197899129886,856.1334638215329,0.0,723.9463193914036,20994.576712938007,19574.150061926954,18975.32639235985,18309.611668997793,17232.17624918626,15876.715495116505,15282.087158774091,14684.229994182095,14321.189869853793,13273.099217351248,14502.45442741503,14755.266625390012,15329.517262674055,15885.200464138006,16379.503468403072,17179.071472640928,18016.127371176794,18887.749110881115,19874.880503590815,20673.258363070352,21712.967760050054,20509.538814680327,20191.626560174114,19955.650234943165,20024.837696442846,19936.83144625202,19018.071145581922,18514.634338857002,17743.618065874172,16857.13650073304,16726.093841919388,16837.083314070263,17482.68804513822,16759.70988725064,16182.127431502426,15844.102597242485,15377.66401256426,24914.227332473765,22899.474749747653,22293.285227643748,21289.84952751332,20445.949945569013,19880.756710896232,19317.242217524305,18223.069302077347,18053.72417768682,17648.20514981694,17836.30227451271,18029.930057625632,9552.663748838624,10605.124745912524,11158.362700373164,11882.487635146248,13056.168360501508,13882.07533943139,14620.759664154912,15681.054130188806,16903.944900473038,17800.028685757683,13034.075864811224,12071.080871012035,11005.466667470917,11618.770249297973,11937.006113879797,12135.838967979967,12755.268641037976,12922.597466886413,12821.36181473166,12867.30292886994,15165.367964925035,14479.431986158272,12606.48201691166,11121.801985481758,10131.192933163029,27176.289735435206,26289.797334676696,25631.525528856364,24694.998229891662,23674.299262226723,21388.76306290954,20640.98773730251,19746.845347424478,18117.199848213084,17458.434719616027,16830.49331333382,16226.569469303271,15860.188623927676,14375.408072346503,12103.586741359333,10068.703613892729,23451.831977728234,22841.037164414734,21092.43811208868,20074.72588110428,19332.269348765727,18583.66902906369,18030.643673328283,16584.12118469683,15785.724287896188,15090.299836493044,15207.303125246093,16346.724831986745,16718.188072133948,17129.793528023358,17258.64200351509,17397.779419453578,17734.597454035877,19716.012951809807,20928.917276885782,14014.966874444437,13908.171079639296,13874.28954331881,13910.118248611656,14015.800297131791,15137.443333163625,15982.809711510776,17325.74530810541,18164.968987707314,18928.425413229048,19441.028736325257,20434.556224290944,22959.96181988228
Ciudad Azteca,27542.603282835884,26587.520895929512,26338.98611095078,26036.44890815657,25702.05039225236,25570.482953596584,24512.341933115502,24473.509532951106,24575.792969574017,24232.85448751471,23492.873350624766,21752.68434843357,21992.27002909693,22749.756997771678,23168.212699809497,22777.2059999732,23204.88866771873,23456.65470652815,23832.910532076614,24260.2524764679,16350.69804579495,15905.024570794118,15325.051035260323,14778.697897959508,14347.319479114894,14310.521477921304,14433.230399488108,13473.631373960903,12511.385733177298,11660.372206950424,10725.277973943259,9528.902594858744,8812.350754799596,7390.6338494994025,5848.4206281037095,5256.01908099781,3961.874842442872,2325.865729817299,1580.0797572945705,723.9463193914036,0.0,21529.303984933274,20138.81408669974,19580.05665179228,18934.722783465946,17878.21471719551,16555.927714902016,15977.889935499345,15396.176932314876,15041.38500916525,13995.774832873463,15226.368435714083,15478.270520092225,16047.966496747267,16597.731372479866,17084.402204104033,17873.988018340144,18701.79229119992,19562.483576132687,20537.32175275373,21324.60293654789,22361.010019501595,21215.953207722683,20906.304253858234,20676.01830550542,20747.56526045713,20660.382025081428,19741.30941394844,19236.907666832667,18463.439405654524,17573.463320320134,17435.241624442748,17540.232929479498,18163.03913039335,17431.612316098595,16847.66025941937,16504.91242789377,16031.14588884103,25598.36596672665,23567.163862303514,22954.559160428013,21920.449562651505,21053.66735772779,20475.552218905694,19887.550136460184,18767.378133250953,18563.55428802951,18129.3943480404,18274.478194724707,18414.575828877594,10151.51804323202,11184.18476395454,11716.50111789938,12403.647646687776,13544.540002935568,14364.581780836326,15099.032022058089,16139.060703915078,17349.15800220972,18222.881339447744,13755.345988432995,12789.22351913652,11702.152080934049,12301.60997973077,12599.89905887566,12780.543639921947,13370.3250449442,13507.832354809922,13368.187216919325,13311.532209349882,15862.65510584725,15171.186031945903,13276.141889115675,11767.130861409607,10758.27073476745,27887.277006530916,26995.258226659436,26330.359193450095,25393.1099804798,24371.49141778437,22083.323885717182,21332.5352938313,20431.703262199713,18786.934368644215,18124.500508272322,17488.70783637837,16876.28744238833,16504.23273800027,14988.94427673064,12672.340300425185,10585.498967814954,24171.174666468778,23556.125996410774,21803.694792439677,20782.594042608234,20037.03617083152,19284.79843385267,18728.711747576734,17271.809179808417,16466.377317467366,15761.623649891584,15867.982911655807,16977.154472488965,17334.62495228278,17731.787552295715,17844.208824532212,17969.907198721052,18288.305317523904,20241.572254959276,21439.119405416997,14738.908374403287,14630.28322740809,14592.746862861857,14622.620888002788,14719.70739289987,15826.107216402028,16655.11848543761,17978.25322424421,18809.83633017355,19566.68660226294,20074.797351394565,21073.554615574147,23599.45295611395
La Paz,9075.72480536309,9092.444310430961,9749.191117439097,10547.66703992046,11553.849815989082,12007.876382482027,12478.89645540378,13543.51800852334,14510.545334843444,15289.502698339662,15626.913522801386,15268.428328064141,17060.534046571694,19012.133991687024,20048.53479420934,20898.16577528535,21619.19089644267,22184.295437953613,22972.462112496185,23884.514373880967,22722.082034769737,22091.72465793752,21263.258334978,20528.419041427715,19946.163557345455,19335.414134457606,18357.88559319332,17763.878211109735,17199.132879706583,16936.22958616318,16681.78079433221,16468.275206734488,16204.100823592555,16738.101458189543,17590.182085759934,17942.035034576977,18754.683137001164,19852.61286238356,20377.52045560444,20994.576712938007,21529.303984933274,0.0,1918.9809937371467,3755.8872612990995,4954.067131560934,6410.428765687257,8734.025123683788,10039.568372640786,11640.552713373056,12885.692882043015,13684.849661549662,14215.357237844986,15113.938382864973,16260.603153148637,17205.285767152513,18152.33065351594,19275.70593800204,20290.610083159158,21411.51527887614,22651.66939445124,23710.442173124724,24485.28222971221,10819.542018910002,11965.430193201726,13113.94142234559,13945.697168075889,15686.203050054286,15621.466476492273,15923.28042535834,16421.541668897233,16873.86838783612,17795.66613250696,18446.879128065702,20447.75032454563,20694.839260213834,20834.91941886197,20956.521010958568,21142.659949369056,24019.227188068642,24001.6751877868,24054.59450936655,25135.058165260805,25662.595550990674,25846.563190958528,26404.40344829275,26583.686741507227,27470.993415917026,27954.875656813885,29095.295557764217,30368.43143564438,21251.229652451566,22005.802352937877,22682.1939685072,23796.98793807702,25066.361680662227,25640.357448289382,26154.11519623464,27239.08791821691,28309.33364848172,29408.114445452076,15659.884557420784,16255.037067936619,18059.289291932,18828.890638480712,19772.007798559738,20520.272329578827,21712.45320576123,22670.08533634823,23635.18558577342,25828.28169690058,18516.72465385142,18764.523064022113,19604.633986634744,20276.056621377516,20649.68245998185,22568.867835525692,22755.540302458296,23101.617811831176,22598.337061741357,22087.851196528012,21097.913003893224,20992.137369402273,21101.30186898918,21379.112333883342,21310.53573604895,21473.941072232912,21646.340109948393,21758.517558582695,22361.14676450168,22788.50661664393,23112.674192686572,18779.85081562488,19342.268906309477,19098.2152469528,19095.26911748988,19146.073387508317,19227.2559499206,19305.907385535895,19623.32636784022,19829.88502386241,20151.74010203897,20737.583587515855,22551.535985459715,23288.123893221396,24041.2971426879,24695.154224369864,25223.394169273368,26003.329775771203,28094.321014919802,29367.976394473957,14444.462187854644,15416.025836414185,16157.067144861117,16938.548140774452,17771.751159105926,19128.782221821228,20389.504476241946,21976.20038237069,22743.84494867048,23446.67401768016,23931.93332698856,24225.469912629702,25704.925996957838
Los Reyes,8984.678806986534,8708.54699506187,9171.460024739827,9773.774221708358,10587.806998856126,10970.829597119495,11238.116750509605,12223.253905646736,13141.969576875112,13841.704180242095,14094.550367105778,13610.227790845916,15368.4418907177,17310.538367876405,18340.580518660438,19148.485009156764,19871.08829427241,20433.18654602188,21217.758943131816,22124.631485722457,20803.808900255724,20173.044075563885,19344.288847854164,18609.603713302247,18027.935616368082,17416.91754141622,16438.93298853237,15848.137748454737,15293.019916087414,15044.93328260647,14814.385749432722,14644.066127754932,14417.186301428708,15016.552855027627,15939.358072354802,16318.76846006297,17191.276217018254,18363.118366778835,18920.592470531992,19574.150061926954,20138.81408669974,1918.9809937371467,0.0,1928.8467237787818,3090.431223231076,4507.168905732036,6819.057931864478,8123.022122483519,9722.958597759776,10967.589252497872,11767.681256403934,12299.625790489454,13200.828719288998,14353.604628443298,15304.419158260864,16256.061304265035,17387.930054584755,18412.325474742927,19541.859081855717,20791.005431117595,21855.354337374443,22646.289687562534,9247.467717601436,10329.123028063059,11430.620184824964,12249.152693073194,13947.092266999513,13834.157844106585,14108.596739753284,14571.885601842321,14994.701938769522,15908.047349899256,16557.679323196833,18557.31894350124,18791.356233701747,18924.16280880563,19042.4819252969,19225.44849462079,22316.0618005609,22211.717043694847,22241.90593901053,23274.355817768897,23777.159132833112,23949.9700374726,24496.470648364186,24666.856647416364,25552.1331984252,26036.465936378278,27179.0473236884,28457.07663866099,19397.7831542087,20132.926348904803,20802.9721650925,21913.06782697097,23173.44405115153,23740.1249658392,24248.508897515,25329.453926251444,26395.45217451818,27493.32119954115,13742.475634119766,14346.023520204752,16165.849569731869,16926.26236091716,17867.0023658684,18614.85214513354,19804.0837685128,20763.77839059774,21735.25522293104,23945.912236636093,16603.314871676797,16846.584941711226,17692.16901117017,18384.645575713475,18779.31966513726,21060.22350854992,21177.596317168533,21469.091978664816,20930.88951130995,20382.861900271673,19313.686192353955,19181.208761153353,19258.846809758714,19493.133379485833,19413.52299985244,19567.35366950456,19733.12636263922,19842.508688349437,20443.312749862962,20893.622801095582,21261.520381754446,17174.02165604871,17677.45628485599,17345.350016208227,17297.182108426437,17318.952778736108,17374.781846732098,17437.305949127574,17722.96845018635,17918.74343223859,18234.792939606785,18820.27111580321,20636.368016748762,21373.094287887794,22126.448798507157,22779.009250223007,23306.489067622315,24085.931395421372,26180.466647410798,27456.746782636023,12525.98173517638,13497.389010532468,14238.345621003527,15019.808701902259,15853.030754590138,17213.926447444017,18478.416907359515,20073.014555990525,20847.422666458053,21556.853150436997,22046.59697409155,22357.321760586077,23880.54425881464
Santa Marta,8463.017832164258,7905.893186986603,8157.894618697182,8552.001525073327,9171.125306552942,9485.580403387963,9582.62839849403,10500.369532763683,11380.442621591543,12027.670152776687,12233.767968149683,11698.570964764549,13446.968291272853,15386.639761087325,16415.435308761535,17219.66786116293,17942.288364418477,18504.344603245492,19288.924148352242,20195.913915030498,19050.092985029783,18428.256521921005,17613.35573502674,16895.373417940184,16329.265139760686,15713.596894758131,14720.28958058836,14185.20341229048,13698.313298401119,13519.904812210378,13376.369967528623,13332.191449345992,13199.953324990101,13938.006892004107,14990.610684506179,15416.905661566112,16385.681826429278,17667.91330195151,18271.54908400316,18975.32639235985,19580.05665179228,3755.8872612990995,1928.8467237787818,0.0,1205.3771497342937,2711.0963020882064,5064.169868887349,6373.959127441554,7978.589516777266,9226.415951016943,10101.346923696767,10528.969783648705,11411.461935579458,12536.70761407134,13468.818827199686,14409.377799020021,15525.235350429626,16535.965561303903,17655.64486240548,18896.429895753034,19956.37895011055,20737.03836746749,7382.440028007923,8429.89558286972,9513.743178287303,10328.298420620293,12019.035534515238,11907.194910985538,12187.895542210783,12668.463521587288,13119.796993616366,14045.388202762344,14697.508821791529,16698.86019541681,16961.161392934264,17118.46060440306,17252.75811537219,17459.320160690328,20391.03751555184,20285.95225042031,20321.569979684165,21379.882327107352,21910.13232131214,22102.209283961325,22678.03729080612,22893.75132169393,23809.40923791445,24326.296720860548,25496.545079747557,26810.823095442287,17982.710990347474,18656.812308063258,19304.213535636023,20395.65181712756,21620.43408240523,22155.942933002472,22638.356209829388,23696.34901048645,24733.632385576813,25823.533684528244,12065.844136268695,12737.790124982661,14627.659108840648,15344.550364796733,16270.903085273978,17014.890439625888,18185.763813293335,19155.04989377551,20155.528956001064,22430.09095958803,14811.874158274215,15091.47704426007,16052.091403953284,16847.71634776519,17315.22805725641,19200.340209863225,19287.956955828726,19560.501125514358,19013.06981091443,18457.828259631708,17386.84005812668,17260.054588263145,17351.29451643567,17627.313136208573,17567.498132299937,17746.09051117992,17938.458854079152,18065.268906114587,18748.045966100824,19336.895324220397,19847.288639355862,15276.900108178546,15761.416640676534,15416.513289170633,15372.551194589745,15403.437046693996,15473.622025879844,15550.025858847272,15885.058545879578,16115.280021568871,16466.863110206396,17055.544603163962,18852.62320631556,19588.027707412275,20339.838148492847,21001.091713086007,21534.726813022222,22318.667603090842,24386.44958933931,25649.916114020627,10787.629290896413,11760.565477105303,12502.411724789052,13283.009414137903,14114.317760003527,15430.564959687286,16674.380389228507,18241.569008253133,18999.84414329389,19696.905164336604,20179.558009270182,20469.590101842063,21964.50445893589
Acatitla,8757.768460141144,8025.048781508046,8112.840453309282,8327.126823405102,8758.450816665852,9001.538531989607,8917.244489036879,9747.179667556116,10573.25788722574,11147.404358811695,11282.606706852113,10649.075165753296,12365.741392151202,14294.53121571856,15317.293325615614,16092.654301203716,16815.70545842293,17375.40575465326,18157.17794261285,19060.406462963092,17851.928152830864,17231.863197564813,16420.00302035943,15706.085091232964,15144.142138047247,14527.55360928697,13530.850934600801,13011.742797684892,12548.712042348316,12397.84812432718,12292.205104248938,12307.642939082461,12223.4983850906,13030.67371917466,14148.057120142199,14597.90091231335,15615.184726153147,16953.273843501876,17580.317045316373,18309.611668997793,18934.722783465946,4954.067131560934,3090.431223231076,1205.3771497342937,0.0,1527.591295833108,3878.2212525948157,5185.477113352192,6788.275648182871,8035.322408449103,8931.937303752633,9330.207043830304,10209.284733696351,11331.690058835798,12263.516086263748,13204.692490716414,14322.68406308492,15336.716128894934,16459.933527126526,17704.73937662568,18767.30004248295,19555.894886791488,6450.556079097225,7420.924678932994,8454.458309625978,9253.886990264304,10906.332820506443,10760.164689438003,11022.448410891031,11482.199722959147,11919.834371732237,12842.718701511869,13494.464397829966,15495.672669633372,15755.8031959102,15913.853628221963,16049.586720891963,16259.330808528372,19291.53597582703,19132.179531649912,19154.66213818792,20188.22828998207,20708.775040230874,20897.895825684336,21472.721222503475,21692.122070940262,22612.543163879407,23136.06240035416,24312.756105332785,25636.542083683264,16899.286318524533,17546.89073377896,18184.539535761294,19267.753301199707,20478.467769961484,21002.781736463472,21476.390310583298,22526.8270035448,23555.50595998665,24642.987665230907,10890.201017724656,11584.63853176361,13498.32101447688,14197.603196211929,15117.793752251542,15859.756518477634,17023.546214109447,17995.372074280087,19005.06840722734,21301.258183255846,13608.785999158272,13893.924058550409,14884.334400728623,15715.849912641235,16211.984356710442,18236.705545444784,18275.133612958867,18509.34372735093,17938.92112060192,17359.103622924467,16237.72759828216,16094.884719504364,16168.569783954692,16425.499784395888,16362.890297180471,16540.764811963552,16734.71751739723,16863.549564264507,17562.81627032384,18195.211921099057,18761.666462483507,14254.391748444988,14694.691948993326,14289.091965302838,14215.865213319563,14229.355092461834,14285.82742799144,14354.627401822072,14679.890335378825,14910.898916610915,15266.759200276207,15855.851608350957,17649.98856865243,18385.17381050667,19136.753015094364,19798.987400076356,20333.394340546245,21117.902227046212,23182.430049365386,24444.9805419794,9595.780235814997,10568.384568662246,11309.984726356812,12089.964395680634,12920.46387318966,14228.383889614694,15469.91899691013,17036.241442317627,17795.423182398164,18494.10284350634,18978.131641115564,19274.655502345326,20790.92632286056
Penón Viejo,9667.297360750048,8771.283272162487,8676.531287095784,8670.33836778132,8844.675519135079,8982.14360536297,8629.487437781048,9300.595373394286,10022.491966197595,10462.042702039778,10466.16463046911,9642.871519404176,11277.946816272864,13173.20019063029,14178.802081036018,14886.149551953287,15608.409591569134,16161.311870289584,16934.870651848993,17827.561590525427,16341.12154591368,15718.113493252999,14902.319931877528,14184.642709070144,13620.059372547652,13003.95176569715,12009.492464343699,11484.320954485653,11024.740794746478,10886.422578404517,10805.932902112572,10871.047017762621,10832.753849627345,11707.769210854374,12890.036160494657,13363.731999905027,14430.40114052115,15825.649313885238,16476.68783273994,17232.17624918626,17878.21471719551,6410.428765687257,4507.168905732036,2711.0963020882064,1527.591295833108,0.0,2353.6851528760035,3663.0304817016436,5267.515123604155,6515.322060659688,7404.376719132409,7821.401172776924,8710.007106652192,9850.201640881898,10797.408833176087,11749.198654717446,12885.002213267828,13917.305581154096,15055.890540206938,16315.68843197159,17386.882992850664,18201.12430602655,5769.265602345955,6550.146885546081,7453.058122443908,8207.45616552865,9755.642681439842,9523.24319360422,9732.23855159986,10122.812743297533,10500.613067921371,11405.585936877687,12053.96453468315,14052.564426513214,14285.303127637526,14426.168033712014,14553.066380528388,14752.452000728643,18139.340649863476,17854.32028265666,17841.954640724205,18797.405713917706,19274.829388138784,19442.900659408893,19994.039025781087,20189.314934411515,21099.40682388807,21615.424015392276,22788.179230433623,24109.347585100688,15409.996117645695,16040.35245060399,16672.44643205945,17751.382334433412,18956.169679324845,19477.14129011452,19949.181655271877,20999.249309280927,22029.008775491086,23117.177720028572,9362.983377287243,10059.731440697069,11982.580792938696,12674.257737343907,13592.497078430464,14333.90855958569,15496.38554584773,16468.544278503883,17480.20823821227,19784.1772433994,12112.342122114953,12382.206395347781,13356.767516348893,14198.299429011728,14709.943343161889,17352.60539446778,17299.810685146123,17458.855197051274,16843.44113851389,16213.149212817285,14976.815100143025,14791.539435237753,14812.516547588497,14991.062188889526,14906.454304414849,15063.519284175587,15240.946056094592,15361.39695660779,16038.83968994112,16673.224786420073,17269.988687819205,13277.53422642516,13625.996560864429,13086.962433461835,12939.87234530391,12903.747423382642,12915.155978444376,12954.148275231406,13215.913304449668,13421.614702213208,13760.240640667944,14348.307827529252,16150.986240222452,16886.970001457452,17639.450517779882,18297.846076117297,18829.779756828728,19612.669817982434,21689.489143377687,22959.24738702637,8076.535754954092,9049.478200480004,9791.332196106687,10571.975761375155,11403.397453658805,12728.145790244025,13981.122775982933,15566.842772199368,16340.41415518589,17052.11697055261,17544.56254225431,17871.687556268247,19457.69196836574
Guelatao,11202.609062746305,10125.227537606912,9796.531673201052,9492.469649841407,9291.885361996543,9265.267402439036,8518.165538983762,8893.472816329891,9407.191705657408,9599.73183551531,9375.15810287771,8236.829211600552,9677.538661188162,11480.410390797904,12443.507074644047,13026.830193200276,13741.929966099566,14279.353863273514,15034.174711180473,15904.405754786585,13994.941718550293,13369.387835709693,12550.697508592008,11831.204714351416,11266.509081402968,10650.299867352656,9656.12405718401,9136.956281720355,8706.717115167192,8616.048998982069,8613.217273569624,8812.958516227032,8890.815296050801,9914.368155854214,11223.396573063195,11741.318399331176,12896.116652212322,14388.526096625368,15078.9732738577,15876.715495116505,16555.927714902016,8734.025123683788,6819.057931864478,5064.169868887349,3878.2212525948157,2353.6851528760035,0.0,1310.240085825773,2915.291123395376,4163.247642310275,5064.082510627611,5481.434951425202,6382.549964341813,7548.164087580833,8517.723690283492,9483.990656421229,10645.317935095887,11704.063548786597,12863.935453352846,14144.014290161278,15225.94614059086,16078.60117335769,5248.862200927134,5582.658123085129,6158.305676437082,6782.725786387054,8074.395658091406,7682.440493887155,7784.6532776123395,8038.3145196047235,8303.056324098894,9172.129818091033,9812.385842847556,11801.086548261334,11991.718408611001,12108.166636518436,12223.447122091276,12410.586336760967,16347.433246041766,15857.195708071951,15788.166179597516,16616.866120585713,17028.321355122658,17165.833613244784,17684.32413800272,17850.52743167303,18750.702882244877,19262.144865022674,20434.84360097912,21760.005532935545,13193.485816161867,13775.673474048715,14390.847862165467,15455.849390308003,16640.17825444128,17147.336135367394,17610.032929059053,18653.386784353217,19677.656572904918,20764.780590152513,7014.4685921420005,7738.158239544523,9695.204218492221,10357.499503540472,11266.248612330979,12004.505861710466,13158.30009052561,14132.758885217203,15154.487356643705,17485.280408540755,9784.56318182343,10035.980666254583,11013.930536712729,11901.810480536642,12460.0483731244,16011.83886867168,15808.186856374705,15840.694200192504,15155.355078073255,14445.511798795622,13023.981897326505,12767.919015878084,12700.219876560886,12751.01076682241,12632.81895587775,12759.326507132651,12914.40225555882,13024.608894139288,13685.271674320378,14359.334652941281,15043.852420013012,11835.461157419975,12018.84439688704,11253.091982922115,10977.442742682724,10854.6482453093,10787.89279472568,10775.92003827017,10933.8262003809,11102.327411208918,11419.088727381002,12005.847813355074,13817.58207991586,14554.230151700944,15307.504296185787,15961.29328669264,16490.401890564302,17271.449160220844,19361.437973401047,20639.462233706487,5724.638044432864,6697.642138560773,7439.558985177567,8220.566627686196,9052.560931035503,10394.962750552831,11661.997248343936,13273.245973709423,14066.765882395635,14796.758069011785,15301.050493028264,15674.291634146844,17365.743702272997
Tepalcates,12131.136614735977,10982.65172345219,10549.947713608472,10108.84315095392,9725.249738803495,9614.078070251839,8675.84521820167,8871.245214618384,9247.716087932686,9285.075102474379,8921.830540820072,7602.9269413591455,8881.462717921486,10600.00447765797,11526.771347416367,12025.197141599274,12731.78096729366,13256.677458878225,13996.373003548018,14849.296581208191,12685.870635379217,12059.576526754194,11240.457595082471,10521.638357553267,9958.75161956812,9342.077867645223,8346.470310348373,7839.279300576775,7441.456175401658,7397.2787431445695,7465.222035058187,7778.847537760718,7950.665911908835,9075.756619153146,10461.226263050205,11004.533873971417,12208.165371097117,13752.154607326358,14462.894829261235,15282.087158774091,15977.889935499345,10039.568372640786,8123.022122483519,6373.959127441554,5185.477113352192,3663.0304817016436,1310.240085825773,0.0,1605.0529299481066,2853.0075865481303,3780.8175479032584,4177.119099411956,5085.913945742902,6267.623397085751,7250.873982674149,8225.020032551236,9401.036965528929,10474.95450546844,11646.21357691733,12936.734349685501,14023.49987342646,14898.513169632952,5340.916770839431,5364.75522871883,5678.542547935141,6181.807806632481,7250.973551128079,6750.060876397608,6770.401239223037,6917.744303026828,7096.194278837959,7935.895759060561,8568.741432382367,10547.069538097263,10711.178076177537,10813.19921216372,10922.096925268947,11103.273167823047,15372.839878707471,14755.820106802186,14651.470213399427,15400.39369375003,15772.023526275349,15891.80033521782,16392.12530433564,16544.119089322186,17440.83279925372,17952.395944092983,19127.497370468598,20458.200645872934,12007.867231340846,12550.164337134695,13150.717386940667,14203.281478801935,15369.814212374557,15864.823072972591,16318.889521795707,17355.522627381888,18373.510858918937,19459.12739824397,5716.332807981025,6471.084077407462,8457.39288500898,9091.049170250526,9989.80535210153,10724.51315120957,11869.305444934344,12845.66866003924,13876.296725496879,16228.668910591381,8485.058783499304,8727.09256737205,9720.802060194903,10651.924589016537,11248.867537469647,15318.239657017148,15023.023341199247,14976.784527479189,14251.357890053197,13495.000788573641,11961.337385435512,11660.078619761976,11534.545629923326,11502.87093842992,11363.896372955429,11471.969459554979,11614.492251257892,11719.522271317424,12377.3772756846,13091.977653435222,13847.200069189717,11115.017108826873,11189.46344514291,10280.594087934145,9920.05765092581,9738.901737117112,9619.10280886387,9572.553409850281,9661.458446898518,9807.083579785369,10112.194657206954,10698.31859049081,12514.002595112574,13250.863284404732,14004.41544591062,14655.989427730106,15183.828775750751,15964.078033360869,18059.736461977256,19341.611472866163,4414.3979882242975,5387.402053412883,6129.3189141317625,6910.337611996565,7742.384538572759,9092.229052377515,10366.585669785412,11991.790516514056,12796.594130664302,13536.943741133917,14047.90482578032,14448.71968048834,16202.23914340126
Canal de San Juan,13353.808269367093,12141.246904523547,11605.948513289486,11027.448181442738,10454.163337189004,10252.315921515456,9121.845973430129,9101.062863798312,9299.846701939507,9140.31295587532,8605.490831983789,7080.452969966844,8087.450347508075,9652.229635421483,10514.944124198924,10885.14242800575,11573.936318650447,12077.202740474668,12790.845027518533,13614.855194763895,11082.444417971165,10455.085923971608,9635.412176311262,8917.832944581016,8358.09149331358,7740.695459977096,6742.597789058048,6257.448912470128,5919.542905059527,5959.245008153758,6150.288620303423,6648.960480096437,6967.006058758076,8221.524806925549,9692.011168122084,10262.475938879472,11516.964958764525,13113.123531043046,13843.954548013227,14684.229994182095,15396.176932314876,11640.552713373056,9722.958597759776,7978.589516777266,6788.275648182871,5267.515123604155,2915.291123395376,1605.0529299481066,0.0,1247.9622303844728,2253.0087066408832,2586.855354573765,3510.466252187229,4720.087316311795,5724.369794289406,6708.245501654386,7904.430547774929,8998.974539616936,10184.210776845352,11486.919850153734,12578.179937355175,13483.862924678575,5861.759649674922,5522.515446263979,5470.66173592025,5771.331199681813,6461.696470745243,5806.982364519597,5692.071756528527,5654.7126765719595,5678.626183248033,6459.769036712496,7076.597607243761,9031.357384771958,9153.011374193477,9232.04156266281,9330.80103403703,9502.606037163452,14249.747669604843,13455.473489764376,13300.499714221765,13931.835846620921,14245.103693211828,14339.012091392417,14812.798893179752,14944.355974853925,15836.221423383979,16348.171087068768,17526.85850572432,18865.542987101664,10597.421215411809,11076.92522956649,11653.885288268837,12686.031219577242,13824.804043250926,14301.460716754586,14742.547101275659,15769.000008949924,16777.62386545096,17860.95950125843,4137.291609541581,4950.979790754232,6978.775511803615,7561.220844521268,8441.32872726566,9169.143721301969,10298.394114799816,11277.070500716593,12320.640752721674,14703.274240031655,6898.078944305614,7124.159039806828,8144.926200939944,9145.226712777143,9801.656681032071,14581.154183721465,14164.230791719197,14010.148300078368,13233.942146613783,12417.336991047534,10731.945298286326,10365.196692688825,10152.741299537593,9994.225903756673,9823.139085007952,9902.300797299551,10025.201551478976,10122.204355249638,10776.244941959301,11553.61541051976,12414.341158350835,10387.375535235406,10307.173201523701,9201.276198812124,8716.244271875283,8446.22163435147,8243.441783675564,8141.693840864811,8118.12746735665,8226.17773394767,8512.316198600201,9097.36006660903,10918.840975568624,11655.887263969986,12409.727439709608,13057.962187864194,13583.915142273074,14362.975722450832,16466.5179385572,17753.652958179882,2809.350349597017,3782.3553100927024,4524.270894073757,5305.289709045989,6137.40255797231,7499.43210666262,8785.007905025814,10430.8273693495,11252.082569289096,12007.193650676469,12527.47134399237,12968.461219119505,14808.466808432431
Agrícola Oriental,14359.916973671907,13110.81125192486,12511.83924508022,11847.41883394793,11153.040704272333,10891.932266762647,9645.66908808713,9471.21281347661,9534.485172669789,9227.01793492516,8567.56126488449,6914.362787254602,7653.531855629398,9049.663203943763,9842.916194873866,10091.19059893448,10757.920177770768,11237.707070121733,11923.106461958734,12716.536012960314,9836.443337344788,9207.898747167683,8387.45123421721,7670.928396738249,7114.378802612936,6496.342243583392,5495.7427332025845,5036.355227001367,4771.460737216478,4909.695378608733,5236.540115115902,5919.056369709381,6373.579784280431,7718.86932397759,9237.974375027925,9823.423208541542,11105.259451225664,12728.853047828874,13470.04609195017,14321.189869853793,15041.38500916525,12885.692882043015,10967.589252497872,9226.415951016943,8035.322408449103,6515.322060659688,4163.247642310275,2853.0075865481303,1247.9622303844728,0.0,1207.7347500141536,1376.2618411007495,2315.8581746308532,3554.665293472269,4577.324352221083,5565.80380440449,6777.859640090674,7889.108527346056,9083.802233901803,10394.17305774214,11486.697889298182,12419.12156797186,6520.590923587358,5954.508052424023,5634.708832139287,5755.017045684494,6080.098536960235,5303.995996537805,5056.130599255021,4820.20441363248,4664.929979947653,5366.526564078952,5959.932845010433,7879.731786139174,7956.14473385925,8010.488164779797,8098.2481125248105,8259.778267362692,13448.838156937421,12497.330895952402,12295.951192851473,12815.334782202379,13072.897533996396,13142.068351776605,13590.205801767377,13701.915990611,14588.839133156247,15100.777664176134,16282.46019420149,17627.98511520399,9540.101460071983,9956.934593509712,10509.70708858923,11520.60118556066,12632.077758409327,13091.391588218014,13520.33899771139,14537.271829306486,15537.408657746408,16618.680323063032,2927.4521966716925,3814.688991980445,5872.225213616836,6395.014045786859,7252.455228579413,7971.666792276428,9083.796623298711,10063.944487614352,11119.128197593875,13527.944983354177,5672.388795225418,5879.059655738633,6927.514656785487,7997.767423527227,8711.700444085818,14113.43633071804,13595.573153103118,13348.889716073512,12533.089291518747,11668.329605442692,9855.336790011741,9428.585022153178,9132.480320590535,8847.118954441748,8643.357427136372,8692.286375675,8794.461899005362,8882.895793330523,9531.76694831802,10369.537222739438,11329.198834248711,9970.145497228705,9754.770068084603,8482.82722858434,7884.2455400578765,7528.872459722765,7243.08139695422,7084.253274772229,6939.584986811185,7005.88381886096,7270.562935138078,7854.271675956187,9681.620106476032,10418.687748674382,11172.666642652714,11817.427675819545,12341.425313879594,13119.236234037051,15230.284705789401,16522.22578296401,1561.390402793589,2534.3947301261455,3276.3113508140686,4057.3733891622037,4889.621415116679,6266.281537360687,7563.3987136621745,9229.254986486078,10066.187525514772,10834.928345601951,11363.58204997339,11842.625829573306,13759.891256007035
Pantitlán,15542.810742350859,14302.985418461592,13714.617553312139,13055.140270090935,12354.082812738778,12085.015475977447,10817.36258535575,10599.161608499231,10610.948334296561,10237.08837077033,9516.072853285033,7806.45234754845,8337.86446246438,9557.200045846394,10267.426174290997,10370.65633600864,11001.990608594384,11446.347080654765,12087.469809061384,12831.71636690622,9112.504076417728,8465.514036449102,7614.825224322748,6859.406694599302,6265.386534777523,5658.992896033932,4706.142350441812,4085.3667485228157,3669.8722040424313,3728.1150167075016,4028.8665603959944,4744.784284858557,5251.0148716423355,6629.143380340975,8162.80171661998,8752.72182125186,10042.647648526156,11674.415618756797,12418.679799034799,13273.099217351248,13995.774832873463,13684.849661549662,11767.681256403934,10101.346923696767,8931.937303752633,7404.376719132409,5064.082510627611,3780.8175479032584,2253.0087066408832,1207.7347500141536,0.0,1419.5901831879448,2167.9934991963837,3365.393809961783,4379.207235677755,5340.9448686691085,6560.325659972371,7688.97771337358,8886.965136993153,10198.879793109329,11284.26584659152,12263.03994463899,7721.858455550389,7117.677732121933,6714.815005859696,6751.800759586549,6838.667277917958,5986.141261484113,5624.1854297402215,5173.014196995256,4753.552035730761,5266.713445348209,5787.079614353492,7578.101716678305,7517.111527880493,7471.910563686588,7500.938405346799,7584.745349270339,13689.355662148604,12524.817520065877,12249.433418542802,12549.719100637993,12667.544512744567,12660.90585121107,13009.052457794465,13002.451228080763,13821.729376087602,14273.789202254153,15412.089306094269,16709.92999656687,8367.004466817178,8825.123686307763,9401.124260437882,10437.073160905193,11590.195961150148,12085.133953016144,12546.361246147539,13595.607325429215,14636.479003182336,15730.378868426758,1975.343696941446,2700.0041371963716,4727.854743432483,5315.784625586067,6209.107589789929,6943.8700472753535,8094.285990661506,9068.743752716893,10095.519026577322,12457.507160767502,5152.577269303487,5207.391523791103,5952.399047866512,6893.209028602105,7556.7927615351055,14704.955706257593,14094.451434112103,13753.30204556321,12899.593557363127,11986.282048067835,10028.79577511413,9520.317371501458,9091.178480286684,8543.671636272406,8251.278393241044,8195.568033068375,8200.848751717558,8233.046634965513,8677.222958058574,9314.098743435936,10172.233705501214,10637.65922219425,10302.701066438382,8874.784020089048,8148.256884840817,7681.211484650096,7269.259903340243,7009.457288314835,6577.324338623132,6486.9765183475265,6615.904019527563,7180.381892868046,9041.003761371228,9773.542284431465,10524.346058985402,11140.820853559968,11646.097437023009,12409.145502644018,14572.397027504181,15888.921010485621,1151.6270776328656,1925.3919027217648,2607.4367933216804,3360.6372364599083,4178.724533534257,5690.779862225653,7030.179562233741,8758.846285804288,9640.580376682055,10443.772372397865,10991.816123050627,11562.395804525688,13625.591294807453
Puebla,15206.760234390998,13914.881057692737,13237.120032025601,12470.871137638165,11638.306843520733,11310.985843610102,9950.6864138581,9606.556399710835,9517.693846793536,9053.081046394735,8271.60768993293,6526.4023221975385,6947.282408252067,8137.752124881247,8851.203576046919,8980.06557556677,9622.03861503712,10078.192102932355,10736.025579002777,11501.199196004742,8521.749793359346,7903.943402230181,7103.082048768193,6414.861825034502,5889.898139483734,5270.615106127156,4251.754603354321,3948.5370895907745,3926.029892971643,4291.923525073438,4861.386642070974,5800.0095438704575,6421.724034384247,7836.0802347122135,9378.18059660842,9970.548746193761,11264.656516307905,12900.598885937354,13646.366860653849,14502.45442741503,15226.368435714083,14215.357237844986,12299.625790489454,10528.969783648705,9330.207043830304,7821.401172776924,5481.434951425202,4177.119099411956,2586.855354573765,1376.2618411007495,1419.5901831879448,0.0,940.6599765337053,2186.64413822345,3214.5601472920953,4202.426207531337,5419.563257279117,6537.269598838888,7734.977649011661,9047.623599933037,10139.597642140678,11085.708144780949,7052.63033300989,6264.085958212394,5671.187392365837,5586.147653603845,5484.115007538004,4606.215054853838,4215.710389400142,3758.006969694173,3410.6315237249178,4034.000312298432,4609.171972725676,6509.72172104325,6580.619255123165,6645.551255649597,6745.671027004704,6931.071296137221,12313.174498378308,11235.746263782734,11001.204464262803,11455.487004125669,11697.235147352403,11766.931436383064,12226.33628049836,12369.43963676862,13283.239236570713,13826.472623375952,15034.326826271856,16414.15577925394,8789.49852508139,9076.271662758943,9572.001202226407,10528.053508925976,11567.5502392854,11978.019868406396,12368.739958894696,13350.553433498235,14313.421159359372,15382.981815201614,1992.9312589303165,3056.6634022910916,5089.746039399452,5453.372956174024,6235.030707456415,6921.538781845247,7973.013264203454,8952.551132959283,10036.998261294973,12503.31196029297,4311.301899875777,4564.509602336065,5824.514884414411,7077.132501996857,7907.310283990134,13289.127418617256,12675.007078054934,12340.946018132561,11492.547195419875,10588.130605199216,8671.024706053653,8195.306112489949,7834.876960605872,7477.95681872889,7267.319330070962,7320.509762320857,7439.176839893177,7543.180094253887,8292.715791599683,9337.820394295406,10507.663948888763,9237.662166482562,8884.782916518761,7461.028286411411,6758.074601923765,6326.185125953228,5970.303550715349,5768.057463440534,5563.868098928803,5639.863029252357,5938.960708559257,6526.915511812433,8336.911748507622,9073.75204959829,9827.296582335126,10479.858482576656,11009.482422524123,11791.521605242979,13882.850934012095,15167.42478427544,523.7021924577048,1316.1117260542173,2028.3362649666956,2790.272114805087,3608.839922366122,4915.227662335044,6198.476499979899,7854.787498877819,8689.932160063814,9459.423991009837,9989.289465451202,10479.492450123804,12434.489869467185
Ciudad Deportiva,15784.57826300582,14469.090118607499,13743.026489163476,12914.599787940024,11997.382449444778,11629.195677968244,10206.12619142028,9753.252727609923,9562.585557235989,8995.403965768117,8139.162225045483,6361.566920116711,6533.254582810876,7547.413920604745,8192.906573469247,8228.701682583649,8848.869662176297,9285.53827142041,9920.974206028019,10663.854312307383,7658.091539785323,7052.94588525814,6275.331058622233,5620.500149386571,5132.980432062813,4519.442659659608,3495.965447049658,3378.720375689184,3601.0482220826884,4146.236115843778,4876.888632114779,5961.367174271454,6676.3169366145175,8106.81091985229,9642.568378830043,10233.001522791066,11523.38337340371,13155.917810855562,13900.357072257355,14755.266625390012,15478.270520092225,15113.938382864973,13200.828719288998,11411.461935579458,10209.284733696351,8710.007106652192,6382.549964341813,5085.913945742902,3510.466252187229,2315.8581746308532,2167.9934991963837,940.6599765337053,0.0,1250.9953510349965,2281.314953334972,3267.3444631723173,4486.994000742164,5608.252754719744,6807.189281411749,8120.636453979966,9211.84089601915,10166.218453401558,7491.368220769384,6581.032823879869,5828.37681166197,5606.018152863192,5191.382009692634,4264.511475378312,3769.9100700235567,3125.916088190966,2590.2529178455397,3125.6723862154263,3683.1803577630444,5570.088985092144,5645.188414007276,5727.2853181356995,5843.180052389081,6056.070854555976,11532.109421172285,10365.526018221824,10107.849418109614,10520.140029581235,10757.050944318427,10831.840785910652,11306.651830337212,11482.989880032359,12422.057123113089,12993.6326717936,14223.486401112455,15631.45643673146,8422.30415006748,8600.415644227047,9044.595651976737,9948.462187036006,10922.43006740679,11289.929764266399,11646.681663378624,12595.851857855263,13524.66999642028,14582.622804640801,1792.5040958267311,2879.7241088082405,4769.691899963846,4980.257148419804,5675.85717930625,6322.294540898414,7307.745160040788,8279.862536914412,9383.876828746259,11887.842763707878,3402.823392145483,3718.069280413031,5190.996317906682,6591.078415479985,7507.492486689717,12731.740460111974,12050.04705830265,11653.24814490045,10783.806241485843,9853.236224094258,7864.466466936086,7352.562996955742,6943.753154315822,6538.580635201908,6327.613956928058,6391.912998367716,6532.422909464739,6654.432252623471,7505.222729735944,8732.471501975144,10067.964894708375,8773.400155102298,8319.75684408223,6790.644364124399,6009.43967737573,5517.364093384713,5104.767555085819,4867.3259040376815,4623.726850156934,4721.170879304338,5063.714855129097,5654.620109409918,7441.35387396859,8177.097117246244,8929.453813514821,9589.716475881993,10124.652054549908,10910.262331060618,12980.488272414512,14257.008508814746,1017.2933806304932,897.7809444169991,1378.5028911983054,2048.2541856566695,2820.1657906250734,4019.1253132610204,5280.689749519499,6921.4379530530105,7751.49989610809,8519.122327320425,9048.640659117886,9542.589221263504,11519.572999706217
Velódromo,16471.52570140914,15129.585679884307,14342.62480194668,13436.759387242302,12414.89775362623,11996.27724787892,10506.047703222792,9916.82388930735,9594.703207882487,8900.039321722794,7959.194285718082,6184.236462386256,6000.242153400788,6739.2333820093745,7280.123426218,7186.443433248995,7773.487382421906,8182.606683127876,8787.405628879054,9501.380389005468,6637.557012493346,6065.399288649111,5347.969753792102,4777.02669562253,4381.433581817176,3803.513634773198,2831.5939583712816,3103.379244645111,3697.2712290755903,4440.068920489597,5325.911040396025,6537.383107852871,7337.626765424519,8759.871425193696,10268.521133611528,10850.528057829477,12125.081919930723,13742.091115437841,14480.549879636481,15329.517262674055,16047.966496747267,16260.603153148637,14353.604628443298,12536.70761407134,11331.690058835798,9850.201640881898,7548.164087580833,6267.623397085751,4720.087316311795,3554.665293472269,3365.393809961783,2186.64413822345,1250.9953510349965,0.0,1030.5400359910025,2016.5210115507816,3236.049681638009,4358.160675557709,5557.41943188011,6871.048229760951,7961.857591969479,8920.427189042446,8066.632414521928,7024.894194918663,6095.620179025613,5705.351180924992,4882.791164815856,3939.886622457555,3326.0538699765852,2430.7626921079636,1568.4043178252805,1902.0977669820866,2435.750392972282,4325.068922264695,4444.102692272106,4584.713491481328,4744.267020776208,5024.452668329132,10436.436562257253,9165.809157357664,8884.173770984436,9269.612587117665,9526.397368275733,9624.763681840028,10143.856475480792,10396.696229196421,11385.680061466963,12010.81220627248,13278.127519795798,14732.787759758368,8248.37414829151,8258.962693239706,8615.28748730868,9424.01209660073,10281.133771268453,10573.590727336526,10869.712465345214,11756.896878936215,12621.487558042227,13655.29981619616,2356.8573656851636,3258.951663955461,4784.980777287176,4749.804339602079,5272.412095972753,5829.354884237947,6676.669127290709,7619.969126700544,8743.877770209921,11287.789896019072,2327.0314531534386,2816.001963905324,4676.05770251955,6277.718354386185,7303.881487488875,11922.641673360848,11154.774779095676,10677.133658649826,9783.978967805073,8823.423617314256,6749.918191051746,6192.965118399303,5726.296476029289,5292.626244025962,5103.139015689983,5213.749382436595,5417.016948433615,5583.784757214942,6643.656115368131,8180.996207691258,9760.718456460536,8125.30391006351,7536.640030441788,5878.428597590349,4993.718712919073,4418.593244112108,3927.273005875559,3644.164219843366,3398.2603552229402,3585.686334107107,4045.833237645386,4634.692623640673,6348.918001460441,7078.393577463132,7824.985660745366,8500.641982451009,9045.596198748086,9836.568113097192,11856.596643392226,13113.334216935047,2223.7064822679504,1619.412480217256,1455.2307672488905,1641.0421187784316,2143.4810962622637,2965.8878437676344,4142.8526527467075,5725.332875711493,6533.053110678595,7288.192492940833,7812.19648860007,8292.921648395859,10276.622078930928
Mixiuhca,17062.6160612193,15704.477009750659,14873.4632032768,13911.836424623565,12814.52233189368,12359.353791901398,10828.913918023656,10138.214334105951,9714.199650233491,8924.33738505107,7928.218272164061,6197.406139121465,5703.314188833129,6160.157945557966,6589.179547024388,6365.612580220012,6914.802626435656,7294.127104275132,7866.305192541939,8550.429623848175,5884.843588406406,5357.486728345486,4722.150347081231,4262.436724264508,3984.5391502487923,3479.2188122046787,2656.7316113282704,3269.640839954042,4099.408112597156,4937.620975231611,5895.806950303647,7164.793393494723,8010.2377088178755,9411.126276551237,10888.134934150965,11460.04188438053,12715.399020337361,14313.011181602378,15043.914196774098,15885.200464138006,16597.731372479866,17205.285767152513,15304.419158260864,13468.818827199686,12263.516086263748,10797.408833176087,8517.723690283492,7250.873982674149,5724.369794289406,4577.324352221083,4379.207235677755,3214.5601472920953,2281.314953334972,1030.5400359910025,0.0,988.5110837422995,2205.7358099641256,3327.7761508626604,4527.160009405889,5840.846886433566,6931.456806096716,7892.698934186285,8625.24244628435,7503.881369013856,6465.129632355152,5958.5590518484,4832.554915390359,3931.2701544689367,3260.650983858933,2224.62802373724,1116.0045087619726,934.7355837844692,1408.9733175516083,3307.5400261114273,3493.226062741978,3713.24256388217,3927.180208508304,4285.1228433776405,9546.959324477923,8179.764481180489,7875.832423871373,8240.960034563639,8523.650340764296,8649.151154873274,9216.116144159323,9548.934036911589,10585.36347467077,11261.381814996113,12560.586871481632,14055.008562778188,8274.81520360516,8141.64222178332,8414.692973879126,9126.974076205574,9868.047120065958,10088.106020502399,10324.84994497501,11147.676629696492,11946.843940711366,12953.771174203393,3152.046949465344,3879.8553815558635,5063.561549988826,4830.928972032038,5177.65784799406,5631.990133346364,6325.1546984924635,7222.351983822638,8348.642411066117,10904.031014331349,1664.9450391541632,2356.8799544267845,4504.335862366324,6228.699958563215,7323.466782865447,11293.070904527747,10450.211987281284,9899.580571678951,8988.22007917838,8003.818948580209,5857.387720207083,5255.8126829352905,4728.185053076431,4272.505838805388,4115.105497263705,4287.907328461515,4568.835628340812,4787.590896898256,6061.757257150381,7876.1984497139165,9651.825286041943,7677.104368320291,6969.339371079913,5209.771499264022,4230.983503140269,3570.5896761565355,2988.251710884561,2647.052037725753,2418.5957890041614,2745.902017884463,3351.8681298378556,3919.141809673934,5517.856328505281,6233.897469020339,6969.154817384533,7657.918260793235,8210.864594766721,9003.976750150909,10966.178709689564,12200.52216987077,3246.2354838579495,2553.498826189943,2172.6694203063803,1975.1167071104005,2072.5979607800464,2279.4460896709943,3285.7582304506273,4772.837034970922,5549.063600573603,6287.037018918254,6803.51116119809,7265.900461897177,9250.948786459925
Jamaica,17741.34924531482,16372.763637018828,15507.61830673074,14502.66745804105,13346.235972273736,12862.15882391381,11306.222963126273,10533.049072523343,10022.549759975062,9154.574568714424,8120.591610924551,6463.256408920242,5683.7740747309235,5818.9700558388595,6105.431326051614,5718.612448728426,6210.345664933556,6545.571465509695,7068.65543486539,7707.352537241829,5175.284356288311,4707.283474221357,4181.872132535388,3866.5889977236684,3733.761081467089,3341.4441220085314,2758.2474904686137,3616.504038724307,4591.838100816928,5478.7978514178685,6475.701949563985,7775.51281993615,8652.192036046355,10023.21233358434,11462.311337175232,12021.884319433064,13253.54924194288,14826.76722717483,15548.078487714882,16379.503468403072,17084.402204104033,18152.33065351594,16256.061304265035,14409.377799020021,13204.692490716414,11749.198654717446,9483.990656421229,8225.020032551236,6708.245501654386,5565.80380440449,5340.9448686691085,4202.426207531337,3267.3444631723173,2016.5210115507816,988.5110837422995,0.0,1222.2205504456645,2349.362431076262,3548.6624572873125,4862.05507694457,5950.927382713006,6922.162981017266,9309.591265167455,8136.897585359438,7026.622179917193,6436.387078644229,5082.542944299767,4260.536463972512,3585.131040120198,2542.339414517249,1515.679364070891,579.1444650885977,489.40315930240376,2323.754953850251,2586.5328037726817,2905.6497516608447,3183.17335940805,3625.8637324882525,8784.46967118937,7285.122004211004,6944.889167048858,7253.174788143424,7547.054517729605,7694.298083354961,8303.820199921232,8712.935388857812,9792.442015785593,10516.00569478383,11841.974118571039,13370.48115676085,8321.708983540742,8051.916313642208,8239.50212495946,8847.610590078835,9465.888251252927,9611.859914585462,9787.522868222422,10541.327128910458,11272.291966079565,12249.481978676034,3970.746061296248,4551.61534937195,5414.507035854265,5013.169883703979,5179.801269994542,5517.585624675101,6035.903244781005,6868.074430170746,7980.325247444332,10522.694258606984,1395.7576918270206,2197.806877037672,4459.387155971511,6242.740725814543,7379.39092775676,10834.643287134772,9910.914429459088,9276.609068770777,8348.588896393556,7341.3412696378255,5116.7560441686155,4454.550166520817,3826.6696656796453,3286.1833902521525,3158.288346186898,3401.6046978685454,3771.4366744626745,4047.5920382990003,5535.919660734216,7605.340901623722,9551.21158444181,7454.691005485283,6625.882647562655,4783.996017153136,3712.95529406778,2952.7660628001004,2236.3110622443137,1779.1986576609545,1491.976597344591,2024.37155238551,2791.1982030411746,3302.2360826642425,4725.899305717585,5419.47747576001,6137.0369793831,6835.25299309116,7393.427908890489,8185.064183026516,10085.533605950717,11297.336417055081,4219.110716011538,3473.1011087356824,2991.414670345311,2592.4360598249855,2366.022960956133,1836.0292737421926,2511.2693143197616,3851.3555525925867,4591.58136982332,5313.103784292774,5823.468961631989,6277.469476221929,8285.054034798824
Chabacano,18499.171216555565,17120.986351299067,16215.504420723995,15160.289771119998,13936.391071891234,13419.649012004022,11843.75414681278,10977.978011045005,10368.807881839575,9418.26934756308,8356.328041583449,6825.314121002214,5731.895512697001,5449.557383768737,5533.977684576299,4930.949749082906,5330.911197482591,5599.785996951236,6050.741307007712,6626.13235016979,4596.06262154403,4251.501299953107,3937.826083920347,3862.3238991171697,3934.5584702975716,3715.6691216081213,3441.666195764984,4443.869821194031,5500.284954305822,6406.589648495471,7420.296091689751,8732.686499231531,9630.182280697576,10965.43967195383,12360.947254722008,12905.85255010167,14108.725243929935,15651.366739244602,16360.424438784008,17179.071472640928,17873.988018340144,19275.70593800204,17387.930054584755,15525.235350429626,14322.68406308492,12885.002213267828,10645.317935095887,9401.036965528929,7904.430547774929,6777.859640090674,6560.325659972371,5419.563257279117,4486.994000742164,3236.049681638009,2205.7358099641256,1222.2205504456645,0.0,1128.7193117633583,2327.061791246149,3640.119161609338,4728.710080870234,5703.459452869584,10112.711241071425,8891.248040672821,7714.954749711234,7042.138522274774,5476.036742867404,4783.73732024321,4148.627585883428,3206.5949384511387,2430.899171862504,1480.054347076872,832.9377632994481,1180.1696974172553,1738.2129871166494,2281.8631100270313,2665.7818760136083,3226.7741539071876,7798.321361846515,6142.624923167039,5761.899360589399,6037.493752914731,6389.849547998873,6593.159813361908,7291.947101272362,7842.559650816123,8988.326733347354,9784.950225957538,11144.433930914483,12716.879093320329,8696.109216107787,8270.235362081075,8348.776692635001,8812.27663947304,9256.070714302916,9296.544014743904,9382.173477910794,10025.89000118555,10647.124229045956,11571.786120296692,5123.817694343919,5599.957037966342,6174.136840142443,5622.017269706608,5589.948270093036,5778.390044666706,6056.753771285164,6775.544851168875,7842.245417868934,10327.722971750964,2022.132836451095,2712.3436779847643,4852.843719776454,6627.6550414268095,7782.497919029741,10218.872797445061,9200.851597810426,8465.24833876641,7525.256778344458,6500.6778789839655,4209.709116896985,3474.1197248250096,2703.9412644777753,2106.736730527976,2106.6410237899377,2543.3795440294703,3094.10075136734,3467.4586251994597,5241.979320055019,7605.483987411548,9731.053595309419,7191.364993147512,6227.154559820287,4345.747419523834,3213.888806345019,2375.4339743515307,1526.5188462186836,899.9786911650045,833.487617583294,1760.0904326036905,2661.7612665355105,3009.80786325527,4011.4270943029132,4638.82658658008,5306.178129452078,6010.442233441169,6570.349877438404,7350.151128056081,9125.246441168889,10290.392988541129,5441.127367845471,4680.017523708114,4157.826245910087,3666.0706599299697,3250.474818687159,2101.1055295972824,2020.3560397470617,2880.7537745189034,3505.9338143052905,4171.886970325443,4659.7955040267,5066.433442069509,7068.818066563793
Lázaro Cárdenas,19178.47725331614,17795.24831634867,16856.400227046088,15760.225814738656,14482.005007154004,13939.134473141865,12355.909198579395,11416.07287816424,10726.173832310798,9714.317870249659,8644.202683986869,7254.025745448374,5922.2113313625005,5256.478838895595,5128.607325889014,4309.228596752559,4589.258963780652,4774.400763066231,5134.56761804247,5633.0464651202265,4389.397608577225,4200.632749144965,4120.881760771926,4262.405829729733,4490.685280382402,4408.5762864427115,4337.521241138826,5387.47569164368,6473.113181084029,7381.520388349835,8397.997026413683,9711.302273037409,10618.979747189307,11925.116974572984,13285.100596342507,13817.655591256926,14995.74248460101,16511.24287999571,17209.20591238271,18016.127371176794,18701.79229119992,20290.610083159158,18412.325474742927,16535.965561303903,15336.716128894934,13917.305581154096,11704.063548786597,10474.95450546844,8998.974539616936,7889.108527346056,7688.97771337358,6537.269598838888,5608.252754719744,4358.160675557709,3327.7761508626604,2349.362431076262,1128.7193117633583,0.0,1199.6080908257843,2513.313729521594,3603.6970367390213,4574.814538005509,10866.22922574256,9614.038254846515,8397.153575699851,7667.937622297327,5970.120374506638,5405.785104076619,4828.4917797273165,4007.4067549120855,3417.6238409429548,2540.9492715965107,1929.2393014135366,669.2710862625476,1593.4825676441715,2287.9967368910566,2719.847408113138,3327.178044667357,6898.8621920776895,5085.212951413575,4662.803671774139,4932.865333136118,5384.740876907787,5669.263977788847,6481.429929171789,7200.186015992304,8408.20073720835,9277.340432895566,10660.175346141199,12267.260023391427,9245.35155924069,8697.867577680796,8682.392248288557,9010.41490433075,9285.939614633622,9224.524144084762,9220.127441357592,9743.91582784043,10244.27603356485,11105.16529309732,6229.677154688491,6651.280855229234,7044.440036430989,6401.422202556229,6228.8985304404005,6297.634943733985,6368.7546378285215,6965.312850745857,7964.58282115046,10356.96453459487,2989.531929663458,3562.3397064098435,5504.294161629773,7221.075613547879,8368.154599949388,9676.45004618259,8574.561242916056,7743.227993416856,6802.565829825532,5776.126548197325,3473.8524920715063,2678.248955187166,1731.618775919506,1159.2272290963306,1484.5975034904018,2182.203335414768,2899.196944742988,3346.2535570410646,5298.099907538397,7858.052102217997,10105.002662026345,7045.207733933062,5975.538698777542,4141.481907626152,3046.365854856503,2254.1872425757833,1510.1826494309987,1073.9286374235207,1439.4517372533394,2261.805668243305,3085.7289086106002,3241.289933937681,3684.061556053993,4191.890164411909,4768.505081805213,5458.678149823857,6007.009947545752,6757.495424018499,8361.214081098946,9462.107435168135,6568.315361493826,5806.935104234609,5271.782489887407,4745.640663667896,4254.816852955978,2885.7960200940074,2239.02030046162,2294.163161836063,2673.71715892277,3219.230251819841,3659.404353812115,3973.870775495676,5940.869438524488
Centro Médico,20003.144500043414,18618.305773644857,17651.006035243434,16520.211596462275,15196.316507039552,14631.513922287177,13050.136180283986,12047.87324881516,11287.864611834688,10228.518112659192,9165.133558669457,7927.098675044913,6412.417652376537,5390.561989518215,5029.075370787738,3984.0469499178807,4078.8051479919263,4130.459142796599,4335.94211255956,4697.80082163655,4403.921527155204,4395.188185825138,4551.2096252137535,4879.589729985892,5229.78995410967,5262.438559140249,5350.188003449874,6421.002679903559,7521.032846099721,8425.254598146594,9438.96418297658,10747.812239808281,11662.558187335877,12936.116965305324,14256.76084328418,14775.440149694583,15925.384307530361,17409.575132093923,18094.603348992794,18887.749110881115,19562.483576132687,21411.51527887614,19541.859081855717,17655.64486240548,16459.933527126526,15055.890540206938,12863.935453352846,11646.21357691733,10184.210776845352,9083.802233901803,8886.965136993153,7734.977649011661,6807.189281411749,5557.41943188011,4527.160009405889,3548.6624572873125,2327.061791246149,1199.6080908257843,0.0,1313.7252066663762,2404.7396159093473,3380.247894465759,11784.00991744483,10513.156144952714,9272.08754461378,8503.833721810299,6726.061185569659,6277.161485549519,5756.660458415378,5037.171262268881,4561.868394183529,3724.8737651421343,3125.844178507967,1460.3772581832127,2138.242500719791,2775.709676799236,3174.9781574611598,3748.26856949757,6088.136182044187,4045.7302503532874,3545.0769997876605,3754.292531720224,4337.411650651455,4728.783909702743,5674.9120595065,6588.604513737617,7849.047031729768,8789.393369666906,10182.141912749907,11813.227050996991,9873.184704369623,9214.058573584716,9105.803908552885,9291.812172634929,9388.444690857195,9219.993738505516,9118.7050546482,9503.194098623817,9862.501681362082,10642.468794034245,7398.308728431212,7767.735438430239,7996.941440178811,7281.591136716011,6987.900201022185,6946.636148853937,6820.698011128275,7280.340842760389,8187.541801495112,10443.434926197395,4082.896034859841,4562.378634358152,6291.084921361057,7919.641616431563,9042.0013157183,9292.847314586019,8103.97728767825,7163.789140972938,6241.139093652989,5240.406518790032,3052.467219551859,2260.452091198222,1177.8151115201902,848.8197776814378,1549.235233670013,2323.421481103812,3081.909617074838,3547.3029609864175,5537.102464429663,8215.361168512243,10549.39685702323,7164.593797952397,6014.803044590844,4331.026289585968,3382.2942735761744,2762.1119990571465,2289.348773596629,2105.738003498861,2488.2024309527797,3126.071497139395,3805.6451696329937,3788.7611877645754,3621.4140832527196,3942.142648464913,4368.985138251301,5008.86873496152,5522.848774482829,6216.1553482028685,7583.914596393626,8597.189650031656,7767.74863541059,6999.77725894981,6449.965595779428,5894.843464691351,5349.7352918727665,3871.910848230169,2910.736317896722,2119.6420217868913,2039.698442103008,2318.7517286027296,2655.8601084246175,2815.862517486359,4749.736724527285
Chilpancingo,20954.88548194093,19571.36551564225,18578.352684617123,17416.767811721948,16052.806567476517,15468.929343902233,13897.389288013419,12841.107032415117,12019.158954976721,10924.321097041135,9880.649724846095,8801.157115144819,7152.528871930913,5833.728902481843,5252.670469100582,4037.711611273096,3895.3374434401344,3763.0089640175615,3727.2374556789923,3854.495164597837,4769.251484682263,4935.958325451065,5293.27897878319,5762.843199495572,6200.103041193564,6322.029780026471,6528.10415013915,7604.874096532096,8709.567087033149,9605.883974945973,10613.077021870471,11913.571779333564,12832.259412360945,14072.350747141729,15352.384743400457,15856.455224979945,16976.339033839547,18426.388994349418,19097.11296457099,19874.880503590815,20537.32175275373,22651.66939445124,20791.005431117595,18896.429895753034,17704.73937662568,16315.68843197159,14144.014290161278,12936.734349685501,11486.919850153734,10394.17305774214,10198.879793109329,9047.623599933037,8120.636453979966,6871.048229760951,5840.846886433566,4862.05507694457,3640.119161609338,2513.313729521594,1313.7252066663762,0.0,1092.535309582023,2080.5791869996488,12848.369824647605,11566.498613282805,10311.550891412127,9515.273059440087,7691.148973977193,7344.096976063442,6875.257165790834,6238.755892550188,5842.581563233349,5030.949135048915,4438.518249143014,2695.5044509064614,3172.9162318370654,3696.5091401874,4032.975522717031,4532.798269574676,5379.216134414665,3053.2872231050324,2419.374259801054,2483.5006093484676,3303.8643382905852,3858.4363611990516,4967.577210687644,6111.787217464622,7403.087798332654,8410.134990568973,9791.268578750682,11430.224472944261,10665.716197122696,9907.493922311514,9710.4611883825,9751.679237782826,9661.687999648271,9382.298881491131,9177.498243899141,9399.115443685603,9589.943521442097,10263.359234755699,8685.938049079154,9011.878950796778,9102.065943505288,8331.617517637098,7938.026294367152,7800.983352019254,7498.343586388263,7815.211421914399,8609.12764911767,10682.780881489207,5330.11598306159,5741.837420365811,7276.71738950634,8802.144113964974,9887.256069394527,9048.552844651576,7780.7469943965425,6730.347755471011,5861.164976415994,4939.871447412004,3109.671946951579,2489.667317247591,1717.2520904272415,1823.059189333647,2426.4745882646585,3058.1184828162013,3733.1738945446,4163.342597535583,6057.034078749502,8770.658686347186,11155.461124031064,7525.767819714623,6333.952203418709,4889.187299022222,4143.616007114038,3710.395346676026,3437.0536779608246,3368.12985334199,3739.642155689856,4258.599280407458,4812.6264088288535,4669.8252803071655,3980.0174000532284,4066.443913216487,4278.24746057783,4809.8183092935415,5251.817782711462,5842.234256348102,6864.334899746991,7744.591230230737,9081.160951750362,8307.449268666333,7746.271484890431,7170.10337957903,6587.66074733434,5054.873120708453,3939.444589215313,2628.2108919622688,2037.0114206158871,1783.3288159869635,1838.4216628202487,1613.226772429416,3453.983848480747
Patriotismo,21823.562642168137,20442.681616606384,19433.191328313173,18252.135473675775,16863.123555942595,16267.405728228066,14707.316959763375,13617.659943007264,12756.602508302058,11643.496679236043,10620.686339845932,9653.231448842818,7936.0865163335575,6449.954101970894,5736.391291094073,4461.151122177843,4146.382181269644,3868.0864300944104,3604.973913954506,3464.8152455202494,5241.286712684133,5524.339753782999,6006.3523876094705,6559.234035041648,7047.665682142978,7228.069544796754,7512.663994699072,8588.444158041488,9692.591457065502,10580.270694528572,11579.827328300136,12870.863368081937,13790.973564864404,15001.890064485413,16246.794473076296,16738.12440089453,17831.617843727436,19251.37636390728,19909.3133248145,20673.258363070352,21324.60293654789,23710.442173124724,21855.354337374443,19956.37895011055,18767.30004248295,17386.882992850664,15225.94614059086,14023.49987342646,12578.179937355175,11486.697889298182,11284.26584659152,10139.597642140678,9211.84089601915,7961.857591969479,6931.456806096716,5950.927382713006,4728.710080870234,3603.6970367390213,2404.7396159093473,1092.535309582023,0.0,1061.6472556474266,13804.99148615567,12519.116283776531,11259.252596797658,10448.817430452098,8606.9825113502,8320.636550252377,7882.198437636523,7289.672825535608,6927.741848167009,6123.278365498318,5530.42572056677,3747.5603519262672,4123.576878527717,4569.533031332448,4858.168624960377,5296.167648524051,5056.228467191216,2541.6447089524686,1772.8355948611513,1448.1083146021367,2574.368416299082,3289.0109755368667,4512.637785893359,5834.23138286933,7118.603896681652,8164.844563529583,9514.978100339322,11142.72054657328,11340.677428888266,10512.828620934486,10249.72783407642,10178.290681349717,9941.94116501122,9577.150785207903,9291.007612272773,9373.970654821404,9418.821437552617,9991.500736910228,9746.926700650665,10036.80931644023,10021.434236757765,9214.742731559189,8752.188121221465,8547.644050396679,8120.781632250605,8326.44177870119,9021.083381317476,10923.608912013655,6367.549446767015,6732.344358030897,8122.365264080398,9559.364524800958,10607.939357041867,9065.653609442283,7752.5721157054995,6629.117509981931,5836.245325286531,5025.514899557102,3613.395308382872,3174.4740235401196,2655.7587190884433,2826.0208775285414,3344.8974147392364,3862.617030588886,4448.687738238245,4834.849360400356,6594.59268006145,9283.180381214555,11682.59129060003,8047.38028269014,6851.418593481253,5607.354986760886,5001.841578694377,4671.786506645651,4483.499555594795,4451.550043291679,4788.613395954063,5235.5831371819995,5706.054475122205,5489.200959347282,4490.597401620275,4401.577530515941,4428.668983056605,4836.177269979112,5193.139411290817,5667.539054007743,6338.907589400056,7076.7440304559,10169.606965981733,9387.71413426623,8815.688398281394,8222.705996752664,7613.875203355244,6052.876709625083,4864.56040196265,3347.7992461648023,2542.5853227546195,1925.3544054414272,1641.7383893908957,822.5562707253035,2416.9463043914175
Tacubaya,22268.17094750541,20893.413371794624,19862.92454716489,18658.029409205392,17239.572769378483,16630.342619788804,15090.634008670184,13963.187674469109,13058.462796120699,11930.415903199695,10940.146947216586,10119.985539725722,8335.653519129492,6688.0541887808295,5856.3806412796275,4574.966980474325,4110.992052689463,3711.0509963326954,3247.0399649878145,2853.6003261396245,6192.49877878398,6518.111187534355,7036.634773237356,7607.580412617639,8103.937608060563,8289.42970327673,8568.822328138192,9645.131969132184,10749.640763938172,11638.913205370402,12639.590943457746,13931.630253042727,14851.685286392067,16063.492999450687,17306.153955981154,17795.922138695318,18885.077909647818,20298.208441578685,20952.867250481337,21712.967760050054,22361.010019501595,24485.28222971221,22646.289687562534,20737.03836746749,19555.894886791488,18201.12430602655,16078.60117335769,14898.513169632952,13483.862924678575,12419.12156797186,12263.03994463899,11085.708144780949,10166.218453401558,8920.427189042446,7892.698934186285,6922.162981017266,5703.459452869584,4574.814538005509,3380.247894465759,2080.5791869996488,1061.6472556474266,0.0,14398.562554147602,13110.966719143285,11849.053544725097,11021.867808028002,9168.084133340571,8972.572897688158,8586.299332480736,8078.990783656614,7810.055684327579,7054.0687337963955,6484.7111716793315,4773.610619146732,5182.611131403675,5630.3120714009265,5914.246346494178,6340.845181624974,4426.2446044087865,1898.9754026371147,1122.4939397498142,1201.9632246609099,2727.067773232557,3567.838087038711,4839.222195043271,6284.588746039124,7534.062056824835,8598.98582273353,9904.120050882646,11506.2713732616,12345.969098046606,11492.228145810654,11200.691546566959,11073.32272887994,10754.08879905653,10337.314310221545,9998.190611630225,9978.198701648445,9903.123555036489,10379.874871208418,10766.510301344579,11081.147211288151,11082.955457593253,10274.102863313,9801.288197418857,9580.762457314022,9113.851959872625,9271.858825790789,9913.781995321604,11705.600846014071,7404.456685539251,7786.904686266646,9177.538186091511,10593.905958674544,11630.133092358212,8658.41164869319,7323.388085046161,6155.64196498193,5455.1692521531695,4780.7941983715145,3861.0225175300625,3628.958997275439,3388.829439050692,3871.9819967373205,4405.626711351277,4918.539394233812,5486.659768901313,5859.5559826588205,7561.292851295679,10225.026914815255,12623.835374148952,8152.846846647629,6975.74361673053,5977.691220276843,5546.630664369426,5351.338145870206,5292.113804715582,5342.586911059587,5817.5408043089665,6291.948378018826,6767.259404926148,6543.354584042408,5466.429573852689,5304.757135784966,5233.896595983058,5552.14869371523,5839.328343440686,6210.692475832897,6527.593619360011,7078.357768141888,11138.238886099003,10379.911408889684,9825.64839712373,9249.827018348504,8656.992332573567,7105.2071346477915,5925.904531133906,4393.859711234991,3555.1439661924537,2854.6508993249467,2445.0557885030034,1409.3656769325305,1373.5532741642485
Constitución de 1917,8438.603003898834,7079.442309711858,6276.817705909714,5426.120159861228,4632.4760565214265,4392.920102559676,3334.971713362955,3653.256294390876,4268.97420644143,4711.5987230526825,4851.408468022194,4521.90301086446,6369.91072825784,8319.92590977037,9361.921965549214,10340.46191079113,11044.47355084763,11613.680029442687,12406.059368262739,13328.09176309333,14477.30302800447,13975.632334818845,13342.708087575298,12828.950671916322,12447.81182120354,11864.152452902365,10869.261522405719,10870.081594686266,10976.564881918777,11309.48720531978,11741.46768363961,12424.727374712169,12810.15812276824,14082.782447569105,15551.539698538323,16119.390194586145,17366.229950766483,18950.642491598926,19675.855597447633,20509.538814680327,21215.953207722683,10819.542018910002,9247.467717601436,7382.440028007923,6450.556079097225,5769.265602345955,5248.862200927134,5340.916770839431,5861.759649674922,6520.590923587358,7721.858455550389,7052.63033300989,7491.368220769384,8066.632414521928,8625.24244628435,9309.591265167455,10112.711241071425,10866.22922574256,11784.00991744483,12848.369824647605,13804.99148615567,14398.562554147602,0.0,1287.694570982701,2549.7290265959095,3380.6224953561255,5234.293979902999,5510.513813247323,6040.8846771647295,6906.941650927984,7797.158556788237,8781.578230302595,9395.575812704512,11247.408024564991,11813.10956755687,12211.22612300815,12489.957227267958,12897.279196767015,13293.398028489222,13583.580129483387,13772.968162718382,15251.089491968845,16107.708811440307,16502.328183171085,17346.052255909763,17953.97283427993,19079.315918279935,19824.597917925876,21150.71372396466,22668.429426762243,15841.027053262009,16085.097013951628,16535.71129955706,17424.21477082943,18339.292052503584,18639.777197148353,18922.34258606649,19770.980740031537,20563.77404818618,21555.126766576934,9045.009099761408,10101.794571041057,12142.269618323551,12458.2790406917,13165.788934397193,13798.854335739401,14725.620178853816,15679.3827409494,16799.819450500738,19332.859009785418,10275.5050283083,10869.153158156734,12655.58845138973,14076.412683042514,14951.706052333448,11818.303097602551,11941.497620469672,12289.306849115253,11817.984271347179,11376.81014503439,10703.446214304726,10774.459580777846,11156.019503917183,12025.455967248983,12202.424567239475,12634.957619898458,13076.041570519275,13355.413822640987,14671.762416786909,16196.28374313493,17539.496448418122,7960.952928952599,8570.614254287717,8590.239214137458,8851.936166756212,9141.482076736896,9495.503131088355,9793.252468596591,10740.228940736337,11317.619062749858,11977.061931312961,12540.628918501874,14028.806830467907,14706.580478256092,15402.360952240466,16106.002017920855,16666.422690904055,17452.26132905778,19214.01069843639,20327.84633507964,7554.428396814788,8283.634800997448,8869.86364536494,9494.673403202261,10173.913634862307,10902.147022294177,11820.54780170734,12992.149352867087,13533.983348558486,14058.885731783945,14439.039875701834,14460.454153206065,15474.831489903687
UAM-I,9613.486830365186,8239.87611687174,7374.643071194571,6416.798879468293,5418.296067435089,5054.278313242362,3702.927701836544,3579.737078851458,3883.082234846616,4021.290145186697,3916.9435145198095,3306.5546905980495,5130.729849202195,7086.150573839705,8128.104025703379,9077.87204870722,9785.963613528247,10355.327979311096,11148.101728756877,12069.64717822465,13312.118043335868,12828.86568835507,12225.245648908382,11745.31735505555,11396.067385021388,10827.105581851236,9852.127924824392,9940.238534093236,10144.706132434101,10555.909355715641,11074.292418157554,11862.123907739453,12325.299369682993,13652.246063772489,15155.147330040145,15734.48346214775,17003.672656147945,18612.415948393704,19347.396339886258,20191.626560174114,20906.304253858234,11965.430193201726,10329.123028063059,8429.89558286972,7420.924678932994,6550.146885546081,5582.658123085129,5364.75522871883,5522.515446263979,5954.508052424023,7117.677732121933,6264.085958212394,6581.032823879869,7024.894194918663,7503.881369013856,8136.897585359438,8891.248040672821,9614.038254846515,10513.156144952714,11566.498613282805,12519.116283776531,13110.966719143285,1287.694570982701,0.0,1262.0344687182683,2095.956623360542,3948.125574177609,4236.167906101321,4785.575900671875,5686.126794343736,6621.219613018147,7595.3069458906175,8195.229431411322,10012.60369825951,10605.125255672841,11026.791717258337,11319.892993868529,11747.589818351908,12079.151545596245,12308.733949985479,12489.593100774186,13964.842040567873,14831.42971774943,15236.0471672381,16095.465182509255,16733.075134434104,17873.400603041202,18637.766760326216,19974.40307559824,21507.337977490883,14996.304694432989,15171.78539419555,15587.831323044826,16437.798185849613,17302.79571249848,17570.799399777068,17826.778048383378,18645.846552252366,19407.92189098041,20385.142381427035,8232.55971623272,9315.797687413447,11317.091234310132,11559.520879936497,12218.084634464603,12823.41452211555,13701.55507428503,14641.955132546183,15767.110834522948,18312.63337706982,9165.820532662783,9794.817347861926,11672.590901396938,13163.781699393487,14087.067578937991,10826.851061633453,10860.310785390708,11143.924681507857,10634.146165918482,10154.744422262058,9423.362303399166,9487.29349447933,9871.485675483867,10772.847839760565,10969.59696834267,11424.487823820557,11889.137986019437,12183.596522709822,13565.318043626465,15199.43416867396,16646.74022386067,6847.033089283512,7378.707546436437,7317.127609058963,7564.3579508884,7858.041519352368,8226.511647273439,8540.177427279932,9542.804653516934,10156.193259336616,10847.371031178009,11400.773964607088,12838.912190000467,13506.183317944922,14192.495181856797,14896.765993218762,15457.168728694161,16239.868101579155,17970.515943817634,19071.674324052907,6782.547231159298,7420.043311315033,7950.463871323076,8524.923094597154,9159.090279877815,9782.754386868724,10646.364641451693,11765.510557227864,12285.620509665858,12796.072036292999,13168.929844447097,13177.958511046241,14190.47843936248
Cerro de la Estrella,10790.057059546032,9409.458315780614,8502.546479496348,7476.216274235772,6349.685797686968,5906.700217282802,4412.3972142626135,3938.6564019336597,3900.6425974881313,3671.8151861079887,3245.208696431602,2197.064681632081,3946.5992637430145,5899.460339119574,6937.990310142052,7848.423544039314,8561.02454322207,9130.05971502044,9922.681709019023,10843.009872565284,12193.962842765974,11733.22421727504,11165.542745435288,10726.979397614901,10416.656893134275,9868.011417314692,8923.149441532938,9113.603852534647,9429.156538419466,9924.293610336837,10532.522614986994,11425.0014821615,11965.809803281549,13337.615677884987,14864.70704771181,15452.10628521716,16736.831929322758,18362.432905662376,19104.130428951965,19955.650234943165,20676.01830550542,13113.94142234559,11430.620184824964,9513.743178287303,8454.458309625978,7453.058122443908,6158.305676437082,5678.542547935141,5470.66173592025,5634.708832139287,6714.815005859696,5671.187392365837,5828.37681166197,6095.620179025613,6465.129632355152,7026.622179917193,7714.954749711234,8397.153575699851,9272.08754461378,10311.550891412127,11259.252596797658,11849.053544725097,2549.7290265959095,1262.0344687182683,0.0,845.930464064933,2689.0257690013154,2998.245125818596,3577.602533544157,4525.639794450907,5517.212419494201,6470.286950316449,7048.667241742272,8817.012592235005,9441.573643937229,9890.915892589523,10200.55784417092,10651.36359037379,10905.563010988506,11062.222336042883,11232.775927144949,12704.49643398918,13582.635634240703,13998.738174270968,14875.87518658889,15546.877321914424,16703.266889071096,17488.330033319424,18835.56278405287,20384.02672044409,14232.74901905512,14332.371515145103,14708.85016510204,15513.769465814434,16321.533250866882,16553.208638726257,16779.397349881227,17564.677813275495,18292.076467160776,19252.94130112812,7565.185649366911,8662.561299024148,10597.989983766205,10755.46045968861,11354.206881892,11924.865523590668,12744.20954330914,13666.409234298992,14793.670849187758,17347.130992019185,8129.19177908474,8797.483899507872,10771.500136762408,12334.22995896984,13306.01764857897,9921.595300360974,9849.142600669358,10054.97285283407,9500.270413378305,8974.953050721015,8171.14198493726,8225.946534709956,8613.443071577793,9554.186123344054,9774.98581224573,10256.304512002509,10748.310525890656,11060.039370841627,12514.464693174412,14267.529903581863,15824.465329678671,5825.408949827399,6247.673547431551,6075.402899154583,6302.488149225151,6601.757412509114,6989.394100733486,7323.662016981837,8395.096373714983,9050.993691715468,9778.02452832478,10317.302282548417,11692.741263439973,12346.682364060556,13021.132030694276,13725.383668021454,14285.2227773268,15063.6694070516,16758.205831641928,17844.83295762553,6194.5095428501745,6706.757607438377,7160.186891762022,7665.692460981395,8238.63580984808,8730.658351916676,9523.968873529653,10577.316086521916,11070.806744910291,11563.690614972982,11927.740239930283,11922.080362509001,12932.384904226808
Iztapalapa,11512.903091309061,10128.954106220623,9190.897633752864,8118.455399224654,6914.1762245175105,6426.007743613868,4876.767464948129,4211.607858357641,3957.0262269147265,3485.289301915141,2837.1412042268976,1456.7168978566872,3119.3870927376106,5066.786930028478,6102.9278672340915,7002.847562561188,7715.934537139948,8284.87974641174,9077.43118337664,9997.57405011189,11573.510959580555,11137.357218173063,10607.776813984081,10211.412903792198,9939.552523683236,9412.807405292548,8502.028008685314,8782.643553859003,9189.286189528093,9747.820273260259,10420.818737653497,11384.886158621992,11978.13782160485,13374.109716736875,14911.362661859295,15502.125303514038,16793.25393115949,18425.82936222169,19170.283471755047,20024.837696442846,20747.56526045713,13945.697168075889,12249.152693073194,10328.298420620293,9253.886990264304,8207.45616552865,6782.725786387054,6181.807806632481,5771.331199681813,5755.017045684494,6751.800759586549,5586.147653603845,5606.018152863192,5705.351180924992,5958.5590518484,6436.387078644229,7042.138522274774,7667.937622297327,8503.833721810299,9515.273059440087,10448.817430452098,11021.867808028002,3380.6224953561255,2095.956623360542,845.930464064933,0.0,1854.3256819511548,2267.127814755677,2895.411644428743,3900.261787637758,4949.449768648061,5867.488247572921,6415.9240411730925,8115.694161866782,8777.981035221761,9257.570243876355,9584.324544284244,10058.145136705532,10074.349723686595,10217.539369846063,10393.638016999945,11891.869957389172,12797.42268986642,13232.604242029185,14134.530714143166,14846.488505654821,16020.166159892813,16827.06099266843,18184.269559264318,19747.41271591476,13927.485199217466,13963.944713806262,14305.670363755109,15069.489720092894,15824.705170915424,16022.793925476897,16220.767341039938,16972.569125439277,17664.827035555834,18608.167085319546,7384.725060836323,8480.446820313551,10346.47805981976,10432.428374861642,10976.654674265541,11514.37249939641,12278.077949455403,13180.904795561713,14307.171465949215,16862.54182148753,7609.697904118875,8312.460462460533,10364.194740265066,11981.56579833177,12989.856715187347,9233.913034525807,9099.30024295387,9262.667296671212,8686.702452032663,8142.367941264409,7328.523805890017,7395.646625596203,7810.146470737054,8820.0292861917,9072.545854643256,9585.00175653675,10106.938947703506,10436.671473987833,11961.266937269254,13819.52779143133,15466.053276499888,5085.948075924306,5440.9975715772325,5229.679758560408,5476.035456832392,5805.5097521499765,6232.069356272688,6598.010403967977,7753.906575153632,8454.472564637315,9215.897304681785,9738.483684314224,11043.184643667488,11680.964847454,12340.837018373446,13044.085984514846,13602.577095682982,14375.301599707644,16025.16463834823,17092.04336621261,6101.273155872205,6501.278619716705,6881.709087998589,7319.726355852395,7830.945799332981,8191.490910480733,8906.795001058548,9881.216939896869,10339.603165380951,10806.886563652539,11156.73743764997,11122.788306717597,12094.69592702097
Escuadrón 201,13280.735792366984,11895.997887580932,10925.00650629133,9802.594296382153,8511.890217745811,7972.397681355561,6390.286099098242,5502.558011303488,4940.929342582877,4094.7457198236057,3098.871021208723,1380.9332287013005,1635.2085261522973,3423.149319621977,4423.281098077355,5213.045828425979,5933.298405320397,6499.213574575989,7288.863419476981,8204.202321004042,10068.21650352357,9687.135703039008,9244.72206583189,8945.977631324582,8763.851926935353,8296.076050769147,7484.2918455462195,7963.385105656349,8564.687546707159,9250.208493707802,10050.679796069882,11152.232681682628,11849.6578358801,13276.699115436566,14816.871472885485,15408.594767547529,16701.323688202392,18335.97203044108,19081.193841075295,19936.83144625202,20660.382025081428,15686.203050054286,13947.092266999513,12019.035534515238,10906.332820506443,9755.642681439842,8074.395658091406,7250.973551128079,6461.696470745243,6080.098536960235,6838.667277917958,5484.115007538004,5191.382009692634,4882.791164815856,4832.554915390359,5082.542944299767,5476.036742867404,5970.120374506638,6726.061185569659,7691.148973977193,8606.9825113502,9168.084133340571,5234.293979902999,3948.125574177609,2689.0257690013154,1854.3256819511548,0.0,945.2129878093737,1578.5331968602923,2610.497559878443,3727.669579802044,4503.981484281601,4959.113893168829,6471.835094567405,7207.423745853385,7746.69213425633,8106.624891537015,8624.708398856,8389.955035722176,8385.421368143598,8544.060736441079,10047.343255124297,10984.772340788657,11447.50725033647,12388.09076087339,13170.29778852393,14372.677124516373,15218.083547265973,16590.690701850006,18177.931278185108,13075.024799209192,12974.137766578466,13237.79139056613,13907.775418230101,14547.724272346904,14675.35286579409,14814.85165098646,15496.592571635936,16118.14585210563,17025.841362641924,6958.8400622269755,8007.648293781921,9667.434686469423,9591.984576604224,10005.032095358109,10461.804096727392,11094.565683478102,11946.829799196172,13061.807575561317,15605.230411933597,6388.375385571705,7152.5150197001785,9336.885072048331,11049.581131770088,12124.532953406542,8121.7643052009225,7772.114014954193,7766.710790618552,7101.484410144724,6460.171972160926,5487.404846712294,5541.372281080798,5979.11125835509,7103.882979015257,7417.801481280894,7990.183209107095,8570.111612767736,8934.762545695095,10594.017122202886,12659.917319669932,14484.343801945648,3925.998602802543,3947.6081628535844,3417.913453966803,3623.3455088995156,3990.9522110905305,4489.896429047625,4919.784556409445,6247.158768255629,7036.507866517855,7862.3625838849,8340.39584184016,9481.805151647426,10082.884189671813,10710.782322953719,11409.155592725814,11963.00700664323,12722.491398344162,14289.56635059171,15323.205193710233,5942.943981548856,6064.188783750221,6255.477181725382,6516.20932291735,6864.393558213719,6909.59963670242,7435.737821279789,8233.468245394262,8621.45457288306,9041.543485941918,9367.3395388026,9293.118937965632,10243.359168192763
Aculco,13772.754813934263,12389.693214551546,11457.605625174318,10382.436321607476,9153.928701201286,8644.061103165348,7074.050719967343,6272.543253408514,5789.935188094693,4999.153100958722,4027.0957303015084,2270.037568253918,2357.1773000069857,3860.546272970022,4777.42049917364,5367.377778933506,6088.338251904066,6638.7310665873965,7411.721204610834,8307.011190397447,9341.18872190078,8927.553504550508,8441.411966449807,8103.127174792015,7891.873079944599,7407.249561874442,6572.094231737476,7026.268576496278,7619.535253107508,8306.664291681158,9113.129779968363,10225.376863048017,10934.124968536444,12363.000702324092,13901.536639938546,14492.72966003904,15784.41439171585,17418.02575856943,18162.83320464359,19018.071145581922,19741.30941394844,15621.466476492273,13834.157844106585,11907.194910985538,10760.164689438003,9523.24319360422,7682.440493887155,6750.060876397608,5806.982364519597,5303.995996537805,5986.141261484113,4606.215054853838,4264.511475378312,3939.886622457555,3931.2701544689367,4260.536463972512,4783.73732024321,5405.785104076619,6277.161485549519,7344.096976063442,8320.636550252377,8972.572897688158,5510.513813247323,4236.167906101321,2998.245125818596,2267.127814755677,945.2129878093737,0.0,678.5785784699236,1732.3976747179363,2842.9739888936097,3682.5218057161333,4190.098246900539,5848.653577874663,6521.580701579932,7019.759344207496,7359.87622376463,7854.269251178939,8666.089393067707,8380.669595553742,8451.221736731262,9768.727226473133,10597.205751971982,11001.807065893801,11880.279342406038,12579.375614113691,13754.373142104429,14567.187379406885,15928.167123285983,17498.195149302097,12146.829669640738,12066.115675891348,12345.731584750614,13039.853587842346,13717.109138801066,13872.329089114495,14038.214945358099,14756.800597959771,15422.031648384025,16355.03165908451,6022.696460297915,7066.332621480052,8723.77773485672,8659.071627489127,9090.128158284222,9562.822704256001,10229.360294996177,11098.554441729415,12218.663251021913,14768.575564908857,5522.473367858713,6271.432020628186,8430.814967498749,10129.909419730271,11197.067455284187,8814.370651936526,8357.287997979853,8235.6990662096,7501.350546696678,6763.931876959513,5479.647657672081,5394.2893210505645,5665.272423735436,6560.63621770506,6805.424235295165,7324.348211918092,7861.738699913793,8204.119365085462,9794.935284636418,11790.04197793567,13576.231358517283,4670.261812112548,4500.216897678624,3576.8392467953195,3478.7089835157253,3648.8638605780507,3991.9114843588372,4334.01480796321,5514.16102938588,6254.0943132981065,7051.61144850645,7551.442968376557,8791.755538867978,9421.218002765645,10076.168190176748,10779.041028678459,11337.157164487446,12108.864418012567,13766.252017560986,14846.832701619498,5048.3784741938525,5130.095009058493,5310.602937615779,5575.548166870897,5941.877092839042,6066.762621664777,6683.64071794546,7614.367667837642,8079.062247267815,8565.487279527653,8933.004242930308,8957.213061252649,10125.582372589975
Apatlaco,14367.58938650188,12986.641889640798,12070.041382092424,11012.115975578396,9803.208613352635,9301.265745726194,7735.617683198881,6948.438885120223,6467.340770734126,5664.100131895761,4677.253670412296,2936.768808344653,2763.4704151997225,3994.4960128361176,4823.836878420728,5255.517720814015,5964.900223884582,6496.816776934665,7249.526870950659,8122.968111669641,8684.441583855823,8261.95726398059,7766.8150509053185,7424.637565807927,7214.684469861597,6733.324773139317,5908.079981390413,6390.657012024309,7020.576801106026,7733.517817336145,8567.334399213167,9709.921187873764,10443.878729741331,11874.788791575,13408.42458109612,13998.026585611145,15286.602707658602,16917.07600336592,17660.633611779187,18514.634338857002,19236.907666832667,15923.28042535834,14108.596739753284,12187.895542210783,11022.448410891031,9732.23855159986,7784.6532776123395,6770.401239223037,5692.071756528527,5056.130599255021,5624.1854297402215,4215.710389400142,3769.9100700235567,3326.0538699765852,3260.650983858933,3585.131040120198,4148.627585883428,4828.4917797273165,5756.660458415378,6875.257165790834,7882.198437636523,8586.299332480736,6040.8846771647295,4785.575900671875,3577.602533544157,2895.411644428743,1578.5331968602923,678.5785784699236,0.0,1053.8758611626295,2166.310325405376,3007.919789654738,3528.173361839534,5239.557125416818,5883.140959740018,6365.510920049227,6699.032753690632,7186.642590471974,8603.873647143588,8122.163109588746,8133.680030505614,9328.205498110288,10091.68367667225,10464.237052189625,11309.919656742115,11970.289857886633,13132.994488064038,13932.801264652777,15288.96236906973,16852.56636807271,11496.742685559148,11400.174213969927,11673.262308443442,12362.504190700001,13038.938168173065,13196.859883703606,13367.166189151101,14094.076521597013,14771.764982131306,15712.78393661979,5488.543473235235,6508.015645609088,8108.758111956444,8015.4883009452005,8428.148188198156,8892.547881064798,9551.595013411246,10419.983681190844,11540.098738149376,14090.12159881419,4844.349884615307,5595.476940735599,7763.576282337756,9471.538935178518,10546.162565620392,9087.731058657051,8539.448278721997,8324.043714952486,7541.946091689513,6739.777420828963,5251.51910381362,5072.624863099008,5231.390947706851,5987.40419662564,6197.539284564134,6691.993868145122,7212.558879378447,7547.257194421341,9120.667281773534,11112.872854741961,12910.411541093916,5026.39805393782,4703.216080943451,3520.0126428246804,3208.9295657403077,3234.970049210254,3468.4736851358143,3754.680824166887,4860.698905488218,5584.857626486517,6376.312034756151,6879.837637217731,8147.820050037653,8787.02317708521,9451.789048251794,10155.625412124606,10714.851950872262,11490.754514276434,13186.107793830633,14287.932854332228,4621.933232659841,4606.8487633164195,4729.622003471292,4950.028900921099,5285.878703598695,5388.402337786869,6022.010870932089,7001.046538388168,7500.256013297642,8018.748942860112,8407.16824557483,8486.427049186263,9782.825314256923
Iztacalco,15297.373584666248,13920.87978368371,13027.274548685096,11994.692558213956,10814.138535259908,10323.523143696746,8764.823448503685,7997.641742154669,7520.525614146375,6704.871168570679,5703.833868447866,3982.19446364761,3572.7004510361444,4421.4983712556295,5094.518579914106,5271.022933498732,5941.562305837522,6431.4702915236985,7137.032807420854,7961.714803878816,7677.327058624033,7237.228999478821,6723.156103803699,6371.450841079159,6162.373894282864,5686.50366314741,4880.341265746986,5416.783947918132,6113.7061621418725,6870.7434842525,7749.6172794572585,8940.082655564003,9714.292329295922,11143.02745211483,12663.795755887839,13249.268679886498,14529.9086175249,16152.373939377241,16892.782272058164,17743.618065874172,18463.439405654524,16421.541668897233,14571.885601842321,12668.463521587288,11482.199722959147,10122.812743297533,8038.3145196047235,6917.744303026828,5654.7126765719595,4820.20441363248,5173.014196995256,3758.006969694173,3125.916088190966,2430.7626921079636,2224.62802373724,2542.339414517249,3206.5949384511387,4007.4067549120855,5037.171262268881,6238.755892550188,7289.672825535608,8078.990783656614,6906.941650927984,5686.126794343736,4525.639794450907,3900.261787637758,2610.497559878443,1732.3976747179363,1053.8758611626295,0.0,1117.3808006469417,1969.0703652161922,2523.8670905314734,4344.685087453892,4920.60254883203,5367.369854116471,5686.06629695608,6158.5092362687665,8630.421395385718,7838.180359206085,7749.86829624937,8719.591967671455,9363.12276106664,9676.552152746706,10460.415369530132,11049.120251201175,12187.951885397742,12963.40525047482,14309.974524133488,15861.292031931129,10488.777754167566,10365.532072782376,10627.928987177169,11309.807236313898,11986.620150037572,12150.517910262182,12329.65943483814,13072.346825520992,13772.902304251063,14728.083872174773,4719.940015248144,5681.24697929143,7167.831648631445,7022.612159399764,7401.628859133466,7851.357128489911,8498.407346887883,9366.187111218584,10486.535233502787,13036.992178652483,3790.815610689606,4545.40225130902,6728.147459760016,8450.636505758599,9537.438666463077,9607.181054164625,8933.73617472647,8583.348334459275,7740.615334429751,6854.148100939396,5077.293840431267,4742.336770628509,4690.162571371498,5159.683441999454,5297.342623137201,5738.803402813782,6223.121591000269,6541.350495771673,8077.382202174224,10060.441340906445,11875.60847964084,5709.3586495218915,5196.168913560782,3703.1016402964824,3070.501739185553,2821.569298373922,2806.18581813179,2952.9519647293346,3869.520327778339,4554.90492078785,5331.511953949127,5843.240975309455,7167.1118830263,7824.253164122805,8506.58058773957,9210.8954554201,9771.256358050947,10553.747468302125,12315.138292656664,13452.646629554585,4080.8193516549595,3876.747225543526,3878.982740035402,4004.176384433498,4275.365830577545,4335.765608625319,5008.554369575998,6085.2167841043765,6649.724397391527,7226.167433430699,7651.049013338348,7830.209112118856,9339.872510624964
Coyuya,16226.597529574057,14857.45422107277,13992.369136966665,12991.820022414986,11848.325368207736,11373.227638965844,9825.790689189578,9090.741261551368,8632.898021586987,7822.2049740217735,6818.854811921094,5099.272176769105,4600.950639954903,5185.484029784166,5711.773483964567,5652.119715025554,6261.776097848494,6695.288093103939,7334.785395447206,8091.1143172429975,6690.93005458654,6216.932519647293,5659.550606185709,5274.51994461051,5048.9415541543185,4569.179915882722,3771.8449513759647,4358.876405698245,5125.951479289191,5926.720145276018,6848.975254909906,8083.498033920149,8896.380656456973,10314.87377822241,11815.94441941063,12395.215210606615,13664.151117259978,15274.954407711799,16010.850041897218,16857.13650073304,17573.463320320134,16873.86838783612,14994.701938769522,13119.796993616366,11919.834371732237,10500.613067921371,8303.056324098894,7096.194278837959,5678.626183248033,4664.929979947653,4753.552035730761,3410.6315237249178,2590.2529178455397,1568.4043178252805,1116.0045087619726,1515.679364070891,2430.899171862504,3417.6238409429548,4561.868394183529,5842.581563233349,6927.741848167009,7810.055684327579,7797.158556788237,6621.219613018147,5517.212419494201,4949.449768648061,3727.669579802044,2842.9739888936097,2166.310325405376,1117.3808006469417,0.0,991.8833540248994,1634.4567996966302,3610.8439775860643,4044.9216224558454,4414.145227907097,4698.78775478117,5134.933412230228,8942.482520095435,7835.718792172428,7634.932659995313,8313.852788898532,8792.295535218627,9021.888747762163,9713.001755820991,10193.21807341703,11291.867061034747,12027.445382988026,13356.478273485955,14886.14185182908,9390.588411997694,9250.852795153123,9510.549627486824,10196.967743034224,10891.812374402012,11074.354067495851,11274.06589750272,12047.474679707953,12787.574120484347,13764.856128182388,3924.8597073711157,4792.8206673361165,6136.67617263748,5940.467102580996,6292.033095186289,6734.573809798486,7387.042836522411,8262.668565596681,9385.239362965045,11938.096211719334,2682.36293209082,3429.2540386274877,5613.715352189167,7344.239971303733,8439.211859206864,10361.448912505468,9586.400661390564,9119.017479373602,8232.583842176218,7283.925430074046,5275.2823913525535,4784.745908504074,4477.198255531766,4514.17992101848,4527.87380583266,4867.835640460554,5279.2230534067,5562.940875826643,7012.448160622364,8947.084774915988,10760.727784666835,6628.703328702466,5987.619429093441,4310.069234084627,3442.905533776001,2927.751920646326,2578.411067838404,2476.388637704538,2956.4551514288887,3537.2521451004627,4268.3609974898045,4800.718912078448,6232.58802668952,6917.144098448637,7624.768349317096,8326.085842133067,8885.673872863996,9675.35657960741,11528.315401773998,12711.760782320918,3606.313982191674,3166.0331870539776,3001.592712413497,2993.4608182989764,3183.9475829744633,3245.1227123581552,4026.110327851278,5274.962810177293,5936.671592650721,6591.436616336011,7062.385634269155,7375.347977897329,9129.98664919027
Santa Anita,17205.73993620381,15834.531057950771,14960.485746986013,13946.155917929682,12779.903916251307,12292.137489476012,10733.865888663458,9955.044462450853,9443.661317790918,8578.859927079526,7547.320059479808,5884.800695024514,5138.50584594679,5375.925778162053,5732.999279937887,5450.079454569306,5987.420663672215,6361.129784354969,6931.697141798979,7620.02661498108,5724.023194103435,5270.638056200115,4759.011481475231,4443.421256686727,4295.614612686172,3881.6237868711764,3230.0676781645257,4009.0333793626296,4923.92065235192,5788.708216083687,6766.243436724356,8049.606707388089,8907.323939959942,10298.653783913747,11761.866357168125,12329.025089218918,13574.917562784884,15162.341469890906,15889.116420852908,16726.093841919388,17435.241624442748,17795.66613250696,15908.047349899256,14045.388202762344,12842.718701511869,11405.585936877687,9172.129818091033,7935.895759060561,6459.769036712496,5366.526564078952,5266.713445348209,4034.000312298432,3125.6723862154263,1902.0977669820866,934.7355837844692,579.1444650885977,1480.054347076872,2540.9492715965107,3724.8737651421343,5030.949135048915,6123.278365498318,7054.0687337963955,8781.578230302595,7595.3069458906175,6470.286950316449,5867.488247572921,4503.981484281601,3682.5218057161333,3007.919789654738,1969.0703652161922,991.8833540248994,0.0,655.2915717220889,2655.079280645325,3053.2333372145767,3431.8961111038716,3730.4710353209075,4190.758095791707,8613.364261984705,7265.287915790494,6984.665994597798,7472.902703398627,7869.331567235382,8067.22627702051,8732.765618371737,9201.336725620653,10302.309537341034,11044.948964784675,12379.09819482791,13916.829651524447,8834.259917851903,8595.69789602013,8798.449650875864,9419.808923886718,10044.905833110974,10189.856924966438,10361.352305043969,11105.942185823691,11822.369024122807,12790.793202612673,4085.091036047869,4779.882740128469,5815.806793349999,5476.715602805207,5697.05683866231,6061.921311942038,6607.078877570652,7444.902134527348,8558.207787550942,11101.394117341577,1933.9256690793384,2730.6338811794185,4985.308118692956,6760.033075868969,7888.045387672686,10454.998224543788,9575.529866749419,8994.453568100616,8077.486468365977,7086.206665089724,4924.445840573155,4322.031967304563,3824.4703230469063,3585.477830204628,3552.7026028973673,3876.0318947307737,4295.4852717885915,4591.397069579274,6112.7677430338745,8176.000082629183,10098.547944840873,6969.520398712519,6185.917065947844,4376.891377820905,3351.8751482838125,2654.675519122819,2053.7426653848743,1743.314837740876,1964.8282547670399,2587.134785447664,3369.162350386365,3874.399774952595,5247.44862457915,5927.735336524789,6633.38268295741,7335.004994789218,7894.74742976303,8684.091094267636,10540.701088499369,11730.958297728565,4121.561753633874,3478.578191539735,3103.934519317005,2840.1801816516854,2762.600184227468,2409.7103013077963,3054.396059276942,4288.61751610964,4972.005517858899,5651.530990276924,6138.980219543709,6514.33518152913,8400.569391905403
La Viga,17808.6709816185,16434.62765291381,15548.664503239774,14518.403974466151,13329.047477924623,12829.439084787662,11262.850662058605,10447.510754363198,9894.450719873461,8991.511454411722,7944.201409643452,6332.972279399002,5428.569237952891,5435.579661627871,5674.81651383838,5248.272545859429,5729.420568969271,6059.178992364974,6579.348647076263,7219.2655445424125,5157.670661464504,4738.346654146805,4292.237428249677,4062.8962404840436,4000.632236375506,3661.4797403493226,3165.8272712482376,4066.885497452672,5061.415555432828,5952.967045003393,6953.354856862366,8255.65350352505,9135.167904633667,10502.281790829991,11935.621881343837,12493.07768552958,13720.354558532752,15288.613600186563,16007.857311260565,16837.083314070263,17540.232929479498,18446.879128065702,16557.679323196833,14697.508821791529,13494.464397829966,12053.96453468315,9812.385842847556,8568.741432382367,7076.597607243761,5959.932845010433,5787.079614353492,4609.171972725676,3683.1803577630444,2435.750392972282,1408.9733175516083,489.40315930240376,832.9377632994481,1929.2393014135366,3125.844178507967,4438.518249143014,5530.42572056677,6484.7111716793315,9395.575812704512,8195.229431411322,7048.667241742272,6415.9240411730925,4959.113893168829,4190.098246900539,3528.173361839534,2523.8670905314734,1634.4567996966302,655.2915717220889,0.0,2001.4987016783268,2420.0512662297497,2843.700186627174,3170.8729501417783,3668.5967918353463,8296.4079269085,6804.722538836905,6476.955157807682,6858.389258289675,7221.36661801032,7412.421550589318,8080.485096970006,8569.043241294987,9683.760806632883,10443.911613018885,11787.201121524982,13337.531577124759,8666.078053342138,8346.954924603813,8498.853120201175,9058.032201503342,9613.19410331855,9718.453028366439,9858.131586814123,10566.89835124998,11250.372697059971,12204.398836502216,4456.362597603641,5039.318249204149,5855.440984661396,5415.101039924458,5525.242484400516,5817.705965670542,6257.233366109065,7052.1357086578455,8151.1586465286555,10677.498813170012,1754.0305497967572,2544.390684824392,4795.581436430647,6584.866582780396,7730.276119284731,10401.977560761772,9458.555644663538,8806.8421355705,7876.433259507338,6866.010590399831,4632.115146334543,3965.4848134794083,3346.326301057032,2939.2435617634937,2898.271295634532,3243.243653429417,3699.6495975755106,4020.7528664707575,5637.483668063744,7825.20253907972,9836.765522517391,7106.222135202698,6237.75211138107,4378.196153769604,3285.655526587478,2502.2242778656523,1757.789642943663,1290.1764791762964,1347.8075777382296,2077.6801861730487,2923.1460131076005,3382.085898475457,4645.621098893133,5312.145934035431,6007.974013669173,6711.132197601562,7271.448057593749,8058.612805745918,9894.000585366282,11079.01640054985,4655.1662111357,3938.786560227,3475.5553239970545,3080.4008341551234,2821.807137154867,2082.966673295877,2493.99663711359,3640.543937059817,4316.717118819705,4999.797918805268,5491.71774338686,5891.93838495175,7842.058146936552
Obrera,19607.06951267674,18226.196030616324,17304.78765254976,16228.63090281422,14974.849166866406,14442.954615019724,12861.640492747876,11950.1731733992,11287.691621279344,10293.614351451904,9224.27216254426,7784.8945534388,6522.086561439811,5918.835960566168,5797.229399100147,4959.3000426695935,5210.36970192349,5364.611713620715,5675.959014479117,6113.663254390829,3750.424856728237,3538.122353699497,3454.191019560945,3621.771139742909,3885.6866807498154,3852.697585606603,3890.8708811889373,4960.783859943441,6060.659007250483,6964.952146506268,7978.854935847072,9288.132942376706,10202.507045866996,11480.112124244914,12810.436438646528,13333.558754268164,14493.907819934659,15991.602245957021,16682.733013915084,17482.68804513822,18163.03913039335,20447.75032454563,18557.31894350124,16698.86019541681,15495.672669633372,14052.564426513214,11801.086548261334,10547.069538097263,9031.357384771958,7879.731786139174,7578.101716678305,6509.72172104325,5570.088985092144,4325.068922264695,3307.5400261114273,2323.754953850251,1180.1696974172553,669.2710862625476,1460.3772581832127,2695.5044509064614,3747.5603519262672,4773.610619146732,11247.408024564991,10012.60369825951,8817.012592235005,8115.694161866782,6471.835094567405,5848.653577874663,5239.557125416818,4344.685087453892,3610.8439775860643,2655.079280645325,2001.4987016783268,0.0,924.2146115179185,1619.312539477854,2051.222421069487,2658.595578871949,7440.958972279935,5498.068889927551,5004.5795362669805,4971.625284009624,5227.243250397315,5413.462707858187,6123.238242628875,6731.835693622465,7909.346353142641,8746.460649085306,10121.195494041669,11716.076172607234,8617.948860047925,8047.635213704334,8020.5393738574385,8341.272858031018,8622.969242153265,8573.020823351082,8583.737323423971,9135.841260812906,9674.028099815045,10559.551039189093,5999.400936399865,6321.3369687780805,6553.127213251192,5864.7686475364035,5636.6809686298575,5671.019487662856,5707.521688581814,6296.371202417939,7295.903045651242,9694.607830655063,2636.5139049587106,3103.5475495560463,4921.10312798445,6610.33177554144,7751.856868366681,10329.04881746288,9213.277721865672,8358.869994963896,7420.4062133812195,6396.781117887119,4104.355039460636,3300.0236528577884,2293.8915258332413,969.0300830239663,957.9821785742462,1557.5746652932023,2247.79657024548,2687.6794771986833,4630.347761005946,7190.931426862491,9446.21543851262,7705.780877081505,6642.583005588474,4802.3989048196545,3698.2144409015,2890.1660452979163,2100.3998580885273,1561.233093699995,1044.1496622732504,1696.9843218246406,2465.5097401833086,2582.9603486908654,3069.6088789065175,3621.025229261866,4239.338502312744,4939.0497449496925,5494.757958983969,6261.762106181183,7970.510883265346,9120.170827261389,6487.235197043344,5665.039529540367,5072.712136699491,4476.855425794764,3898.9004264823825,2413.501552336084,1595.098803366548,1766.4278254273395,2327.101925191991,2999.5706168544375,3500.910353607899,3984.9469034386725,6146.9972300178915
Doctores,20217.67949949837,18841.473380042746,17943.97917898399,16895.19704261821,15674.58179106165,15157.463386038706,13581.033566001719,12706.724034349416,12079.32153267787,11108.536641375395,10041.911793562955,8547.991248662851,7368.748448652654,6835.2768371220955,6720.886325244118,5864.79643072842,6085.995814009125,6207.50334651213,6464.897174379364,6831.989326175791,2892.238686325236,2629.6616332070766,2535.3011379997993,2758.0190492715847,3091.919873554209,3155.5415715092445,3393.193617620595,4467.113920629923,5570.361658874743,6456.694027397302,7457.115616839387,8751.285476975183,9671.022643717215,10900.366245598943,12182.235574543025,12690.013178416659,13821.635346343333,15290.67217706797,15970.87046975319,16759.70988725064,17431.612316098595,20694.839260213834,18791.356233701747,16961.161392934264,15755.8031959102,14285.303127637526,11991.718408611001,10711.178076177537,9153.011374193477,7956.14473385925,7517.111527880493,6580.619255123165,5645.188414007276,4444.102692272106,3493.226062741978,2586.5328037726817,1738.2129871166494,1593.4825676441715,2138.242500719791,3172.9162318370654,4123.576878527717,5182.611131403675,11813.10956755687,10605.125255672841,9441.573643937229,8777.981035221761,7207.423745853385,6521.580701579932,5883.140959740018,4920.60254883203,4044.9216224558454,3053.2333372145767,2420.0512662297497,924.2146115179185,0.0,697.3493425684596,1128.83164286598,1735.9274738426707,8222.312046576857,6145.410263883951,5577.8099719433585,5172.670601377016,5150.43522591891,5186.65349079405,5724.643811006501,6149.5248400641185,7268.428381706793,8049.890862745887,9406.898339757321,10978.842728079399,7761.578567441495,7154.465983757208,7108.214054814346,7417.197915689437,7709.843613467419,7679.3600761297075,7715.416236749184,8313.377019095147,8911.411609066181,9833.623707113456,5790.874275818986,5956.470183037436,5929.294759575352,5172.128885423108,4849.814861307953,4822.974453663146,4797.360935592434,5372.611619856632,6372.904189166653,8782.280583111793,2379.848267735816,2619.8487592238666,4156.327987288751,5786.451361091318,6915.321458028859,11234.191797549647,10102.773391272192,9222.583301011438,8287.958336609603,7269.213323672512,4992.591624497501,4183.788746979606,3141.3787366425363,1363.7988911766683,787.1189704371856,823.3339223233187,1378.3265299893699,1792.436696809156,3709.4738948535437,6270.0919666558375,8538.41855594681,8619.674066927464,7564.110834391217,5717.810638795754,4605.972504716581,3786.531849301417,2970.0099797331513,2382.6356115962617,1095.471311234756,1121.1441185585707,1670.1189949495333,1686.926613649969,2274.766532991401,2905.266163289127,3589.2587758868262,4293.037902354865,4853.4960470385,5639.349350709021,7499.300426441276,8714.080321934829,6484.376473221151,5592.4917768300775,4932.02297278177,4249.773448470667,3555.4357963839293,1956.4474999149024,777.1316593284063,1281.7714988107052,2123.73049880076,2933.5063468648204,3491.0803316566085,4183.740193217971,6537.710876297698
Salto del Agua,20637.626818970573,19266.30770493006,18388.358054905413,17362.04441546541,16168.70930369458,15663.755355908426,14093.060280012838,13248.957696464426,12650.007524320003,11698.920889653102,10635.841503128508,9102.99978816025,7989.838339348623,7516.3494815216345,7416.497657438937,6560.215825290772,6771.597438859367,6879.5991810715595,7111.647677940236,7441.911887958844,2322.959415396821,1980.2741326650928,1838.124943835344,2105.485840067903,2503.846267116053,2661.0178835647484,3077.341906140858,4123.425447313035,5210.506988432205,6072.018743984614,7053.446751489052,8328.249533129423,9248.12710593771,10436.482891681091,11678.92443762627,12174.384797991823,13283.224397666934,14729.935982434148,15401.744516873627,16182.127431502426,16847.66025941937,20834.91941886197,18924.16280880563,17118.46060440306,15913.853628221963,14426.168033712014,12108.166636518436,10813.19921216372,9232.04156266281,8010.488164779797,7471.910563686588,6645.551255649597,5727.2853181356995,4584.713491481328,3713.24256388217,2905.6497516608447,2281.8631100270313,2287.9967368910566,2775.709676799236,3696.5091401874,4569.533031332448,5630.3120714009265,12211.22612300815,11026.791717258337,9890.915892589523,9257.570243876355,7746.69213425633,7019.759344207496,6365.510920049227,5367.369854116471,4414.145227907097,3431.8961111038716,2843.700186627174,1619.312539477854,697.3493425684596,0.0,431.9124525606735,1039.2849779283208,8861.965319682646,6720.264682197622,6115.799802159617,5490.389641598965,5274.402731420852,5194.538394302587,5580.787831248502,5835.698763428649,6889.674764546289,7613.583772225708,8948.1133465043,10493.924023619333,7098.571076742085,6468.191379492884,6412.457511229307,6722.827344691084,7040.320834778012,7036.293256726622,7102.7723366677565,7749.9056042031625,8407.347829723885,9362.409195584398,5654.056044604961,5693.175571025187,5455.357449586849,4647.9139729168555,4248.6621716870095,4171.747016869443,4102.899281591177,4677.365749192156,5685.715294879789,8113.3884937634,2339.6357781848806,2357.35513532501,3580.2336276574365,5150.955313797812,6267.560611323417,11928.967524399988,10792.217732796344,9901.46893070764,8968.968224068387,7952.805698237736,5683.368376285365,4873.850467503447,3822.2596695900634,1954.8735214886829,1277.0219633837728,769.5385915435373,865.7903687546788,1188.0770952590717,3029.45026086225,5572.829552016052,7844.295055980479,9297.29137331538,8251.375416769646,6398.347236980059,5280.422788304574,4453.733196752097,3623.6897970879386,3017.342746804271,1505.6000150030543,1006.1339346861873,1138.5974747826951,1013.2661716689728,1820.3471133520268,2523.0725147174016,3255.9349420436643,3945.816105900494,4500.536544850675,5293.563211064271,7271.993545976694,8533.120015107508,6495.21324041981,5564.317980612676,4864.8171309805975,4132.519451374692,3367.2794460082114,1783.614619782689,447.11724577086915,1358.2929180947874,2296.29019432655,3141.9197497508844,3711.6993987655796,4520.66930947331,6959.644329382122
San Juan de Letrán,20923.856863389803,19555.80907460338,18689.275849283073,17676.00293093109,16498.331209174372,16000.290389995143,14433.44136352557,13606.066078316157,13022.481790138327,12082.046604390142,11021.25744614215,9469.500997750185,8390.139139743675,7943.705644070765,7848.387945435945,6988.856243472548,7192.722125776993,7291.755465021583,7507.869582592276,7815.58169788712,1993.5761498075703,1586.4636972691324,1408.153232382546,1731.9092975259075,2189.702556461607,2426.811774460572,2972.2269880780877,3980.8103220343173,5046.147282177271,5884.920102022978,6848.801826741382,8106.280043020366,9024.204242043386,10182.208439653627,11395.744061977175,11882.139849916548,12974.180850077495,14404.388216511077,15069.986492527245,15844.102597242485,16504.91242789377,20956.521010958568,19042.4819252969,17252.75811537219,16049.586720891963,14553.066380528388,12223.447122091276,10922.096925268947,9330.80103403703,8098.2481125248105,7500.938405346799,6745.671027004704,5843.180052389081,4744.267020776208,3927.180208508304,3183.17335940805,2665.7818760136083,2719.847408113138,3174.9781574611598,4032.975522717031,4858.168624960377,5914.246346494178,12489.957227267958,11319.892993868529,10200.55784417092,9584.324544284244,8106.624891537015,7359.87622376463,6699.032753690632,5686.06629695608,4698.78775478117,3730.4710353209075,3170.8729501417783,2051.222421069487,1128.83164286598,431.9124525606735,0.0,607.3732584850859,9252.701942063655,7074.1971584766425,6449.6767993878575,5700.380736452421,5371.662672164638,5221.797572995038,5509.633851829539,5652.860303258907,6659.416605304064,7343.614638875145,8660.835378975453,10187.875541993233,6700.552289484229,6050.037154484748,5984.330982057665,6291.290331422463,6621.604502494315,6633.671890818091,6719.344977097443,7397.265816374882,8091.934133605534,9066.524717524246,5635.775288783288,5591.673228123988,5207.31192915106,4366.407501855666,3907.5467802267676,3787.7730324396803,3676.788549699315,4245.620112096421,5257.404992749867,7694.733871441302,2440.9112778726053,2312.6685032009277,3264.3124295213365,4778.256153300472,5882.913899196545,12356.79009975035,11215.634685650934,10317.339142008015,9386.46753964433,8372.286117471449,6108.388645496022,5298.5592664585865,4241.7147581400495,2340.843565427197,1646.04112415662,995.7166531787544,700.1074177004139,865.7230515376307,2606.6620898134884,5141.292484874714,7418.016403436016,9723.066941140869,8680.976912721655,6825.6538041597105,5705.677406418677,4876.6035718349285,4042.2311357528492,3430.070272561809,1861.0298081297374,1181.8938459822818,950.6265012703723,636.9303381202977,1604.73057739232,2336.6314035310666,3087.2025823548615,3756.7554370797234,4301.540897912277,5093.041432704275,7137.991252500732,8423.977677929517,6563.517363472675,5614.9178282978655,4897.452344051537,4142.353888626062,3344.0959638313984,1831.9667764807677,677.5484068674695,1547.6067655541588,2475.511876679888,3316.7275172725044,3883.278979686067,4748.787068911397,7223.735684391093
Bellas Artes,21335.730214445164,19972.677707082246,19121.95175211814,18126.68859927949,16970.536507409794,16481.94554206043,14920.977351874164,14116.104682212437,13552.941070964282,12626.778048867605,11569.421229640677,9994.453624269136,8958.529670634072,8545.63695394263,8455.745609414555,7592.09371964783,7786.6318661963505,7874.535037641675,8070.722263831648,8349.891406250714,1613.112442775124,1082.0096513483547,807.3028094230123,1271.8560326431004,1832.2938706271616,2202.5463517239873,2929.1138569635145,3855.380137037552,4872.176124149129,5668.6287198928385,6599.579714600846,7825.19878110594,8737.082489015907,9846.845354062341,11015.03281385664,11487.21015467039,12552.939105018057,13957.364984945581,14613.291577967198,15377.66401256426,16031.14588884103,21142.659949369056,19225.44849462079,17459.320160690328,16259.330808528372,14752.452000728643,12410.586336760967,11103.273167823047,9502.606037163452,8259.778267362692,7584.745349270339,6931.071296137221,6056.070854555976,5024.452668329132,4285.1228433776405,3625.8637324882525,3226.7741539071876,3327.178044667357,3748.26856949757,4532.798269574676,5296.167648524051,6340.845181624974,12897.279196767015,11747.589818351908,10651.36359037379,10058.145136705532,8624.708398856,7854.269251178939,7186.642590471974,6158.5092362687665,5134.933412230228,4190.758095791707,3668.5967918353463,2658.595578871949,1735.9274738426707,1039.2849779283208,607.3732584850859,0.0,9807.439491398742,7584.8279981220885,6936.679594088353,6034.556683373437,5561.195039371138,5318.128143153487,5464.576552256113,5442.147055744885,6369.860828477323,6990.312146222554,8276.978828862904,9772.497905389748,6149.226112462177,5466.0541463786785,5383.529541596408,5684.4736512882,6035.531055566178,6073.707105997817,6190.215998785751,6915.675402845284,7666.546623935413,8668.648951965946,5667.4039635465515,5504.845974240111,4903.146236927284,4017.2491015592886,3463.3831553351665,3268.940796293508,3080.6128958520153,3638.5006621001226,4656.003726355997,7108.2905028127,2697.57106646263,2385.9956437143587,2872.8084056692464,4273.917296745926,5354.974010419585,12958.6811204619,11811.831318132146,10903.895554197836,9975.302500108392,8963.855853565872,6707.329344149859,5897.342004845908,4834.990223189765,2905.0889026257496,2203.48516069221,1477.1621190306703,868.6261215831771,669.1435492440571,2018.2520529342619,4534.642069346131,6820.030677768473,10322.897818227497,9285.599372344053,7427.639684317264,6305.440958978601,5473.9031401153115,4635.251038196355,4017.639108794417,2404.193625310845,1603.6733418598994,992.6580190477207,405.8878111884731,1470.9088817561196,2193.3008789842725,2940.82302117958,3561.8092279510697,4081.658343378166,4860.866367785021,6989.041732817158,8304.700330885713,6707.024201436289,5741.971671195669,5007.846560005734,4232.83127919877,3406.640655482063,2058.7369128454843,1206.6602010076472,1948.3707594928717,2820.583656156133,3634.6886287905695,4187.294053228766,5113.142918677196,7620.008164576575
Barranca del Muerto,20204.99558963491,18887.24268835589,17794.431715159222,16524.63379348462,15031.843680686796,14390.130060441208,12999.569964301829,11774.978478823055,10747.826262245282,9638.895579976594,8867.4238483356,8776.139149191,6959.140395518881,5007.609144248527,3975.6081630338813,3364.930796087382,2692.5822756663542,2254.3868308060937,1765.563935463232,1594.2043666482011,10144.910580033824,10307.1082916381,10597.950073078639,10967.065821088618,11307.51285428209,11291.860564694685,11215.088141421209,12239.496946756928,13297.836498501116,14203.038075473147,15215.01667539522,16525.728118616815,17417.084324476928,18762.585969445234,20156.555529411966,20697.57976733174,21887.837432973705,23409.603742732244,24108.06435598309,24914.227332473765,25598.36596672665,24019.227188068642,22316.0618005609,20391.03751555184,19291.53597582703,18139.340649863476,16347.433246041766,15372.839878707471,14249.747669604843,13448.838156937421,13689.355662148604,12313.174498378308,11532.109421172285,10436.436562257253,9546.959324477923,8784.46967118937,7798.321361846515,6898.8621920776895,6088.136182044187,5379.216134414665,5056.228467191216,4426.2446044087865,13293.398028489222,12079.151545596245,10905.563010988506,10074.349723686595,8389.955035722176,8666.089393067707,8603.873647143588,8630.421395385718,8942.482520095435,8613.364261984705,8296.4079269085,7440.958972279935,8222.312046576857,8861.965319682646,9252.701942063655,9807.439491398742,0.0,2543.590699269894,3339.516662260905,5569.053936990888,7119.325793539184,7977.637838178312,9248.059557776385,10709.972055929005,11952.685027047073,13019.348516948427,14309.738134808318,15897.243098984189,15952.552060709662,15250.978728317563,15081.404871880592,15126.787284999797,14976.170150962254,14631.062802482858,14345.16605081007,14386.544279639229,14328.767550136483,14784.066885296648,12698.454346842585,13335.711822022697,13937.232308711393,13296.75639405238,13065.153276900344,13033.711263567724,12842.967333315426,13193.23838415485,13980.16775862592,15970.631206582124,9816.772759375635,10451.669977094036,12357.649648774746,14007.48952893573,15129.463896122075,4416.1975112114005,3094.0391144709197,1909.7972911583822,1653.1795306252889,1933.2138077303894,3690.3114004671,4336.070051056296,5167.550149748209,6911.958754436102,7608.573660924629,8340.946652418077,9064.146101685239,9511.270801089537,11434.116329762077,14147.804433666453,16527.638596569144,5581.881206804108,4738.195167857981,5096.262594247501,5565.638620850901,6021.430066249387,6567.936594258957,7017.680130304409,8334.491541961082,9135.046218235373,9880.85658794182,9873.878401706032,9358.17212751356,9393.34302144422,9480.16295225786,9887.824425139894,10221.650720377538,10630.529575619372,10848.817155654227,11211.41301336175,12546.599985791534,12053.981811467818,11716.839395814663,11376.770085832288,11045.230232825537,9782.422897780605,8987.87933642296,7981.094581425291,7400.911023020585,6946.987502140474,6696.029154195019,5746.459759571436,4236.272487440177
San Antonio,21134.562177186308,19775.59129971634,18716.346044607482,17480.422399884028,16025.43235446301,15399.9831456895,13902.943222038522,12728.740466769324,11769.758689767921,10633.76552282041,9705.214923371339,9138.996502412205,7288.245427725278,5449.476847192327,4488.7924581827765,3298.1143666863795,2664.8521429857074,2143.260675282394,1482.5377743464228,956.5021376662587,7734.572532184485,7960.20007473731,8346.245850785952,8806.069567621875,9220.061795276231,9296.12846881476,9386.601716104715,10451.860841061603,11546.423278435714,12453.468673632791,13469.14173166777,14780.644656530034,15692.463062426337,16978.067422866174,18302.359868104508,18819.849102825705,19963.755556364882,21435.85421463799,22114.3136192673,22899.474749747653,23567.163862303514,24001.6751877868,22211.717043694847,20285.95225042031,19132.179531649912,17854.32028265666,15857.195708071951,14755.820106802186,13455.473489764376,12497.330895952402,12524.817520065877,11235.746263782734,10365.526018221824,9165.809157357664,8179.764481180489,7285.122004211004,6142.624923167039,5085.212951413575,4045.7302503532874,3053.2872231050324,2541.6447089524686,1898.9754026371147,13583.580129483387,12308.733949985479,11062.222336042883,10217.539369846063,8385.421368143598,8380.669595553742,8122.163109588746,7838.180359206085,7835.718792172428,7265.287915790494,6804.722538836905,5498.068889927551,6145.410263883951,6720.264682197622,7074.1971584766425,7584.8279981220885,2543.590699269894,0.0,795.9305733494305,3076.963896842827,4620.27444869212,5466.263828220724,6737.8220986903225,8179.624085264198,9432.551062811017,10496.963490430542,11802.8684687861,13403.262971978666,13718.122208126899,12946.276563362153,12723.799089263059,12698.316122990367,12483.525953007766,12113.947708668007,11812.417856549282,11842.95462222099,11797.070859704741,12278.529990398982,11252.164989945983,11732.27767239083,12042.411387086946,11315.144350464441,10968.926853773477,10851.641850571668,10539.430796368651,10811.828960705896,11543.816894112313,13464.06827365521,8073.245944692477,8600.457291084282,10293.073568602653,11850.126525407986,12939.753419217628,6772.786546078212,5435.193706243358,4260.986448203467,3595.4563914815617,3034.58785655278,2906.670444863941,3096.076059916425,3458.575851471773,4783.79663575288,5443.242791052701,6108.644656290399,6784.732368563872,7209.275892989176,9063.019240547594,11769.48854231537,14164.42987901311,6681.630544145015,5563.486443910626,4993.567421503193,4917.231414017228,5018.316330261951,5265.497587876614,5532.996604060774,6497.04564952133,7171.033143998515,7811.559944714983,7709.7812840653405,6963.168511395382,6930.171144987064,6968.781153095985,7354.3879808322135,7679.8226746488845,8088.752383459749,8401.921706513573,8877.623566420387,11375.041373169744,10732.483298185025,10275.746688710398,9808.452837842126,9339.773545619128,7911.078701576509,6922.303776287994,5676.75731703864,4993.515605157346,4459.625585447803,4170.169314669354,3204.1603851645846,2116.4812058030107
San Pedro de los Pinos,21481.88892664508,20114.462159160314,19068.235439168948,17846.31422406361,16407.82981371289,15789.731926663422,14269.978958967384,13117.240294291783,12183.982368919396,11050.044721939228,10088.214096429047,9395.099285303277,7568.8108905018735,5816.50065727131,4918.43956717229,3662.699857854831,3118.9095300855943,2666.417827971342,2138.808149977012,1750.5705882947527,7000.997485670399,7254.605703474257,7680.954273010238,8177.180155337364,8619.468011792302,8732.59975786859,8889.487286250449,9962.740477226667,11064.260112077058,11967.171455720185,12979.595236066983,14286.383550000572,15202.595286645163,16463.111596147253,17759.559026910883,18267.680075898505,19393.212663102022,20845.727706191083,21516.34231876344,22293.285227643748,22954.559160428013,24054.59450936655,22241.90593901053,20321.569979684165,19154.66213818792,17841.954640724205,15788.166179597516,14651.470213399427,13300.499714221765,12295.951192851473,12249.433418542802,11001.204464262803,10107.849418109614,8884.173770984436,7875.832423871373,6944.889167048858,5761.899360589399,4662.803671774139,3545.0769997876605,2419.374259801054,1772.8355948611513,1122.4939397498142,13772.968162718382,12489.593100774186,11232.775927144949,10393.638016999945,8544.060736441079,8451.221736731262,8133.680030505614,7749.86829624937,7634.932659995313,6984.665994597798,6476.955157807682,5004.5795362669805,5577.8099719433585,6115.799802159617,6449.6767993878575,6936.679594088353,3339.516662260905,795.9305733494305,0.0,2319.1244556975153,3849.4282904388706,4686.86976668559,5957.4856505570115,7389.311424500536,8646.272786070887,9709.466376303271,11021.272201199057,12626.223760060742,13043.905772159169,12246.055294535141,12003.027871689193,11949.32942788088,11708.767929856649,11329.262780809995,11021.250612491638,11047.03428222155,11005.641097467877,11497.31980927973,10885.350432553914,11304.2874647215,11503.368608598996,10746.020271055206,10356.279168626652,10205.15147351112,9844.490061238057,10084.230089922115,10792.669180222427,12683.369713872848,7623.320369537341,8101.218859612852,9696.032178275784,11210.27026672484,12284.405487422677,7536.062430444887,6201.416192010304,5035.934966957648,4334.104092843429,3686.5639361239487,3083.3521697203755,3062.493991488912,3166.3525267399473,4215.870191191185,4844.000537249392,5468.218755707667,6116.190327491287,6527.576034681404,8343.34197185143,11041.712281601553,13439.792221762315,7180.249190573154,6024.953225996562,5224.918800622994,4974.009758567954,4940.33490924176,5058.810241592274,5241.399857696774,6031.036844437228,6640.205123834817,7228.695836132649,7086.5993719753915,6239.301696876439,6173.8360825534555,6188.989361325203,6563.615274172136,6884.866553134464,7293.506733785101,7648.167302640426,8171.602889880887,11106.102580579898,10415.455800427484,9919.050830437202,9408.429712172821,8891.416161298237,7410.7501363760775,6349.901659450424,5005.307885521497,4274.173118583812,3698.0241886685635,3385.8238865089397,2409.3781001970146,1706.9447424922498
Constituyentes,23242.65899261665,21863.26113938037,20847.226331421756,19657.968386331468,18257.753425609626,17656.515332088075,16103.566253131654,14998.228135964519,14117.133942993307,12995.946521061758,11987.355160920966,11073.440436834204,9332.026121622623,7768.496849892517,6982.65525865942,5697.149339713074,5275.851539993891,4898.466862664614,4448.985621146949,4022.217651903844,5593.996102229225,6015.669829847322,6647.328851341235,7302.176467392563,7855.969760560375,8125.752236717233,8542.784199707492,9604.849946709033,10698.232681807747,11562.344254585729,12540.41070018308,13805.689199288323,14724.112081498817,15873.304845643683,17047.725571208914,17513.98411150394,18556.23911299714,19918.115085831763,20551.88742866332,21289.84952751332,21920.449562651505,25135.058165260805,23274.355817768897,21379.882327107352,20188.22828998207,18797.405713917706,16616.866120585713,15400.39369375003,13931.835846620921,12815.334782202379,12549.719100637993,11455.487004125669,10520.140029581235,9269.612587117665,8240.960034563639,7253.174788143424,6037.493752914731,4932.865333136118,3754.292531720224,2483.5006093484676,1448.1083146021367,1201.9632246609099,15251.089491968845,13964.842040567873,12704.49643398918,11891.869957389172,10047.343255124297,9768.727226473133,9328.205498110288,8719.591967671455,8313.852788898532,7472.902703398627,6858.389258289675,4971.625284009624,5172.670601377016,5490.389641598965,5700.380736452421,6034.556683373437,5569.053936990888,3076.963896842827,2319.1244556975153,0.0,1550.2986092960875,2411.387824351654,3679.8406013813046,5161.696699870017,6387.848394709168,7455.6352599729635,8740.81059831904,10332.671514731073,11816.55609692109,10895.942843143534,10541.253349735056,10312.045508362187,9879.105964859336,9406.616199769469,9018.494600386923,8918.81693860008,8776.826514505534,9215.342745217089,10929.887400245323,11128.048011671506,10905.826331501155,10045.310076404003,9477.319124091791,9172.359306571552,8572.148404866653,8615.816836234382,9156.741435266338,10791.01341468908,7517.037622295547,7784.0130235962715,8907.35591423154,10183.824914427243,11162.187841161549,9848.42744939928,8511.545840350474,7337.668872114788,6653.091000912227,5980.946032622267,4921.544960056411,4571.399067811123,4103.830117844083,4007.689127138794,4388.875237236503,4730.617830333303,5166.103484816793,5472.401581299835,6971.877712777181,9553.665863448561,11936.686262913143,9290.475610522017,8104.048970185417,6986.042435320487,6434.282192057602,6119.868057919014,5914.842795340197,5844.987201411003,5985.213046338701,6291.393178128717,6617.5121044417865,6298.599347340318,4943.435538482682,4638.161186754178,4423.843314279114,4632.051644444299,4849.106099017858,5139.681167170164,5329.472610397272,5885.224628450941,11454.611980728667,10635.399910326136,10027.948218479252,9391.303850612523,8725.987597928503,7128.975893909639,5849.316634781962,4154.689486402849,3227.1511451517877,2399.8769624567276,1856.6005167963458,992.7612781539101,1770.1755710748107
Auditorio,24256.323881311073,22872.466349261875,21881.753978980978,20720.43787787783,19353.34711699828,18766.769627541882,17197.469053750094,16131.528312491937,15292.167535476165,14186.761915037207,13153.60768667754,12104.981929467325,10441.613036765835,9017.117173957822,8309.578647874827,7031.685306319626,6682.342148501692,6351.168937685919,5957.976232319179,5569.37972572724,4741.134944495447,5275.083725249297,6031.339578695473,6771.65720773993,7381.659646512444,7752.972386399478,8336.0434075571,9352.049793465092,10408.496138129352,11225.544198268864,12160.574535250182,13376.67846210217,14283.808877937063,15344.128027709745,16424.957404126122,16859.182842466853,17837.958911755963,19131.163476177368,19737.21312223639,20445.949945569013,21053.66735772779,25662.595550990674,23777.159132833112,21910.13232131214,20708.775040230874,19274.829388138784,17028.321355122658,15772.023526275349,14245.103693211828,13072.897533996396,12667.544512744567,11697.235147352403,10757.050944318427,9526.397368275733,8523.650340764296,7547.054517729605,6389.849547998873,5384.740876907787,4337.411650651455,3303.8643382905852,2574.368416299082,2727.067773232557,16107.708811440307,14831.42971774943,13582.635634240703,12797.42268986642,10984.772340788657,10597.205751971982,10091.68367667225,9363.12276106664,8792.295535218627,7869.331567235382,7221.36661801032,5227.243250397315,5150.43522591891,5274.402731420852,5371.662672164638,5561.195039371138,7119.325793539184,4620.27444869212,3849.4282904388706,1550.2986092960875,0.0,870.0349691033415,2131.098418676823,3630.3958807756585,4841.218418161525,5909.408929112114,7190.51567685421,8784.06911639986,10903.383543251957,9910.807785062058,9482.666369295815,9132.81779027499,8571.324647380394,8040.2670529440775,7602.296122223251,7426.598587658061,7237.264196784237,7665.091675043211,10912.878475252599,10957.252051292833,10450.796206635861,9539.788849208579,8860.826662173276,8453.374732324128,7693.858566091146,7589.6847337320505,7995.775868237019,9433.741154911875,7523.295011888402,7631.70677826042,8373.742505354036,9443.213057205076,10333.498796750995,11385.467870249178,10050.361473766368,8880.760520648266,8178.595784523816,7467.6550785452455,6186.770767905913,5708.7355385376095,5020.750658464145,4284.025764117364,4431.193025121377,4513.460011447518,4730.811559336815,4923.059342859437,6073.625594086086,8493.074043276703,10830.836541832163,10621.18265004077,9425.502858485845,8142.579569398292,7446.252681014058,6995.247953980396,6623.227321832098,6412.377289878361,6133.367320319219,6207.615995400989,6322.223880093055,5893.506800877215,4240.450092708847,3747.6548295379016,3330.4571261068163,3360.8188324281527,3471.236386086653,3657.0411991398264,3816.097597121566,4502.856982631122,11626.906527060115,10742.802933399109,10078.68334745543,9378.035811914298,8636.71728392074,7036.497793443932,5692.5718389161275,3930.964849601264,3027.3561229361026,2238.2697328429495,1730.6737635877284,1767.739198297531,3166.4347571291432
Polanco,24727.908097669748,23343.099858113397,22369.00054150926,21226.23656140801,19881.312750392743,19304.583946189367,17728.41458664857,16688.35319956379,15875.941992064749,14782.683477984154,13737.840591389084,12615.064574709171,11004.168940364987,9665.897099223934,9006.563551959187,7740.277223915765,7433.163746896961,7130.385956545055,6774.0350069607875,6418.995447517823,4286.18976171609,4875.355046696988,5688.338807974672,6463.557084476868,7095.304698292055,7519.614304150949,8189.193411358577,9165.537043098919,10190.005596658055,10973.436535289185,11877.505464233333,13058.894265513118,13955.287029598194,14961.887177901708,15987.564837788645,16403.019997404495,17344.82405315771,18598.421515779464,19188.627696048894,19880.756710896232,20475.552218905694,25846.563190958528,23949.9700374726,22102.209283961325,20897.895825684336,19442.900659408893,17165.833613244784,15891.80033521782,14339.012091392417,13142.068351776605,12660.90585121107,11766.931436383064,10831.840785910652,9624.763681840028,8649.151154873274,7694.298083354961,6593.159813361908,5669.263977788847,4728.783909702743,3858.4363611990516,3289.0109755368667,3567.838087038711,16502.328183171085,15236.0471672381,13998.738174270968,13232.604242029185,11447.50725033647,11001.807065893801,10464.237052189625,9676.552152746706,9021.888747762163,8067.22627702051,7412.421550589318,5413.462707858187,5186.65349079405,5194.538394302587,5221.797572995038,5318.128143153487,7977.637838178312,5466.263828220724,4686.86976668559,2411.387824351654,870.0349691033415,0.0,1271.6550170174644,2760.396290298371,3976.499531438406,5044.247478885824,6336.7462680993385,7939.422166554448,10328.098283836107,9300.757214387897,8833.875651974753,8418.934681698047,7790.750619122778,7231.3538028317225,6770.269016736501,6563.926297197662,6368.441320933591,6812.298223787435,10843.909496218337,10801.198108948807,10137.965169258436,9206.597441852422,8470.817501086729,8008.294629565178,7163.85325862023,6973.451058979538,7298.219501019946,8626.095675408777,7511.022564739327,7527.474977901725,8037.711499907607,8975.807264298877,9809.072260921583,12219.128320985597,10886.615365044083,9722.697194455712,9003.347748594711,8264.602037700915,6865.518838711309,6329.218218507898,5548.646064205054,4523.164396337162,4536.448107619908,4466.233963737582,4542.08119066321,4655.760306198769,5555.584267232306,7849.376606068395,10149.798549180552,11311.301905572816,10114.329175430423,8746.03618439039,7979.137530810876,7462.582502495393,7009.935149643245,6729.633318868508,6232.008578800892,6174.085438142529,6163.4732052649615,5681.505568566336,3904.9841186583776,3310.4236157105834,2767.4299175124293,2659.3515099087667,2687.3185604738883,2804.1872917449327,3050.752808555643,3892.4670466624075,11658.255900004197,10745.247822514297,10055.809664689246,9326.988565992138,8552.368270543811,6978.021129773061,5632.532871664646,3914.0273124871846,3102.7239186085867,2450.6521101698904,2080.8130252461206,2466.4886015367993,4028.982993265424
San Joaquín,25647.11296943746,24262.850722445204,23309.24577185452,22189.212388621916,20871.086094357834,20306.10785246783,18724.965428549393,17714.876002577756,16932.446318062634,15853.81287362335,14799.278772148471,13602.004953517471,12051.88892918643,10801.214892661896,10185.63548094353,8932.432587863526,8657.240629643167,8373.459657104666,8036.855435950667,7690.650254890112,4141.498136035458,4791.577910150615,5661.359325536753,6465.3230747319685,7113.400181946316,7609.292816280806,8393.52271885448,9294.403758581511,10256.24677871314,10978.920361263132,11825.655355055815,12942.229070384368,13815.066467372579,14728.7702350061,15657.975159360549,16039.987369337257,16915.02016380429,18095.711446068297,18656.3592177849,19317.242217524305,19887.550136460184,26404.40344829275,24496.470648364186,22678.03729080612,21472.721222503475,19994.039025781087,17684.32413800272,16392.12530433564,14812.798893179752,13590.205801767377,13009.052457794465,12226.33628049836,11306.651830337212,10143.856475480792,9216.116144159323,8303.820199921232,7291.947101272362,6481.429929171789,5674.9120595065,4967.577210687644,4512.637785893359,4839.222195043271,17346.052255909763,16095.465182509255,14875.87518658889,14134.530714143166,12388.09076087339,11880.279342406038,11309.919656742115,10460.415369530132,9713.001755820991,8732.765618371737,8080.485096970006,6123.238242628875,5724.643811006501,5580.787831248502,5509.633851829539,5464.576552256113,9248.059557776385,6737.8220986903225,5957.4856505570115,3679.8406013813046,2131.098418676823,1271.6550170174644,0.0,1541.074822638437,2710.893394712315,3779.157836623245,5065.10316917586,6669.844014015929,9795.672949941567,8713.572485253411,8175.775165876923,7629.151740858435,6852.552495752428,6224.396329741367,5699.954326909761,5382.382371116092,5113.735300207854,5540.707900095121,11121.503310130833,10953.44789396377,10058.285677242726,9107.456791321223,8290.779850326722,7743.248216574613,6764.39187394795,6411.4719576249045,6559.394307617591,7612.077689132048,7917.838516862674,7806.7936685898585,7954.746493603162,8655.094264149619,9375.69264254761,13487.350458663648,12155.81094875924,10993.420482766895,10268.781539940215,9516.700845262312,8037.712596526818,7457.036559463545,6604.474152626881,5322.723748949456,5186.3828395905175,4931.978074638911,4809.541474428961,4799.368101171425,5227.23720636127,7215.37826046659,9412.749963978164,12479.248484120948,11283.705335377466,9843.486031955617,9013.942788377675,8436.783869092038,7906.11152681426,7555.294028300439,6813.28538340126,6586.6322961327805,6401.943920758393,5859.296117656057,3993.6925720397016,3284.9492635390757,2573.204939156427,2151.419601225746,1920.2012716882818,1731.7059751595918,1911.7165914515924,2998.8189406460074,12066.932908892657,11123.401231959055,10407.017850615908,9648.790564317467,8839.676888900734,7334.24877987599,6027.860505048051,4452.501975236145,3812.613331865395,3357.914148086876,3132.182109915409,3694.8804131834477,5251.680791116848
Tacuba,26336.338976553798,24956.31060005493,24036.451350323085,22954.550115939466,21682.164125561496,21137.4917489648,19554.019930434355,18595.194974871552,17864.28665696599,16814.175008298458,15748.804901949037,14442.77010450078,12996.988891025643,11897.526853126485,11363.715864158074,10143.823848521182,9934.467875900826,9696.437991931267,9420.52856985676,9135.948580719923,3891.5956715501907,4545.491243085733,5414.663248058455,6205.58256907757,6842.735723581534,7405.373969062279,8301.858617771115,9085.992637102758,9950.397293539327,10586.6007408236,11351.668719951564,12377.466725872773,13213.354225064113,14012.521852066257,14827.217536786025,15170.189937185152,15968.50989445411,17067.574646801764,17595.875644234115,18223.069302077347,18767.378133250953,26583.686741507227,24666.856647416364,22893.75132169393,21692.122070940262,20189.314934411515,17850.52743167303,16544.119089322186,14944.355974853925,13701.915990611,13002.451228080763,12369.43963676862,11482.989880032359,10396.696229196421,9548.934036911589,8712.935388857812,7842.559650816123,7200.186015992304,6588.604513737617,6111.787217464622,5834.23138286933,6284.588746039124,17953.97283427993,16733.075134434104,15546.877321914424,14846.488505654821,13170.29778852393,12579.375614113691,11970.289857886633,11049.120251201175,10193.21807341703,9201.336725620653,8569.043241294987,6731.835693622465,6149.5248400641185,5835.698763428649,5652.860303258907,5442.147055744885,10709.972055929005,8179.624085264198,7389.311424500536,5161.696699870017,3630.3958807756585,2760.396290298371,1541.074822638437,0.0,1292.7183682906816,2330.9281043456576,3689.074804766213,5325.041315956247,8802.629742997637,7678.02822096069,7071.709086758524,6392.3145191148615,5476.457579123862,4791.806561190049,4218.926687804342,3842.4146860705373,3618.838017212309,4164.270444099736,11055.877155165563,10737.976147331041,9582.157839639318,8629.749645631693,7738.818721343864,7106.768983339526,6001.945609955065,5466.786845268863,5401.707496465041,6161.523114475335,8088.445719492386,7825.74945681258,7529.84632438987,7926.5525227327535,8501.056905387586,14885.102745821552,13561.79509352155,12414.112574594277,11656.912286612127,10859.191083679541,9221.201554980047,8575.3749610122,7633.558805928737,6076.317426155034,5774.2783209828485,5326.1961152630265,4984.202825909001,4828.577970414214,4637.55962515534,6160.065827554585,8205.830175882653,13623.729790067933,12437.11870304158,10885.817089598086,9970.897343694764,9316.644336176429,8691.289802511914,8257.623674515486,7237.338505209967,6816.975117385625,6432.0834897053555,5847.734518280712,4048.180936348462,3319.146722065179,2579.9792836621637,1896.108174118609,1360.490677610448,605.1573584119354,1657.52636384811,3014.1122343338197,12148.591306844022,11181.922069300057,10445.353454404945,9667.068686397632,8836.100122020185,7464.293037491801,6266.415003837916,4969.589446906396,4576.175146413803,4365.641818008373,4299.774765269098,5041.920097615938,6780.186740235497
Refinería,27485.282755992048,26108.199092969735,25202.773491566222,24136.539419075903,22881.92021746584,22344.749139985037,20762.012757068464,19820.679536279713,19105.527745456493,18063.96110476959,16996.808896106988,15661.414248648629,14247.254889055324,13178.969703908528,12654.193394550863,11436.20162967841,11226.049425369143,10983.760921886014,10695.856015896634,10387.662213243115,4764.01038991789,5381.359249671066,6210.393286021323,6964.646824208539,7575.728662103614,8169.2399906241635,9120.159855630689,9815.0285851073,10597.766547446086,11160.428999999462,11851.308954652468,12789.91016546246,13585.562617323838,14273.448146770792,14969.918408048601,15270.39350335926,15981.685294458302,16982.49342324955,17470.09705120249,18053.72417768682,18563.55428802951,27470.993415917026,25552.1331984252,23809.40923791445,22612.543163879407,21099.40682388807,18750.702882244877,17440.83279925372,15836.221423383979,14588.839133156247,13821.729376087602,13283.239236570713,12422.057123113089,11385.680061466963,10585.36347467077,9792.442015785593,8988.326733347354,8408.20073720835,7849.047031729768,7403.087798332654,7118.603896681652,7534.062056824835,19079.315918279935,17873.400603041202,16703.266889071096,16020.166159892813,14372.677124516373,13754.373142104429,13132.994488064038,12187.951885397742,11291.867061034747,10302.309537341034,9683.760806632883,7909.346353142641,7268.428381706793,6889.674764546289,6659.416605304064,6369.860828477323,11952.685027047073,9432.551062811017,8646.272786070887,6387.848394709168,4841.218418161525,3976.499531438406,2710.893394712315,1292.7183682906816,0.0,1068.2670712416477,2397.9303948516836,4032.5575224257805,8843.833939420389,7694.752173095504,7019.7730955558445,6175.415858810617,5049.533797000786,4268.068766160639,3586.7874621953183,2908.1810717580215,2414.746404309909,2873.8679316497737,11854.284709993137,11439.683399887937,10104.524762245945,9167.847840869026,8235.892321126688,7548.616631832006,6367.107689891409,5668.622854969153,5341.58529408337,5543.95252669779,9060.493414608756,8718.802815180361,8133.516835187928,8262.62775821249,8678.707323721337,16158.341595726622,14831.991091127327,13678.471606605237,12932.074968262039,12144.109757289665,10512.708930305469,9862.343531370048,8910.677918395748,7303.467252483719,6956.884683888985,6449.155068508836,6025.116822489575,5805.462144642515,5224.282413266381,6201.125279550341,7985.117432882556,14910.367010387181,13725.154968293307,12159.650604978036,11229.349110219377,10558.547996715522,9909.805397293825,9453.135315057549,8339.81138618109,7839.588010519209,7360.261225757524,6768.665163058253,5071.297323223096,4374.722967868314,3682.1723998461316,2977.8847207581694,2418.186217938133,1650.7053131990801,1772.937157081885,2875.6591637351557,13028.194013750659,12055.804113168017,11314.3443686218,10532.820340072496,9699.808774060992,8424.950656404722,7303.588708661513,6143.141723698893,5822.091999873701,5650.978313268842,5592.452669757247,6320.412704948892,7948.687901466225
Camarones,28250.1993806964,26877.63607257748,25990.616015428845,24944.913241861977,23714.364115489258,23187.651507483755,21607.134287457193,20690.824009926866,19999.472582640065,18972.05578793084,17902.92967456696,16526.294893480168,15159.686359417497,14150.035314364764,13653.198641169956,12447.573442698247,12255.86631577656,12025.220114101377,11750.616287431129,11452.477143238137,5379.650994780508,5948.718780310472,6723.563286292442,7431.162510784676,8009.043511667361,8619.616549742323,9606.03924213633,10214.908254038137,10918.504429502316,11412.151526561503,12033.114148280449,12889.759826244846,13645.6070325387,14235.321318417511,14829.490539927785,15093.385854187018,15730.173585562183,16647.624717404073,17101.00340100921,17648.20514981694,18129.3943480404,27954.875656813885,26036.465936378278,24326.296720860548,23136.06240035416,21615.424015392276,19262.144865022674,17952.395944092983,16348.171087068768,15100.777664176134,14273.789202254153,13826.472623375952,12993.6326717936,12010.81220627248,11261.381814996113,10516.00569478383,9784.950225957538,9277.340432895566,8789.393369666906,8410.134990568973,8164.844563529583,8598.98582273353,19824.597917925876,18637.766760326216,17488.330033319424,16827.06099266843,15218.083547265973,14567.187379406885,13932.801264652777,12963.40525047482,12027.445382988026,11044.948964784675,10443.911613018885,8746.460649085306,8049.890862745887,7613.583772225708,7343.614638875145,6990.312146222554,13019.348516948427,10496.963490430542,9709.466376303271,7455.6352599729635,5909.408929112114,5044.247478885824,3779.157836623245,2330.9281043456576,1068.2670712416477,0.0,1392.7759927562713,3028.1024747456822,8677.987418381143,7529.987443282324,6813.960239386367,5856.341607762126,4593.765335378312,3766.2146059036177,3030.592103713327,2102.472059683159,1364.8803751500736,1857.2423977144988,12298.667192515037,11800.651856221171,10322.880094200982,9411.272606986757,8459.03175595979,7738.728485939029,6523.5700942077365,5715.409771702821,5185.310214014583,4906.530997708309,9685.927379577328,9275.599490225039,8448.010752577411,8350.925677085315,8628.24542363115,17214.718320235115,15890.185595210358,14739.471316468274,13987.035941718854,13189.321619088922,11518.136309525142,10850.856906549783,9877.236989515462,8201.00978503634,7805.940252682776,7242.840874585173,6749.471243430602,6478.550396931444,5598.7807826276885,6096.13740006429,7619.217552794075,15894.325361292145,14714.208180991023,13115.204768312802,12158.962835738308,11464.510345411238,10786.18117251804,10303.035810868183,9096.119207028227,8523.749211287759,7965.113521059017,7376.293162617649,5798.862681088097,5146.170206084688,4510.382729220893,3819.3003095651547,3278.023678245589,2580.632574168415,2640.4485370875586,3465.0951383115857,13540.392637241179,12568.08170236855,11826.863640711577,11048.11700780873,10220.37150958858,9045.998997681721,8007.105219690807,6989.760970200836,6751.341925618481,6642.594992588084,6616.718782473633,7372.486478463689,9013.565603305566
Aquiles Serdán,29583.074905473313,28213.254349307186,27335.64481258524,26299.720450242006,25079.551392995236,24556.94893351712,22977.59440766678,22069.76156676296,21384.85935789358,20360.503910243457,19291.127570978533,17904.62313438208,16549.307861482546,15541.578190427956,15038.329471498657,13827.332182120916,13623.51162922568,13381.094094548236,13085.35552489021,12755.70943948879,6677.896875536143,7215.558103835524,7950.104896641917,8619.928752822614,9168.853478270019,9786.233109907991,10790.902913531918,11331.66735041341,11965.836263733847,12395.561449141609,12947.093151001185,13716.762528715357,14426.320558612082,14905.702947511027,15377.719125276804,15595.762270725214,16135.495159705904,16938.244257744678,17342.59151578756,17836.30227451271,18274.478194724707,29095.295557764217,27179.0473236884,25496.545079747557,24312.756105332785,22788.179230433623,20434.84360097912,19127.497370468598,17526.85850572432,16282.46019420149,15412.089306094269,15034.326826271856,14223.486401112455,13278.127519795798,12560.586871481632,11841.974118571039,11144.433930914483,10660.175346141199,10182.141912749907,9791.268578750682,9514.978100339322,9904.120050882646,21150.71372396466,19974.40307559824,18835.56278405287,18184.269559264318,16590.690701850006,15928.167123285983,15288.96236906973,14309.974524133488,13356.478273485955,12379.09819482791,11787.201121524982,10121.195494041669,9406.898339757321,8948.1133465043,8660.835378975453,8276.978828862904,14309.738134808318,11802.8684687861,11021.272201199057,8740.81059831904,7190.51567685421,6336.7462680993385,5065.10316917586,3689.074804766213,2397.9303948516836,1392.7759927562713,0.0,1639.1956062218926,9264.068554508478,8141.37913644699,7396.569074704007,6334.411658368754,4957.326709858359,4131.881451101574,3404.1515509116953,2225.5690482632413,953.6821276537737,476.79000974503015,13438.576881698378,12876.158711306247,11284.908289840954,10404.65761418485,9445.602711697988,8706.437001865017,7484.346606722839,6598.168979166218,5883.679125655539,4969.483390717185,10961.116302501507,10510.369065994413,9512.080429242516,9214.248647179073,9344.79498487382,18544.65075057822,17215.697861833945,16056.840487521451,15320.814586276721,14540.21628770156,12900.53401293975,12238.829788820018,11268.95159953009,9590.087419822492,9185.186093566326,8606.251766659885,8087.794304444133,7795.306672613095,6750.70585567981,6814.325369597018,7978.517121258111,17283.844993894498,16102.452328964568,14507.873840197679,13550.968572698852,12853.768088006063,12169.81106793119,11679.984400747684,10440.468752434974,9835.792776920196,9236.742384432993,8653.25102691887,7143.347154799502,6509.735004488472,5891.6750955055195,5205.427508035911,4668.190394841787,3971.944482460587,3631.085366758181,4054.8654906529864,14726.731017036716,13757.763206056889,13019.547682648143,12246.094710039935,11425.993595995951,10321.352260368274,9330.704940993997,8369.527613674525,8143.943218175906,8028.661523514071,7987.910401547954,8713.927159291137,10237.758562595402
El Rosario,31106.121648803553,29740.702393654337,28877.013199784422,27855.935534144024,26652.118245800346,26136.23250756002,24559.169013596205,23665.92022991614,22993.3725989476,21975.851477802236,20906.03242653022,19500.783588826267,18168.03664890666,17177.994707270846,16677.523365026627,15465.937161892558,15258.149476392899,15010.284909587306,14702.865483492635,14353.430148617625,8195.219944887824,8697.525931024404,9385.502725166627,10011.030898569607,10525.25688972864,11144.829361059523,12162.432551578384,12625.668252984715,13179.702910259793,13536.232030683535,14007.000363743758,14673.9451443669,15325.996034822876,15677.34737491794,16006.89813671749,16170.785318133156,16594.648576726806,17258.223508878247,17602.377144548536,18029.930057625632,18414.575828877594,30368.43143564438,28457.07663866099,26810.823095442287,25636.542083683264,24109.347585100688,21760.005532935545,20458.200645872934,18865.542987101664,17627.98511520399,16709.92999656687,16414.15577925394,15631.45643673146,14732.787759758368,14055.008562778188,13370.48115676085,12716.879093320329,12267.260023391427,11813.227050996991,11430.224472944261,11142.72054657328,11506.2713732616,22668.429426762243,21507.337977490883,20384.02672044409,19747.41271591476,18177.931278185108,17498.195149302097,16852.56636807271,15861.292031931129,14886.14185182908,13916.829651524447,13337.531577124759,11716.076172607234,10978.842728079399,10493.924023619333,10187.875541993233,9772.497905389748,15897.243098984189,13403.262971978666,12626.223760060742,10332.671514731073,8784.06911639986,7939.422166554448,6669.844014015929,5325.041315956247,4032.5575224257805,3028.1024747456822,1639.1956062218926,0.0,10020.054415402905,8951.655004147739,8199.410747332478,7072.466958928557,5664.437258361074,4916.070657919525,4284.503879690534,3139.7526674202973,2111.315980911794,1171.2152143832172,14746.365147808587,14114.955553397333,12412.092948514495,11574.333730585819,10619.32140004381,9871.105677536489,8663.593236950559,7723.438758421655,6859.367128123379,5362.978588387365,12432.13471659068,11938.058974850377,10765.577876644144,10263.372947416812,10237.847509035655,20157.066306509198,18825.628487384678,17661.82139112819,16936.77321098388,16166.48884129691,14539.586998642266,13877.637185715233,12905.140229974044,11209.372871491969,10787.717304859787,10187.84725315855,9640.664697478704,9325.452458665059,8126.660376310843,7773.378202555436,8525.6530251271,18922.08116134112,17741.21021882696,16141.159883387325,15177.265815630699,14472.354576384689,13777.44248912955,13276.866407094389,11994.525205659784,11352.837355247639,10711.101029950798,10136.377913389984,8706.463005986241,8096.499206581882,7501.634828310608,6823.301598434148,6293.258114109621,5608.732030680153,5111.814268633284,5263.440594225495,16082.467868130589,15120.772692631659,14388.861402053242,13624.684308261454,12816.947523460887,11794.985627145574,10862.67767655126,9973.708299941867,9773.99472520843,9667.757545878889,9624.748200211872,10337.91361048217,11784.894813075338
Martín Carrera,23899.530900334812,22642.060986939152,22006.475524480094,21260.227001456256,20404.617263343862,20048.79314348291,18626.28690897636,18127.598247448535,17841.550830011605,17137.60306739267,16172.473964832549,14412.245358371802,13954.330439021654,14093.0502837339,14229.837386680189,13544.004373720354,13828.089623793401,13968.620005941413,14208.105948629423,14498.035463638036,6224.551471229476,5829.738403281953,5372.8683347855,5003.864756321975,4773.669557788383,5008.769204374973,5627.47205017858,5148.289502572661,4864.49770694811,4639.855893866069,4607.475997372979,4862.5638702959095,5382.421281447843,5661.094508420651,6151.511235598162,6428.859036790676,7167.111592484413,8300.041795057852,8868.381368112017,9552.663748838624,10151.51804323202,21251.229652451566,19397.7831542087,17982.710990347474,16899.286318524533,15409.996117645695,13193.485816161867,12007.867231340846,10597.421215411809,9540.101460071983,8367.004466817178,8789.49852508139,8422.30415006748,8248.37414829151,8274.81520360516,8321.708983540742,8696.109216107787,9245.35155924069,9873.184704369623,10665.716197122696,11340.677428888266,12345.969098046606,15841.027053262009,14996.304694432989,14232.74901905512,13927.485199217466,13075.024799209192,12146.829669640738,11496.742685559148,10488.777754167566,9390.588411997694,8834.259917851903,8666.078053342138,8617.948860047925,7761.578567441495,7098.571076742085,6700.552289484229,6149.226112462177,15952.552060709662,13718.122208126899,13043.905772159169,11816.55609692109,10903.383543251957,10328.098283836107,9795.672949941567,8802.629742997637,8843.833939420389,8677.987418381143,9264.068554508478,10020.054415402905,0.0,1150.9769871049796,1871.775939796016,2952.476371654104,4360.696172961903,5150.854941014056,5862.006868570156,7051.265688246702,8318.447652676181,9388.80467003789,6796.5783760956565,5759.877138434115,3701.155059126313,3498.9004954477073,3142.4830822091476,2947.803762623939,3244.808528967682,3384.2992553600357,3508.630033659869,4800.786511507283,6928.160306399198,6127.446221198585,3870.6739131534036,2081.212205070356,951.416106085469,18892.395809644546,17818.17079087542,16976.117941772747,16038.227276807987,15014.675652387099,12718.04962859957,11916.94476186998,10898.88691843627,9041.290795692426,8343.994134758312,7623.9337802215605,6933.485474245186,6516.3994594714395,4851.303322622088,2652.8099204298474,1865.2447389610213,15770.263477230865,14888.648867622884,13013.172555770043,11891.245581143934,11061.645952508425,10220.435771214386,9595.863031633126,7934.138378311108,7012.0702648401675,6159.623419826953,6085.35379529537,6892.544759903673,7198.453619099758,7580.284979443798,7711.724061751379,7876.52296739105,8275.542046539542,10378.285776953353,11666.870794942379,8294.79428935723,7577.1635513248175,7072.760321268961,6613.876627089647,6213.80328679424,6621.186490853969,7024.445883146391,8042.718061617244,8798.800706488819,9507.204150590189,9989.825300759907,11010.305753203302,13529.235898497685
La Villa y Basílica,24272.261333972376,22989.110097953555,22309.59755344763,21510.92711090231,20590.039265629563,20204.6907866288,18743.6684629791,18175.54725156795,17825.17508740256,17064.06696387137,16069.312642954983,14335.539632068227,13733.37105542138,13715.499400232204,13772.511163941923,13005.956829644947,13239.481364228128,13340.0169084461,13526.976297103693,13759.664847544322,5311.84766562132,4991.657213181822,4663.40768081935,4442.187356481805,4353.012339221412,4714.082284237811,5494.583056181435,5231.782665742177,5190.284603066223,5159.6967843791235,5326.700733617846,5779.9551371291955,6382.633475017585,6765.352668343458,7300.447978446853,7579.671068790189,8302.904716410296,9396.87557349894,9944.657743165726,10605.124745912524,11184.18476395454,22005.802352937877,20132.926348904803,18656.812308063258,17546.89073377896,16040.35245060399,13775.673474048715,12550.164337134695,11076.92522956649,9956.934593509712,8825.123686307763,9076.271662758943,8600.415644227047,8258.962693239706,8141.64222178332,8051.916313642208,8270.235362081075,8697.867577680796,9214.058573584716,9907.493922311514,10512.828620934486,11492.228145810654,16085.097013951628,15171.78539419555,14332.371515145103,13963.944713806262,12974.137766578466,12066.115675891348,11400.174213969927,10365.532072782376,9250.852795153123,8595.69789602013,8346.954924603813,8047.635213704334,7154.465983757208,6468.191379492884,6050.037154484748,5466.0541463786785,15250.978728317563,12946.276563362153,12246.055294535141,10895.942843143534,9910.807785062058,9300.757214387897,8713.572485253411,7678.02822096069,7694.752173095504,7529.987443282324,8141.37913644699,8951.655004147739,1150.9769871049796,0.0,752.6094092780962,1889.7121071747936,3289.5190542105347,4051.223540561942,4746.7443449006205,5938.770125831212,7200.215767512619,8280.925568677616,7102.278648465083,6142.349378531156,4098.51388134895,3628.105451087168,2987.9093137389023,2534.3870657184416,2409.607950619601,2327.3072221263255,2357.6911386961056,3857.149328997614,6662.317868823999,5865.813159512344,3637.388843288619,2009.3479731194623,1360.3082713096244,18374.313032993523,17256.84184270015,16367.311604703256,15436.363451013793,14420.987512113757,12146.284753608052,11338.02014810023,10290.347191190967,8369.22090530408,7667.054723512115,6914.06386993883,6187.403670745638,5745.60547026832,3934.5693605849365,1518.0146974155175,1510.2418190744875,15434.818234171644,14497.134892286223,12615.680309374302,11484.124074760191,10645.174938376309,9793.770336558484,9161.137344139244,7470.55828666863,6531.322024080983,5642.227346294119,5468.639797701524,6026.719871705606,6258.330934626454,6580.351690329693,6660.8605442639755,6793.57234855913,7161.1977366528245,9241.121658056603,10523.255577762719,8607.551682655176,7805.869667348568,7224.324376548796,6666.891633408005,6142.462553937416,6265.884302036093,6458.8539092977235,7280.846974340121,7974.854756122148,8639.040004737511,9096.016941416998,10129.28472617511,12631.666914296049
Deportivo 18 de Marzo,24778.759550102426,23483.70161527719,22782.28540384876,21956.94304219933,21001.987283514998,20600.910869333657,19120.612114580883,18513.89056073895,18126.447412352376,17332.53181100377,16321.981984227608,14609.229868478404,13918.693894770327,13795.829033018366,13796.033492709845,12972.67222977526,13166.597692973082,13235.364451141671,13379.29774512545,13563.441118672836,5010.601738165057,4775.008121935599,4576.941132426323,4486.648531220813,4506.138971405043,4941.772895271195,5804.226266880894,5666.077091919752,5739.587176686353,5786.691564793401,6017.930393325201,6517.766187742875,7132.107785087627,7513.588133871019,8018.374785792816,8280.67915888944,8961.920085191825,10000.63202202584,10524.197144016749,11158.362700373164,11716.50111789938,22682.1939685072,20802.9721650925,19304.213535636023,18184.539535761294,16672.44643205945,14390.847862165467,13150.717386940667,11653.885288268837,10509.70708858923,9401.124260437882,9572.001202226407,9044.595651976737,8615.28748730868,8414.692973879126,8239.50212495946,8348.776692635001,8682.392248288557,9105.803908552885,9710.4611883825,10249.72783407642,11200.691546566959,16535.71129955706,15587.831323044826,14708.85016510204,14305.670363755109,13237.79139056613,12345.731584750614,11673.262308443442,10627.928987177169,9510.549627486824,8798.449650875864,8498.853120201175,8020.5393738574385,7108.214054814346,6412.457511229307,5984.330982057665,5383.529541596408,15081.404871880592,12723.799089263059,12003.027871689193,10541.253349735056,9482.666369295815,8833.875651974753,8175.775165876923,7071.709086758524,7019.7730955558445,6813.960239386367,7396.569074704007,8199.410747332478,1871.775939796016,752.6094092780962,0.0,1146.6079204460655,2538.6398759129656,3299.1886662512266,3998.2831924994157,5189.759439235943,6453.367189828422,7531.081172277842,7620.849324058007,6704.307514259963,4695.732747341549,4125.5832944550775,3371.408719585877,2791.7310820330367,2313.7932125880657,1929.9367301863967,1683.847691891274,3150.4817277005372,6869.354809082319,6088.649199964945,3941.785719786574,2511.9397696746673,2077.0821809390554,18341.113946207224,17193.48311525329,16269.429926122182,15346.25365603888,14340.168222491578,12090.83688483423,11280.84636322311,10215.743864608672,8257.040824455322,7557.546731685313,6785.087472512358,6036.5101973973,5579.335433736056,3660.874678406445,990.4945859626846,1446.759759846466,15538.636599412268,14565.047374164198,12686.371614328167,11553.306274490282,10712.356331556399,9859.17302428213,9225.486487483775,7530.420975000973,6591.227150629735,5690.350999311634,5441.96176386458,5763.772691605589,5913.551552496904,6162.87431288713,6177.155819456516,6262.656536247079,6576.307113969677,8603.871839763127,9866.97029266267,9118.544211110197,8281.580764247614,7666.268110077177,7063.109542454812,6476.632667467016,6419.413968992293,6455.224940764945,7101.56150804849,7731.581049336707,8348.178358836334,8776.86962344623,9817.369956429186,12294.164372761728
Lindavista,25722.755849684745,24415.000522109174,23688.86472053041,22832.97366440364,21838.30086167239,21418.633838188805,19916.91175282894,19263.34326618771,18829.763613338127,17995.475096081605,16967.117613629147,15286.82983045218,14483.671166435373,14218.043553480367,14137.747133889463,13236.50099714194,13370.476274283785,13390.878800814617,13467.859055425042,13574.71867271762,4982.51675322997,4896.62518881729,4903.872406913231,4995.136443363212,5148.047649122869,5656.711485266514,6592.566477040138,6587.349588992334,6767.226947810178,6876.854111348007,7149.555113979216,7664.220519382549,8271.810684474456,8613.564828828105,9043.770270688487,9272.06607667856,9874.564038120476,10814.150735541602,11294.821793312241,11882.487635146248,12403.647646687776,23796.98793807702,21913.06782697097,20395.65181712756,19267.753301199707,17751.382334433412,15455.849390308003,14203.281478801935,12686.031219577242,11520.60118556066,10437.073160905193,10528.053508925976,9948.462187036006,9424.01209660073,9126.974076205574,8847.610590078835,8812.27663947304,9010.41490433075,9291.812172634929,9751.679237782826,10178.290681349717,11073.32272887994,17424.21477082943,16437.798185849613,15513.769465814434,15069.489720092894,13907.775418230101,13039.853587842346,12362.504190700001,11309.807236313898,10196.967743034224,9419.808923886718,9058.032201503342,8341.272858031018,7417.197915689437,6722.827344691084,6291.290331422463,5684.4736512882,15126.787284999797,12698.316122990367,11949.32942788088,10312.045508362187,9132.81779027499,8418.934681698047,7629.151740858435,6392.3145191148615,6175.415858810617,5856.341607762126,6334.411658368754,7072.466958928557,2952.476371654104,1889.7121071747936,1146.6079204460655,0.0,1408.8847141479782,2205.671000445773,2931.725410436437,4112.408617049614,5383.920499977683,6442.467393522956,8608.678146770664,7737.203300103108,5769.455571919203,5126.735006310535,4293.028177641054,3626.6494715573413,2813.521351154901,2046.9370468495551,1159.5661575323618,2034.5946987519317,7520.210140258586,6772.035182330035,4769.278681254807,3554.21744141292,3222.972455996022,18581.790976862434,17393.002571772122,16420.319967239695,15512.849235603711,14525.61160665761,12327.725891070071,11521.303996210258,10439.851695320387,8448.851034558062,7764.9639803612035,6978.648350531255,6215.532678113833,5748.714728230756,3755.154087600772,1250.7805725331568,1819.0059662385895,15985.989056317449,14966.177871419675,13101.103627378083,11973.240958827075,11135.900242388478,10287.813005810725,9659.15605181166,7980.378854124036,7058.301016693835,6163.012127701256,5820.230753079557,5772.777871541005,5778.050243156947,5888.212942057866,5774.207570664594,5761.337494747727,5952.566045586163,7837.9324710883275,9048.697534549941,10092.030361664776,9222.903671171027,8576.30142734106,7929.576356109202,7281.95635074658,7011.587965196992,6838.398841704638,7210.8063000857355,7726.356466101626,8253.992923480966,8628.587515832458,9668.833647012727,12080.810238823058
Instituto del Petróleo,26701.93711759443,25377.015131444594,24615.73321144974,23717.36532927446,22668.71051415859,22224.17521282596,20696.95910502236,19981.946287040642,19488.308298903547,18604.113351997865,17557.17642990985,15927.946788353735,14985.336936380152,14541.718684656626,14361.585482303528,13372.065391413616,13430.605579878336,13391.147867675683,13384.945336081691,13395.870248325526,4984.524614170889,5085.319597796553,5329.405383601555,5617.293838995878,5908.434900542176,6477.762551215986,7471.071079428527,7622.980400860369,7933.685152479445,8130.199352536653,8474.327905477787,9045.421002105952,9670.66935315351,10021.678012217357,10427.42290186413,10638.684809384049,11193.681919113737,12061.598348881742,12507.880965589122,13056.168360501508,13544.540002935568,25066.361680662227,23173.44405115153,21620.43408240523,20478.467769961484,18956.169679324845,16640.17825444128,15369.814212374557,13824.804043250926,12632.077758409327,11590.195961150148,11567.5502392854,10922.43006740679,10281.133771268453,9868.047120065958,9465.888251252927,9256.070714302916,9285.939614633622,9388.444690857195,9661.687999648271,9941.94116501122,10754.08879905653,18339.292052503584,17302.79571249848,16321.533250866882,15824.705170915424,14547.724272346904,13717.109138801066,13038.938168173065,11986.620150037572,10891.812374402012,10044.905833110974,9613.19410331855,8622.969242153265,7709.843613467419,7040.320834778012,6621.604502494315,6035.531055566178,14976.170150962254,12483.525953007766,11708.767929856649,9879.105964859336,8571.324647380394,7790.750619122778,6852.552495752428,5476.457579123862,5049.533797000786,4593.765335378312,4957.326709858359,5664.437258361074,4360.696172961903,3289.5190542105347,2538.6398759129656,1408.8847141479782,0.0,836.626048139846,1581.9107967914954,2731.8717267790194,4003.9382238166754,5045.525280120223,9705.192027893898,8902.070070089896,7007.624078004417,6283.022309334139,5383.478820000382,4660.820842359423,3617.5899134233296,2661.168832089016,1540.2675332265949,1073.1349970600993,8216.03299507782,7524.076475250252,5744.288045361527,4790.762169608778,4598.930918524434,18650.154475147283,17416.821888881568,16390.11342820157,15508.43685143296,14552.338785334723,12439.836165491108,11647.840563531694,10562.167874744775,8571.58208128349,7924.977886854471,7147.304788237927,6397.391737308865,5941.728278269982,4017.3523068668314,2283.5515551938192,3041.9411553301925,16328.470541421204,15257.588153198203,13425.340340159226,12315.779385335805,11493.162720347966,10663.344506054722,10051.007019764698,8426.240986827,7549.506356763098,6691.310667108447,6254.267309207442,5770.898476790673,5596.512225643339,5523.752868621512,5248.392370527646,5105.654232108432,5125.022069929424,6781.59113498885,7915.554313116089,11158.227305405679,10252.329177961516,9571.32534119288,8877.780964309826,8166.301698638847,7650.878374047769,7237.857052915777,7269.223778549577,7627.8531786291705,8030.5758659643125,8328.673927908834,9346.597932633342,11643.242998655383
Vallejo,27036.603332431747,25700.42142194686,24914.54574312599,23987.097715957916,22902.32275664926,22441.421102402746,20899.555051657728,20144.872221556383,19612.879096446028,18698.5464965709,17642.544987823858,16051.157841534074,15023.724733988793,14472.855981446211,14233.82732514608,13197.0985165511,13211.497758258134,13137.83245687397,13084.42468740503,13041.684037310393,4848.232458230463,5056.407142493718,5432.115784840523,5827.990169661391,6194.952912516732,6790.040119201,7804.429266656092,8057.885501755971,8457.990891335041,8720.478041397188,9126.044355278465,9759.001173857028,10412.342383404077,10808.783376485477,11246.370213004913,11465.221222168224,12029.162587189563,12896.563465986246,13339.431808283847,13882.07533943139,14364.581780836326,25640.357448289382,23740.1249658392,22155.942933002472,21002.781736463472,19477.14129011452,17147.336135367394,15864.823072972591,14301.460716754586,13091.391588218014,12085.133953016144,11978.019868406396,11289.929764266399,10573.590727336526,10088.106020502399,9611.859914585462,9296.544014743904,9224.524144084762,9219.993738505516,9382.298881491131,9577.150785207903,10337.314310221545,18639.777197148353,17570.799399777068,16553.208638726257,16022.793925476897,14675.35286579409,13872.329089114495,13196.859883703606,12150.517910262182,11074.354067495851,10189.856924966438,9718.453028366439,8573.020823351082,7679.3600761297075,7036.293256726622,6633.671890818091,6073.707105997817,14631.062802482858,12113.947708668007,11329.262780809995,9406.616199769469,8040.2670529440775,7231.3538028317225,6224.396329741367,4791.806561190049,4268.068766160639,3766.2146059036177,4131.881451101574,4916.070657919525,5150.854941014056,4051.223540561942,3299.1886662512266,2205.671000445773,836.626048139846,0.0,745.3486445749054,1907.5445182227006,3179.902185797569,4238.266718667095,10166.539333888073,9418.70134882857,7593.123737061526,6815.56415406671,5885.282461464027,5143.36739595814,4009.528803718955,3028.6671057561243,2005.2294907778019,1394.7530816624787,8424.234611667858,7776.6327478388375,6166.187489218286,5399.365730198589,5322.032145609595,18416.997860200587,17161.587778038476,16107.405460572085,15243.397649895447,14308.844290539606,12256.32148784045,11477.793759406666,10397.808789095803,8427.923004758482,7812.2663153941185,7052.6540879469585,6326.094767364038,5888.4284915234375,4081.347502531231,2882.224088319702,3878.5669487981204,16263.98904427777,15166.322316900192,13362.133208352843,12269.867206397601,11461.56673320508,10649.115531383512,10051.985642661151,8477.757972113819,7641.152492664071,6820.717722056744,6336.552107105155,5606.597525372565,5330.457345154414,5151.247528364461,4787.906682823946,4572.600200967876,4493.415307582427,6019.472501852896,7119.799351384854,11589.897822220117,10662.45934859211,9961.864953935432,9241.92799686484,8495.194322226433,7831.548385772199,7279.3353090400915,7107.199185389809,7368.049494833613,7693.03883220793,7944.0328381562995,8939.079929900861,11157.424306566503
Norte 45,27340.735348016202,25995.62949771017,25188.81196719258,24236.660051817493,23121.22833511357,22646.4349619056,21093.495810777604,20304.933120963567,19739.909523490995,18800.403409425955,17738.244287224323,16183.45114235407,15083.6111001429,14438.661616506215,14147.352836240472,13071.077525685167,13045.230679586042,12940.497945051167,12843.841629793606,12751.565605266138,4833.315377956896,5133.179475792178,5615.031700086877,6094.61079540851,6518.682085196344,7128.072457190167,8150.847236899539,8485.499003230481,8955.489839419608,9269.610188251869,9722.814388920955,10403.752575281536,11078.767967504205,11511.678521133688,11975.43485489606,12200.746406539129,12772.865762070467,13641.262583233232,14082.005472977242,14620.759664154912,15099.032022058089,26154.11519623464,24248.508897515,22638.356209829388,21476.390310583298,19949.181655271877,17610.032929059053,16318.889521795707,14742.547101275659,13520.33899771139,12546.361246147539,12368.739958894696,11646.681663378624,10869.712465345214,10324.84994497501,9787.522868222422,9382.173477910794,9220.127441357592,9118.7050546482,9177.498243899141,9291.007612272773,9998.190611630225,18922.34258606649,17826.778048383378,16779.397349881227,16220.767341039938,14814.85165098646,14038.214945358099,13367.166189151101,12329.65943483814,11274.06589750272,10361.352305043969,9858.131586814123,8583.737323423971,7715.416236749184,7102.7723366677565,6719.344977097443,6190.215998785751,14345.16605081007,11812.417856549282,11021.250612491638,9018.494600386923,7602.296122223251,6770.269016736501,5699.954326909761,4218.926687804342,3586.7874621953183,3030.592103713327,3404.1515509116953,4284.503879690534,5862.006868570156,4746.7443449006205,3998.2831924994157,2931.725410436437,1581.9107967914954,745.3486445749054,0.0,1192.3142829192416,2456.4840890625983,3535.368322451535,10605.729723830305,9905.999920470418,8143.072893408458,7328.651787492811,6382.151137714695,5633.852880938375,4452.892201207907,3485.192536125189,2574.8699911301514,1964.7207472404534,8661.223048160637,8056.159747567952,6598.428996849842,5980.207995629264,5985.521417716828,18226.050866487443,16952.75507803182,15875.565587293753,15029.599933073823,14117.076572121772,12125.851976321015,11362.758084634665,10293.165634639752,8355.1840091946,7773.131024363859,7037.949878874156,6341.978884481732,5927.302336719631,4265.007947106489,3491.876919033336,4623.806321516635,16229.24533577347,15110.17333120452,13336.384725132313,12263.521163700812,11471.39342242453,10678.33374793882,10097.990761700543,8579.100708882892,7784.856379540708,7005.707598439339,6487.371560925296,5549.642963140351,5183.107608524157,4903.510707559861,4458.063817918602,4170.43612052581,3984.2295082857954,5352.777208495917,6414.903071208707,11999.59831104395,11057.274481092487,10343.175092725898,9604.73703575277,8833.074623434462,8049.920861344351,7383.0789938809385,7030.4682616622595,7197.62545518182,7445.909628973761,7649.682662900155,8615.939733436831,10749.480423096757
Ferrería y Arena Ciudad de México,28204.869556287515,26850.34185674322,26019.210216494237,25037.97696468627,23885.816342901006,23394.141866657683,21829.561315722116,20998.735397188044,20391.30781530859,19420.15873648294,18352.447100832946,16851.110392788753,15657.741051030276,14881.924085273624,14514.121139778366,13383.241321187847,13294.104333747766,13139.826967907373,12972.013807522439,12795.25320671263,5429.830539714456,5835.331936567416,6428.551132396772,6989.608852448241,7465.942963112369,8083.403051667183,9106.511343408147,9516.599482262116,10044.545557779486,10396.960685849313,10880.437554084632,11584.938328196607,12267.097050246175,12703.339140987138,13153.867615766922,13370.19398497074,13916.875316394027,14745.224409867084,15165.937428555579,15681.054130188806,16139.060703915078,27239.08791821691,25329.453926251444,23696.34901048645,22526.8270035448,20999.249309280927,18653.386784353217,17355.522627381888,15769.000008949924,14537.271829306486,13595.607325429215,13350.553433498235,12595.851857855263,11756.896878936215,11147.676629696492,10541.327128910458,10025.89000118555,9743.91582784043,9503.194098623817,9399.115443685603,9373.970654821404,9978.198701648445,19770.980740031537,18645.846552252366,17564.677813275495,16972.569125439277,15496.592571635936,14756.800597959771,14094.076521597013,13072.346825520992,12047.474679707953,11105.942185823691,10566.89835124998,9135.841260812906,8313.377019095147,7749.9056042031625,7397.265816374882,6915.675402845284,14386.544279639229,11842.95462222099,11047.03428222155,8918.81693860008,7426.598587658061,6563.926297197662,5382.382371116092,3842.4146860705373,2908.1810717580215,2102.472059683159,2225.5690482632413,3139.7526674202973,7051.265688246702,5938.770125831212,5189.759439235943,4112.408617049614,2731.8717267790194,1907.5445182227006,1192.3142829192416,0.0,1272.6284983187168,2343.137350395909,11639.472568145355,10984.057323192077,9273.365711468945,8435.139108068724,7480.868661977121,6732.3767888223865,5528.115561985273,4583.834457754168,3744.0311708022614,2842.9482657017497,9496.080152216267,8943.107462270225,7644.4429311681915,7135.282240981421,7174.5845869776995,18411.135903589195,17113.007419092806,16001.94393301588,15190.00036364437,14318.425836083667,12437.425558491414,11704.017286842995,10659.779686889684,8792.048295377645,8266.998671040565,7578.326648195631,6937.32841093445,6561.831229484176,5113.300220661049,4668.90212523573,5759.248607618374,16664.032296994235,15517.884518113706,13797.651117524068,12759.096853134864,11995.20555181643,11235.106080544987,10682.531730460876,9251.24265748431,8518.921794138116,7798.674016428988,7248.339461250113,6066.250309263013,5581.433622814447,5155.133003951935,4589.637072089252,4182.3147306471465,3779.145233199371,4659.876498640835,5567.334578411047,13001.309847955226,12047.157839878319,11322.245255652102,10568.492818013623,9775.686135255315,8869.116200665308,8073.163875855204,7483.497153393363,7506.075407031444,7624.847982878572,7743.643502560314,8642.608476598672,10592.292457972835
UAM Azcapotzalco,29002.109916505065,27638.165929647483,26779.90024274775,25766.646056596368,24574.571473523803,24064.718313875685,22490.33096831246,21614.276715543732,20961.472025822255,19958.436342398614,18888.34211791049,17451.330520323983,16161.852061843436,15249.805960190633,14802.642150184358,13622.144856033765,13466.420742436077,13260.767241909585,13018.706142650448,12753.527381897118,6098.35874009139,6589.6623181406185,7274.347261437123,7905.063117197692,8427.593090542048,9047.074669060179,10061.997837136652,10551.18997407696,11143.179877579541,11541.67606716371,12065.386437219791,12807.818479194277,13505.658705254637,13965.547286383404,14426.260803158137,14642.555183097738,15182.775380598407,15993.065723712825,16402.842886515988,16903.944900473038,17349.15800220972,28309.33364848172,26395.45217451818,24733.632385576813,23555.50595998665,22029.008775491086,19677.656572904918,18373.510858918937,16777.62386545096,15537.408657746408,14636.479003182336,14313.421159359372,13524.66999642028,12621.487558042227,11946.843940711366,11272.291966079565,10647.124229045956,10244.27603356485,9862.501681362082,9589.943521442097,9418.821437552617,9903.123555036489,20563.77404818618,19407.92189098041,18292.076467160776,17664.827035555834,16118.14585210563,15422.031648384025,14771.764982131306,13772.902304251063,12787.574120484347,11822.369024122807,11250.372697059971,9674.028099815045,8911.411609066181,8407.347829723885,8091.934133605534,7666.546623935413,14328.767550136483,11797.070859704741,11005.641097467877,8776.826514505534,7237.264196784237,6368.441320933591,5113.735300207854,3618.838017212309,2414.746404309909,1364.8803751500736,953.6821276537737,2111.315980911794,8318.447652676181,7200.215767512619,6453.367189828422,5383.920499977683,4003.9382238166754,3179.902185797569,2456.4840890625983,1272.6284983187168,0.0,1114.7702723486282,12667.927640567172,12066.569604431656,10424.636076856532,9560.31251042844,8601.58320772083,7857.26396714123,6638.837301533946,5727.884266353477,4965.436295191463,4037.9511495631195,10321.447562441926,9827.868754228746,8706.684908080368,8324.424203490322,8417.884519232892,18483.116349231706,17164.825971897022,16023.898413039713,15253.507243115228,14431.852436470044,12684.149877734577,11989.589013376963,10984.17718157789,9217.30557179399,8760.157129174851,8132.282892723902,7560.299860229045,7232.2355106292625,6021.939574913936,5895.4133086090405,7025.464865580592,17012.697132539568,15843.770995003691,14192.113677913809,13198.09047592807,12470.708018144473,11752.583065829851,11234.840089824434,9911.16511466088,9251.785358470643,8601.094306776193,8027.769794403928,6636.654646476788,6055.0924642856935,5505.007357929136,4854.02523516955,4356.118001449706,3759.5923448700223,3978.385083686466,4653.88389976115,13988.17194999886,13024.003081745599,12290.082580337305,11523.261407700616,10712.462740568279,9684.628725415658,8768.162282493546,7951.731563522691,7826.747121027932,7808.5304266989715,7835.105918689029,8641.728005633931,10360.701811639039
Tezozómoc,29990.293124019183,28622.245435602876,27750.50412767748,26721.004492229793,25508.168440400274,24988.677426873775,23410.345885823663,22509.62069209135,21831.170085423684,20810.628754940582,19740.971990802944,18344.313443139024,17001.347322237703,16006.84828513005,15508.925845349499,14299.991511439184,14098.699631101985,13857.412623452892,13562.120962551096,13231.137374661173,7077.926433198584,7600.540039438547,8316.280145607128,8968.949717235791,9504.862399137095,10123.692152090262,11134.168546287054,11646.049127900109,12251.49479430925,12655.596018433218,13179.603155006678,13915.194217250071,14606.307214108027,15044.379783973785,15471.515541094195,15672.82313183143,16177.309997904367,16938.685071686232,17325.443129805386,17800.028685757683,18222.881339447744,29408.114445452076,27493.32119954115,25823.533684528244,24642.987665230907,23117.177720028572,20764.780590152513,19459.12739824397,17860.95950125843,16618.680323063032,15730.378868426758,15382.981815201614,14582.622804640801,13655.29981619616,12953.771174203393,12249.481978676034,11571.786120296692,11105.16529309732,10642.468794034245,10263.359234755699,9991.500736910228,10379.874871208418,21555.126766576934,20385.142381427035,19252.94130112812,18608.167085319546,17025.841362641924,16355.03165908451,15712.78393661979,14728.083872174773,13764.856128182388,12790.793202612673,12204.398836502216,10559.551039189093,9833.623707113456,9362.409195584398,9066.524717524246,8668.648951965946,14784.066885296648,12278.529990398982,11497.31980927973,9215.342745217089,7665.091675043211,6812.298223787435,5540.707900095121,4164.270444099736,2873.8679316497737,1857.2423977144988,476.79000974503015,1171.2152143832172,9388.80467003789,8280.925568677616,7531.081172277842,6442.467393522956,5045.525280120223,4238.266718667095,3535.368322451535,2343.137350395909,1114.7702723486282,0.0,13759.51732349597,13171.536906420852,11539.041689121615,10672.808355831616,9713.88415263583,8970.234794548403,7750.965678638317,6842.543487250621,6071.238596060366,4955.358924721226,11343.996398623398,10875.459544791882,9809.586081155276,9437.934793615213,9515.247648183404,19021.278365743543,17692.193333737847,16532.994019014513,15797.55281879323,15016.80082858588,13372.272104640982,12707.74090314714,11733.98011941304,10042.170114925775,9627.484634290295,9037.516383779755,8505.001824231353,8201.921086076612,7091.163411861005,7000.063173238362,8031.913152537285,17751.552031536827,16571.199703288206,14970.080403378739,14007.814091684171,13305.596378895209,12615.23524062049,12119.585657213402,10859.03770568927,10237.619402585067,9620.073001368659,9039.887620516904,7564.991574083332,6942.962492390334,6337.560294663635,5656.0591435012375,5123.645114610305,4437.820106669485,4079.310997511639,4428.121064129183,15066.165612103252,14099.508782893728,13363.323920524452,12593.003324405885,11777.195499543635,10704.998996772058,9738.898875078292,8812.60659891356,8603.40129903816,8498.616966833317,8462.293360499605,9190.674135276868,10705.47327729044
Hangares,17170.08058282883,15888.42939731776,15223.883862620864,14463.784975823792,13622.873444326631,13285.494863416414,11902.07149893385,11501.609341994812,11341.47626493301,10787.314357667918,9930.05454047832,8150.993869406055,8237.755449503971,9088.913223124136,9635.78871404787,9502.699052699742,10064.33010998732,10446.027195313063,11010.4120186112,11673.236751249027,7164.321495276043,6512.165991400346,5653.632509138754,4889.80215213104,4290.9170502098395,3686.854750794516,2754.623373994511,2122.95895547559,1933.5007257011125,2364.2130024905755,3092.4955858704493,4226.562051013768,4995.763763591502,6423.4745993152865,7944.384086932525,8530.627674968135,9813.606890451038,11439.47983776685,12181.487686927983,13034.075864811224,13755.345988432995,15659.884557420784,13742.475634119766,12065.844136268695,10890.201017724656,9362.983377287243,7014.4685921420005,5716.332807981025,4137.291609541581,2927.4521966716925,1975.343696941446,1992.9312589303165,1792.5040958267311,2356.8573656851636,3152.046949465344,3970.746061296248,5123.817694343919,6229.677154688491,7398.308728431212,8685.938049079154,9746.926700650665,10766.510301344579,9045.009099761408,8232.55971623272,7565.185649366911,7384.725060836323,6958.8400622269755,6022.696460297915,5488.543473235235,4719.940015248144,3924.8597073711157,4085.091036047869,4456.362597603641,5999.400936399865,5790.874275818986,5654.056044604961,5635.775288783288,5667.4039635465515,12698.454346842585,11252.164989945983,10885.350432553914,10929.887400245323,10912.878475252599,10843.909496218337,11121.503310130833,11055.877155165563,11854.284709993137,12298.667192515037,13438.576881698378,14746.365147808587,6796.5783760956565,7102.278648465083,7620.849324058007,8608.678146770664,9705.192027893898,10166.539333888073,10605.729723830305,11639.472568145355,12667.927640567172,13759.51732349597,0.0,1098.129281208743,3097.355355087415,3495.3280980319632,4328.6446232146245,5044.498760407317,6161.433808018927,7140.60165559631,8191.776886842509,10607.770976438544,3416.437484898564,3323.203079059492,4007.6837154929726,5114.10799259373,5916.4890431482445,14275.9347038947,13510.442388577687,13016.388959678228,12115.21686385828,11141.755940191715,9009.294354022402,8396.051097131582,7795.157039312282,6939.008996398345,6557.8266349653695,6403.30515756757,6331.029670076535,6325.942727070744,6701.879335743178,7446.076418263722,8521.213062745088,10427.817176035585,9882.458643924743,8234.851168537496,7331.725314551959,6713.509044263674,6134.526268624964,5744.009278184771,4960.661579498718,4706.046745764495,4720.480105318283,5266.879428875242,7134.405057500901,7860.704779831338,8606.79022805457,9207.395098907287,9703.419937406894,10459.472394693901,12640.758171041767,13966.781068557693,1506.4800386287727,898.1575530019405,983.5450590376932,1541.4307393590661,2292.578737542879,3877.360825268707,5224.454883932172,6982.305482061832,7893.867795787504,8720.253650466799,9281.074011729459,9937.134549103841,12139.787953022424
Terminal Aérea,18153.853489621917,16887.259853906773,16246.678508714724,15511.29801594472,14694.814012192612,14366.001928692473,12992.31239598788,12599.414449200123,12437.433304767537,11873.40161937873,11004.871224038794,9223.418640427886,9235.442830442475,9977.956758659137,10461.367146128247,10229.106931121136,10751.03700472908,11096.701528096239,11613.757059249694,12222.938316797867,6876.9010827087,6214.620331952969,5335.928655852746,4535.8210629228115,3895.3236282525672,3351.0895276767174,2621.2612481183833,1661.015299657202,970.5572427393366,1267.3858221140288,2068.370309462938,3293.315064330275,4130.427107502012,5534.282110443472,7024.776707740225,7602.785271823665,8871.665899792732,10485.138319581654,11222.729781478787,12071.080871012035,12789.22351913652,16255.037067936619,14346.023520204752,12737.790124982661,11584.63853176361,10059.731440697069,7738.158239544523,6471.084077407462,4950.979790754232,3814.688991980445,2700.0041371963716,3056.6634022910916,2879.7241088082405,3258.951663955461,3879.8553815558635,4551.61534937195,5599.957037966342,6651.280855229234,7767.735438430239,9011.878950796778,10036.80931644023,11081.147211288151,10101.794571041057,9315.797687413447,8662.561299024148,8480.446820313551,8007.648293781921,7066.332621480052,6508.015645609088,5681.24697929143,4792.8206673361165,4779.882740128469,5039.318249204149,6321.3369687780805,5956.470183037436,5693.175571025187,5591.673228123988,5504.845974240111,13335.711822022697,11732.27767239083,11304.2874647215,11128.048011671506,10957.252051292833,10801.198108948807,10953.44789396377,10737.976147331041,11439.683399887937,11800.651856221171,12876.158711306247,14114.955553397333,5759.877138434115,6142.349378531156,6704.307514259963,7737.203300103108,8902.070070089896,9418.70134882857,9905.999920470418,10984.057323192077,12066.569604431656,13171.536906420852,1098.129281208743,0.0,2065.4490126102914,2620.233092916029,3533.4201546031195,4277.191397156389,5458.128692413663,6420.886375514463,7420.495822967123,9759.013167741656,3685.643395400528,3348.325679501261,3364.0875496892154,4194.417221115773,4906.534056106193,15146.271036849601,14327.793154814028,13773.746267872446,12857.318687980563,11863.607838669759,9665.926829638607,9003.040988567098,8303.853155774304,7211.055863285762,6742.477281435623,6461.817013873054,6259.98267424061,6173.977715154279,6222.022579164956,6621.986017175263,7522.762785335505,11383.888204335004,10780.419554945422,9072.40437578676,8110.830929387244,7434.435071219929,6780.550472678239,6321.401065485177,5280.999917960714,4836.687606734447,4642.711612314087,5125.692735907657,6968.3578278930745,7668.528179273991,8393.593219248525,8944.891795189636,9407.977418199043,10134.348003114386,12360.256491840018,13705.447954317062,2547.7139617167018,1981.9674855948465,1803.9724271562588,1959.230816700845,2424.375795427937,4000.305831763024,5296.981966611021,7050.556413162741,7985.507548696348,8828.55729128278,9397.42527639126,10140.102553761313,12451.256686883318
Aragón,20219.067413895962,18952.471592304522,18307.533897189554,17559.688224620688,16716.435210571683,16371.369523376743,14969.198826341346,14518.711577996077,14292.136828260704,13655.807573821003,12735.439738354105,10955.525775675027,10729.717541243579,11190.026470411125,11519.852034385201,11077.489883315215,11504.199501481206,11767.227188688248,12175.618917551,12662.88583790394,5921.723873767062,5286.582265524648,4450.028685609932,3681.5537182772478,3072.089675723953,2794.346213074801,2732.4787209667325,1806.8255442178533,1172.6194384571247,1127.5338855381488,1772.7005367385814,2926.0410204668456,3834.4602577157625,4981.1433083567745,6260.028756528971,6780.43982519231,7951.5031571409545,9479.04785837893,10186.385274862017,11005.466667470917,11702.152080934049,18059.289291932,16165.849569731869,14627.659108840648,13498.32101447688,11982.580792938696,9695.204218492221,8457.39288500898,6978.775511803615,5872.225213616836,4727.854743432483,5089.746039399452,4769.691899963846,4784.980777287176,5063.561549988826,5414.507035854265,6174.136840142443,7044.440036430989,7996.941440178811,9102.065943505288,10021.434236757765,11082.955457593253,12142.269618323551,11317.091234310132,10597.989983766205,10346.47805981976,9667.434686469423,8723.77773485672,8108.758111956444,7167.831648631445,6136.67617263748,5815.806793349999,5855.440984661396,6553.127213251192,5929.294759575352,5455.357449586849,5207.31192915106,4903.146236927284,13937.232308711393,12042.411387086946,11503.368608598996,10905.826331501155,10450.796206635861,10137.965169258436,10058.285677242726,9582.157839639318,10104.524762245945,10322.880094200982,11284.908289840954,12412.092948514495,3701.155059126313,4098.51388134895,4695.732747341549,5769.455571919203,7007.624078004417,7593.123737061526,8143.072893408458,9273.365711468945,10424.636076856532,11539.041689121615,3097.355355087415,2065.4490126102914,0.0,954.6201721524775,1869.714916537697,2585.5415956855204,3806.363457451153,4697.590014784105,5590.074417984434,7803.278316426759,4160.51528465522,3485.5775175409635,2107.285265837366,2220.8897879134197,2841.4590456659967,16249.046144898937,15312.477386447074,14628.613519027082,13691.03161283305,12669.38088534173,10383.779488623315,9640.889995850115,8774.790042324143,7287.945679960559,6686.78753944452,6190.818260158394,5760.871718227407,5528.139078315821,4944.6988304110855,4729.514106477657,5458.424376380074,12740.221112603685,12000.29998112547,10186.826066436512,9127.389997233002,8357.616086358357,7588.44738598187,7026.778745173256,5605.391442576707,4871.494730696485,4316.917002566343,4609.8648835746835,6236.449202219303,6846.616455194562,7498.572179977367,7938.3276362054785,8326.751871333876,8980.2192044476,11237.70635501368,12595.21816908742,4593.641488541546,3901.2721750246396,3467.044268268016,3164.353264276781,3055.838568505254,4159.004403747658,5165.435470930481,6754.901051563827,7678.790648278828,8513.683861097596,9075.103332518589,9955.72522752973,12414.817646735904
Eduardo Molina,20657.820617530728,19368.25377634062,18682.29477344207,17884.349460437446,16977.00535458731,16602.369930001252,15159.185463060128,14636.533286474541,14342.679729008843,13643.622910362817,12686.147772118453,10920.69743274705,10533.668321231205,10832.014873055901,11083.960507129852,10552.844870520668,10936.997571806147,11165.84724100988,11531.305236917146,11973.561178160859,4974.104856761095,4344.106408538519,3519.675033690033,2770.019123301342,2189.3428056298667,2019.475858545377,2254.922921029808,1650.1117374674295,1650.782461305056,2000.9770296184342,2727.3205575280667,3852.986996183586,4749.7299863502785,5829.79253998399,7032.077553817686,7526.8938275129185,8649.522450762663,10128.901224051813,10818.035790040161,11618.770249297973,12301.60997973077,18828.890638480712,16926.26236091716,15344.550364796733,14197.603196211929,12674.257737343907,10357.499503540472,9091.049170250526,7561.220844521268,6395.014045786859,5315.784625586067,5453.372956174024,4980.257148419804,4749.804339602079,4830.928972032038,5013.169883703979,5622.017269706608,6401.422202556229,7281.591136716011,8331.617517637098,9214.742731559189,10274.102863313,12458.2790406917,11559.520879936497,10755.46045968861,10432.428374861642,9591.984576604224,8659.071627489127,8015.4883009452005,7022.612159399764,5940.467102580996,5476.715602805207,5415.101039924458,5864.7686475364035,5172.128885423108,4647.9139729168555,4366.407501855666,4017.2491015592886,13296.75639405238,11315.144350464441,10746.020271055206,10045.310076404003,9539.788849208579,9206.597441852422,9107.456791321223,8629.749645631693,9167.847840869026,9411.272606986757,10404.65761418485,11574.333730585819,3498.9004954477073,3628.105451087168,4125.5832944550775,5126.735006310535,6283.022309334139,6815.56415406671,7328.651787492811,8435.139108068724,9560.31251042844,10672.808355831616,3495.3280980319632,2620.233092916029,954.6201721524775,0.0,959.1799259836059,1704.0643624374316,2921.992807460409,3851.754497717851,4812.278039234922,7142.253671073087,3667.048091073675,2912.5087602588046,1169.103462730837,1623.8267530209043,2557.496471788838,15804.606173836035,14818.197298497376,14082.231753084145,13141.079386680345,12114.510243259247,9812.92968532585,9047.165860749727,8130.3888572848655,6535.887417806811,5905.6724892849725,5359.767629044527,4882.86302340539,4624.015734199623,3992.896690488664,4001.924065960739,5087.721091013764,12446.068343890898,11639.044622686239,9791.075738539317,8699.400885769057,7899.820540223539,7095.543032782722,6503.931370269356,4976.723905402593,4167.885563966899,3519.427630644314,3750.3181133207922,5311.75695968136,5907.591688204372,6551.189079204701,6984.74785967799,7372.150504559934,8027.388265475393,10284.769055835308,11642.29679935263,4993.898127457805,4177.765725744371,3609.6132435403206,3115.303662070613,2758.4001241553406,3538.248372433628,4397.083910955994,5909.453541068939,6820.652457731465,7646.991809355576,8203.184916765787,9108.37285530955,11590.038152829184
Consulado,21433.449702978487,20130.19216209957,19417.576503885684,18585.947898341252,17633.711559186093,17237.686285166183,15766.534090198613,15188.247908350466,14839.697180099643,14089.28064713199,13103.164393088779,11360.165714181669,10826.727455604365,10956.357387307678,11119.53520203975,10486.720714987772,10814.728220890192,10997.740199570811,11303.27552839202,11679.914535046888,4193.957883729228,3597.719121290495,2842.160664452983,2193.755893248931,1758.2979549858721,1877.8151918854035,2521.316140985988,2300.262592604771,2574.898274085471,2955.095251235783,3621.154664799834,4657.77710919028,5524.314012351157,6491.94774578322,7579.957160046726,8037.46071099615,9089.963566879493,10499.817662171592,11162.729815759498,11937.006113879797,12599.89905887566,19772.007798559738,17867.0023658684,16270.903085273978,15117.793752251542,13592.497078430464,11266.248612330979,9989.80535210153,8441.32872726566,7252.455228579413,6209.107589789929,6235.030707456415,5675.85717930625,5272.412095972753,5177.65784799406,5179.801269994542,5589.948270093036,6228.8985304404005,6987.900201022185,7938.026294367152,8752.188121221465,9801.288197418857,13165.788934397193,12218.084634464603,11354.206881892,10976.654674265541,10005.032095358109,9090.128158284222,8428.148188198156,7401.628859133466,6292.033095186289,5697.05683866231,5525.242484400516,5636.6809686298575,4849.814861307953,4248.6621716870095,3907.5467802267676,3463.3831553351665,13065.153276900344,10968.926853773477,10356.279168626652,9477.319124091791,8860.826662173276,8470.817501086729,8290.779850326722,7738.818721343864,8235.892321126688,8459.03175595979,9445.602711697988,10619.32140004381,3142.4830822091476,2987.9093137389023,3371.408719585877,4293.028177641054,5383.478820000382,5885.282461464027,6382.151137714695,7480.868661977121,8601.58320772083,9713.88415263583,4328.6446232146245,3533.4201546031195,1869.714916537697,959.1799259836059,0.0,748.8723291508734,1962.940905231942,2899.8114648869364,3888.3433552677384,6279.95789983026,3785.742353347465,2984.9813337693795,737.2152481915687,1063.213679272665,2205.4143190632703,15807.224994393773,14765.993104041108,13969.467284048336,13028.048706422538,12000.607401771642,9694.520226589775,8905.927803447184,7930.1389136361295,6194.574739316478,5525.684087279565,4896.765417154177,4327.138691839693,4006.0565967171974,3107.0352619259156,3117.476559086769,4493.976520233513,12628.031035574542,11754.355089887253,9882.302512376622,8765.156371303756,7940.926927460388,7106.886186315029,6489.147056594916,4859.677671299122,3967.9613812745397,3184.5184424370455,3271.0316637639403,4621.5005039652,5160.421423053079,5762.240212138225,6149.876356036891,6509.627172263369,7139.740508348116,9396.15769490495,10752.89123287857,5801.709570209057,4931.237875770693,4298.370166132241,3695.2929285796454,3156.1604698255383,3496.9332548808065,4078.5862880391387,5407.4981138498915,6280.550304574299,7081.110474380902,7622.023088190936,8571.411011918106,11082.877989860526
Valle Gómez,22101.09289960227,20790.322870728378,20062.2585806929,19210.780224837774,18231.580865936823,17822.523074960358,16335.285634285836,15722.207897540055,15338.537770248053,14555.47715892946,13552.442123104172,11829.313055493496,11199.136851588823,11208.417198272553,11305.159907992893,10598.29056030778,10880.723401288356,11026.461519642759,11282.208752785475,11603.221577511515,3725.0127783072135,3184.4767924075077,2544.5328046954937,2067.1467194591655,1843.839666386979,2180.756750337582,3012.558972551294,2973.1215211558633,3322.0051819598434,3689.2426363524705,4305.730213692933,5271.721180816967,6109.366954460555,6986.664202716401,7980.512233001956,8406.325772234788,9398.0856874578,10746.24199454316,11385.561078235225,12135.838967979967,12780.543639921947,20520.272329578827,18614.85214513354,17014.890439625888,15859.756518477634,14333.90855958569,12004.505861710466,10724.51315120957,9169.143721301969,7971.666792276428,6943.8700472753535,6921.538781845247,6322.294540898414,5829.354884237947,5631.990133346364,5517.585624675101,5778.390044666706,6297.634943733985,6946.636148853937,7800.983352019254,8547.644050396679,9580.762457314022,13798.854335739401,12823.41452211555,11924.865523590668,11514.37249939641,10461.804096727392,9562.822704256001,8892.547881064798,7851.357128489911,6734.573809798486,6061.921311942038,5817.705965670542,5671.019487662856,4822.974453663146,4171.747016869443,3787.7730324396803,3268.940796293508,13033.711263567724,10851.641850571668,10205.15147351112,9172.359306571552,8453.374732324128,8008.294629565178,7743.248216574613,7106.768983339526,7548.616631832006,7738.728485939029,8706.437001865017,9871.105677536489,2947.803762623939,2534.3870657184416,2791.7310820330367,3626.6494715573413,4660.820842359423,5143.36739595814,5633.852880938375,6732.3767888223865,7857.26396714123,8970.234794548403,5044.498760407317,4277.191397156389,2585.5415956855204,1704.0643624374316,748.8723291508734,0.0,1222.4324357324344,2150.947275843958,3152.126889198616,5581.810411068792,4128.243325581365,3333.1054954649626,1153.4046788879332,1014.0743387836549,2095.96603686008,15951.60582770302,14871.060212367587,14029.783875850979,13091.417468920416,12067.42967762268,9770.252880903468,8969.405927077043,7955.1502041059075,6124.107744240037,5433.388659232972,4743.178755972577,4099.5085450281,3724.3793490773623,2517.805343524666,2416.752389566175,4037.15053422483,12915.011852180776,11996.22006223578,10115.906036944285,8987.617967140593,8152.212656432748,7304.908084216058,6675.703516068463,4999.751430435391,4070.82797122721,3211.9233759955428,3160.5355399723717,4246.649168041895,4713.5852325571595,5261.256590319271,5592.508828618971,5917.006142365022,6513.553191848459,8763.345483705176,10117.044274170374,6501.732775835398,5610.132168067003,4951.991860733537,4305.171204023822,3687.6971078003908,3740.5957428758893,4078.7663979743984,5206.564885612632,6029.57075755124,6796.270533562523,7317.598005854527,8300.83722615611,10825.294115273153
Misterios,23084.530133170214,21759.50446675461,21001.280621316804,20112.17585221712,19083.378933990458,18650.83859173081,17137.27017043957,16463.29843804662,16018.888263508188,15181.959667725383,14154.193957250222,12473.881527838686,11685.749385809184,11496.308911549193,11483.168474429072,10662.1180467038,10867.179159587633,10950.59293710269,11122.629046624617,11350.100950065464,2982.9541141390287,2597.0078687492614,2273.4543577025433,2201.7743493026737,2340.8168753266127,2877.2080291260163,3856.399987498443,4048.707676334061,4516.4992852314535,4911.604685067532,5510.86707419137,6423.765115147048,7231.902919207299,8014.16939168738,8893.995251813432,9277.994256431863,10184.972914056516,11440.881232263231,12043.36378574212,12755.268641037976,13370.3250449442,21712.45320576123,19804.0837685128,18185.763813293335,17023.546214109447,15496.38554584773,13158.30009052561,11869.305444934344,10298.394114799816,9083.796623298711,8094.285990661506,7973.013264203454,7307.745160040788,6676.669127290709,6325.1546984924635,6035.903244781005,6056.753771285164,6368.7546378285215,6820.698011128275,7498.343586388263,8120.781632250605,9113.851959872625,14725.620178853816,13701.55507428503,12744.20954330914,12278.077949455403,11094.565683478102,10229.360294996177,9551.595013411246,8498.407346887883,7387.042836522411,6607.078877570652,6257.233366109065,5707.521688581814,4797.360935592434,4102.899281591177,3676.788549699315,3080.6128958520153,12842.967333315426,10539.430796368651,9844.490061238057,8572.148404866653,7693.858566091146,7163.85325862023,6764.39187394795,6001.945609955065,6367.107689891409,6523.5700942077365,7484.346606722839,8663.593236950559,3244.808528967682,2409.607950619601,2313.7932125880657,2813.521351154901,3617.5899134233296,4009.528803718955,4452.892201207907,5528.115561985273,6638.837301533946,7750.965678638317,6161.433808018927,5458.128692413663,3806.363457451153,2921.992807460409,1962.940905231942,1222.4324357324344,0.0,980.8676973319209,2077.483307580984,4611.177924632216,4707.902637341847,3968.2775350673287,2156.862139882264,1924.6110082421324,2645.4669635924033,16031.520289476273,14891.788705027528,13982.086158401366,13054.870443730164,12044.34282359816,9785.176179291773,8975.343881762668,7915.53758927319,5973.457981095283,5271.6514597250125,4510.8128569005175,3778.833243328806,3336.0091889580503,1620.466113742875,1569.6640319733854,3741.412005302668,13247.664655983019,12260.817757697097,10384.267737369308,9251.699475145675,8410.963985298658,7558.269107497867,6925.208365490072,5232.260777144524,4296.676116475713,3395.016911135584,3128.1702753983914,3651.516764824765,3964.301408343284,4397.188364038577,4623.013419599901,4883.597917372188,5421.208347064911,7650.476935273959,8996.308242129175,7580.611989134649,6656.94980281368,5964.026848602963,5261.466603965265,4551.732380061464,4200.221007240359,4142.211908955543,4871.310063082377,5579.014417035551,6268.11962130655,6745.722847881313,7768.714054376133,10285.46084855097
La Raza,24050.10303426929,22721.93658075852,21956.061895154202,21056.252260180332,20011.679842076464,19571.09469639986,18048.895346305464,17351.74506982961,16882.199200849103,16022.355764533,14985.030216111258,13327.711213009237,12467.560233229156,12171.911512965402,12093.493590603637,11205.376012033812,11357.43740558678,11397.068208561768,11507.463157437685,11662.455785048029,3085.2083734757607,2897.2026134037155,2857.302102593906,3001.5170539825617,3250.0556964912644,3816.6635433111037,4813.425221669349,5029.3893610031455,5470.975177114362,5817.480381923426,6350.241758510639,7174.383466873007,7938.9208254298655,8607.281633266046,9363.490123823502,9703.53819550909,10522.691307315243,11684.311559088439,12249.452769298096,12922.597466886413,13507.832354809922,22670.08533634823,20763.77839059774,19155.04989377551,17995.372074280087,16468.544278503883,14132.758885217203,12845.66866003924,11277.070500716593,10063.944487614352,9068.743752716893,8952.551132959283,8279.862536914412,7619.969126700544,7222.351983822638,6868.074430170746,6775.544851168875,6965.312850745857,7280.340842760389,7815.211421914399,8326.44177870119,9271.858825790789,15679.3827409494,14641.955132546183,13666.409234298992,13180.904795561713,11946.829799196172,11098.554441729415,10419.983681190844,9366.187111218584,8262.668565596681,7444.902134527348,7052.1357086578455,6296.371202417939,5372.611619856632,4677.365749192156,4245.620112096421,3638.5006621001226,13193.23838415485,10811.828960705896,10084.230089922115,8615.816836234382,7589.6847337320505,6973.451058979538,6411.4719576249045,5466.786845268863,5668.622854969153,5715.409771702821,6598.168979166218,7723.438758421655,3384.2992553600357,2327.3072221263255,1929.9367301863967,2046.9370468495551,2661.168832089016,3028.6671057561243,3485.192536125189,4583.834457754168,5727.884266353477,6842.543487250621,7140.60165559631,6420.886375514463,4697.590014784105,3851.754497717851,2899.8114648869364,2150.947275843958,980.8676973319209,0.0,1127.2889512900101,3682.1969896805513,5580.910715124029,4871.2383875697415,3137.5939979468053,2636.282085308983,3037.999686909905,16559.708609220106,15384.116788366115,14430.788726236233,13515.895429122995,12520.323934294027,10303.129434624341,9494.938928924603,8417.100267814796,6433.609087312143,5742.84200872109,4959.044353004037,4198.4603200900965,3733.2502063934558,1759.9206694458242,957.6942671145015,3356.1626534909624,13941.441388551797,12919.265957536498,11054.769550263289,9927.490069486965,9090.748870491328,8243.633350362526,7616.080397212251,5942.554866166884,5027.562624964557,4138.984134048598,3776.071759502949,3848.707081476105,3984.3276327068193,4260.43707425965,4336.650881068423,4492.756249305277,4918.8204845977725,7080.990077690781,8402.72564236939,8561.431145512233,7636.587793267306,6941.037318406969,6232.177974814678,5508.2343835618485,5037.244550193413,4792.961282304492,5228.653174675563,5818.412830071852,6420.475828315556,6846.9362849405225,7887.463924224698,10366.065690561665
Autobuses del Norte,25162.006522952754,23836.766686453233,23076.087589085993,22180.608157683186,21138.720730587487,20698.381098966955,19175.841699232773,18475.386960918044,17999.406596206878,17131.979222733666,16091.337443174769,14442.730045688531,13554.004943951913,13201.034099685869,13081.368716414767,12149.807906855016,12262.869747652008,12269.119720989804,12330.178953441336,12424.016610045246,3841.463670388721,3799.9476117988606,3905.2670736112295,4116.5636666816345,4377.190793738882,4940.400451568054,5931.114444662559,6097.3950745242555,6457.308605022582,6717.597591042351,7148.481729651816,7844.049748672653,8542.741975963658,9059.122275990356,9654.423023318135,9937.333328238044,10642.343476443273,11681.520058306096,12198.307309559432,12821.36181473166,13368.187216919325,23635.18558577342,21735.25522293104,20155.528956001064,19005.06840722734,17480.20823821227,15154.487356643705,13876.296725496879,12320.640752721674,11119.128197593875,10095.519026577322,10036.998261294973,9383.876828746259,8743.877770209921,8348.642411066117,7980.325247444332,7842.245417868934,7964.58282115046,8187.541801495112,8609.12764911767,9021.083381317476,9913.781995321604,16799.819450500738,15767.110834522948,14793.670849187758,14307.171465949215,13061.807575561317,12218.663251021913,11540.098738149376,10486.535233502787,9385.239362965045,8558.207787550942,8151.1586465286555,7295.903045651242,6372.904189166653,5685.715294879789,5257.404992749867,4656.003726355997,13980.16775862592,11543.816894112313,10792.669180222427,9156.741435266338,7995.775868237019,7298.219501019946,6559.394307617591,5401.707496465041,5341.58529408337,5185.310214014583,5883.679125655539,6859.367128123379,3508.630033659869,2357.6911386961056,1683.847691891274,1159.5661575323618,1540.2675332265949,2005.2294907778019,2574.8699911301514,3744.0311708022614,4965.436295191463,6071.238596060366,8191.776886842509,7420.495822967123,5590.074417984434,4812.278039234922,3888.3433552677384,3152.126889198616,2077.483307580984,1127.2889512900101,0.0,2555.4014837047816,6704.472488959663,5998.387507662184,4212.497286570832,3408.2098543233988,3466.26309138194,17480.325020893775,16279.618329231145,15294.410342317646,14391.799597960446,13410.881608067408,11232.983529088428,10429.613811372055,9345.112329883435,7349.724576908413,6674.798713023054,5888.180521228379,5125.594747632212,4659.652088958305,2670.5765016018295,930.6602321744946,2858.174244664081,14978.877479348062,13936.540019020793,12082.984853515465,10961.441760191243,10129.250898544306,9287.869029985837,8665.487648529243,7008.903220297018,6107.939180516574,5230.095259023112,4832.778163762647,4634.974301089504,4620.0122972850695,4733.502824398842,4643.856626223532,4665.535707708423,4922.382990747468,6921.0284650788635,8183.660520096137,9633.823300950353,8721.148703168376,8035.613901322211,7338.431834866051,6626.396942455463,6153.776718019865,5839.059256060721,6091.108950672601,6579.36677554799,7096.32776056915,7469.0246452602805,8509.284325623516,10924.799105487657
Politécnico,27672.413506931887,26354.528151101236,25606.901344902297,24723.189489005945,23690.556757670838,23252.509943528516,21731.091441328048,21028.765975657185,20544.911256053514,19666.88252637338,18621.67194509991,16985.871485740612,16055.999854526008,15613.12276010474,15426.303855004948,14427.473656933254,14474.533804052675,14424.071539938308,14399.587579358664,14385.075166013705,6040.924753697922,6156.598046997077,6398.277182373704,6665.5413871519695,6930.595148437951,7486.468511725495,8465.6011009227,8554.92853297359,8788.476302084335,8911.446695230297,9168.327255186781,9624.392184623217,10181.981607608193,10396.84327107449,10653.018194728907,10808.396947873574,11247.146251809863,11983.367692338177,12375.821829286955,12867.30292886994,13311.532209349882,25828.28169690058,23945.912236636093,22430.09095958803,21301.258183255846,19784.1772433994,17485.280408540755,16228.668910591381,14703.274240031655,13527.944983354177,12457.507160767502,12503.31196029297,11887.842763707878,11287.789896019072,10904.031014331349,10522.694258606984,10327.722971750964,10356.96453459487,10443.434926197395,10682.780881489207,10923.608912013655,11705.600846014071,19332.859009785418,18312.63337706982,17347.130992019185,16862.54182148753,15605.230411933597,14768.575564908857,14090.12159881419,13036.992178652483,11938.096211719334,11101.394117341577,10677.498813170012,9694.607830655063,8782.280583111793,8113.3884937634,7694.733871441302,7108.2905028127,15970.631206582124,13464.06827365521,12683.369713872848,10791.01341468908,9433.741154911875,8626.095675408777,7612.077689132048,6161.523114475335,5543.95252669779,4906.530997708309,4969.483390717185,5362.978588387365,4800.786511507283,3857.149328997614,3150.4817277005372,2034.5946987519317,1073.1349970600993,1394.7530816624787,1964.7207472404534,2842.9482657017497,4037.9511495631195,4955.358924721226,10607.770976438544,9759.013167741656,7803.278316426759,7142.253671073087,6279.95789983026,5581.810411068792,4611.177924632216,3682.1969896805513,2555.4014837047816,0.0,9258.490225074002,8553.38148108906,6697.296620008627,5585.907724934155,5215.0360137265325,19691.266724730314,18450.343266271742,17413.124790659487,16537.924157104273,15589.038470255111,13492.90154020978,12703.699483740693,11618.759840574037,9631.181165383634,8989.45822841105,8213.78210682102,7466.074983094377,7011.809864483502,5090.217997276304,3165.7497477013144,3173.296276658337,17400.323157527102,16327.157658140393,14497.000629523465,13388.252908444785,12566.06168730407,11736.471674168217,11124.074658497739,9497.404410939465,8617.258853548818,7754.594556018354,7324.143539125583,6822.765051610548,6616.934356888332,6495.287336399964,6164.598175591117,5964.55661811302,5882.6369348729295,7313.633792238736,8344.03447432691,12079.54734115633,11191.70853767863,10525.836774384672,9850.651369522839,9160.635553543354,8701.95140111811,8310.080382707778,8323.799972941471,8654.247023574884,9024.444629384147,9297.88961697733,10303.056223102483,12545.327707603623
Fray Servando,18708.893267943095,17354.587774198477,16532.035145351845,15575.94882937594,14478.091070373257,14019.669636419543,12484.389011810297,11770.989407877434,11311.312203878477,10479.341778497872,9458.849304585494,7766.805385561116,7071.091820843732,7187.991964898784,7416.915643085017,6919.30191236724,7345.767157552706,7621.874069564504,8064.6311481227,8611.459097185198,4310.67721598455,3745.569744227971,3067.5313842934174,2602.0657177651774,2376.04588237408,1948.6676289097386,1433.888735443608,2422.8134500266888,3490.9474772689928,4399.298539764928,5415.3169695619845,6728.936614602071,7633.239844007345,8953.431804823129,10340.214408761281,10884.01269912143,12087.052681503352,13632.927266974046,14344.080323342458,15165.367964925035,15862.65510584725,18516.72465385142,16603.314871676797,14811.874158274215,13608.785999158272,12112.342122114953,9784.56318182343,8485.058783499304,6898.078944305614,5672.388795225418,5152.577269303487,4311.301899875777,3402.823392145483,2327.0314531534386,1664.9450391541632,1395.7576918270206,2022.132836451095,2989.531929663458,4082.896034859841,5330.11598306159,6367.549446767015,7404.456685539251,10275.5050283083,9165.820532662783,8129.19177908474,7609.697904118875,6388.375385571705,5522.473367858713,4844.349884615307,3790.815610689606,2682.36293209082,1933.9256690793384,1754.0305497967572,2636.5139049587106,2379.848267735816,2339.6357781848806,2440.9112778726053,2697.57106646263,9816.772759375635,8073.245944692477,7623.320369537341,7517.037622295547,7523.295011888402,7511.022564739327,7917.838516862674,8088.445719492386,9060.493414608756,9685.927379577328,10961.116302501507,12432.13471659068,6928.160306399198,6662.317868823999,6869.354809082319,7520.210140258586,8216.03299507782,8424.234611667858,8661.223048160637,9496.080152216267,10321.447562441926,11343.996398623398,3416.437484898564,3685.643395400528,4160.51528465522,3667.048091073675,3785.742353347465,4128.243325581365,4707.902637341847,5580.910715124029,6704.472488959663,9258.490225074002,0.0,802.0621855765168,3063.7233720768027,4848.275940421289,5987.620243385642,12138.775507304244,11167.418725829035,10468.30115544841,9530.528370927588,8508.997366877693,6227.184785786567,5496.228643354114,4688.009780690727,3544.090789866708,3141.580984131573,3044.7937531817824,3129.839337423478,3264.1754234057094,4399.985888496297,6271.721030156722,8164.650932283902,8843.696748966953,7991.179086914272,6131.832757557053,5033.463359325789,4233.324963950743,3438.2516564884886,2866.5251474997413,1595.3763888060748,1339.4297036222558,1724.390647017631,2310.0213733944715,4042.07757678455,4776.550781585748,5527.979153651526,6193.13365354136,6732.855621488727,7521.7004964738135,9577.665132036169,10856.711664761344,4156.440756666297,3234.2284531418145,2555.481086520584,1875.4789886409988,1268.4300617637641,640.1049089491369,1892.990505356939,3606.3762144234465,4496.583913602694,5313.237911565892,5870.542923609223,6524.378122884249,8776.744436387464
Candelaria,19284.723121721145,17939.778395637888,17140.792994807278,16211.52323878093,15145.346646785092,14700.614540613522,13177.866972774247,12495.044174413162,12060.708533931542,11246.791515716965,10233.409219479856,8527.375447384911,7869.129383220074,7979.769505721803,8184.768069919692,7641.709741263169,8038.197204977219,8286.69750873352,8690.370979480584,9190.701896864948,3959.042592789091,3339.96907176514,2560.2798594858555,1961.7605968715707,1627.7283551901655,1152.452754698157,788.2706234372619,1863.5439718446419,2967.867297530602,3866.985355713454,4878.4111473058565,6185.76974575409,7101.4183900312855,8378.043067924362,9723.714549879542,10255.3168823311,11436.526258674008,12961.918235322944,13665.57403168328,14479.431986158272,15171.186031945903,18764.523064022113,16846.584941711226,15091.47704426007,13893.924058550409,12382.206395347781,10035.980666254583,8727.09256737205,7124.159039806828,5879.059655738633,5207.391523791103,4564.509602336065,3718.069280413031,2816.001963905324,2356.8799544267845,2197.806877037672,2712.3436779847643,3562.3397064098435,4562.378634358152,5741.837420365811,6732.344358030897,7786.904686266646,10869.153158156734,9794.817347861926,8797.483899507872,8312.460462460533,7152.5150197001785,6271.432020628186,5595.476940735599,4545.40225130902,3429.2540386274877,2730.6338811794185,2544.390684824392,3103.5475495560463,2619.8487592238666,2357.35513532501,2312.6685032009277,2385.9956437143587,10451.669977094036,8600.457291084282,8101.218859612852,7784.0130235962715,7631.70677826042,7527.474977901725,7806.7936685898585,7825.74945681258,8718.802815180361,9275.599490225039,10510.369065994413,11938.058974850377,6127.446221198585,5865.813159512344,6088.649199964945,6772.035182330035,7524.076475250252,7776.6327478388375,8056.159747567952,8943.107462270225,9827.868754228746,10875.459544791882,3323.203079059492,3348.325679501261,3485.5775175409635,2912.5087602588046,2984.9813337693795,3333.1054954649626,3968.2775350673287,4871.2383875697415,5998.387507662184,8553.38148108906,802.0621855765168,0.0,2261.686681280409,4047.0492922421454,5188.28736870202,12898.663948902287,11905.692505753486,11177.10887146936,10236.753489284985,9211.429568243862,6915.060206560218,6161.589261098612,5290.785633866148,3920.8731158322557,3406.9061618492888,3121.965061327177,3008.1036071940875,3026.562009931404,3830.1218343399632,5521.422098948558,7370.254315246481,9643.216526300223,8781.04008112197,6916.112565026481,5809.589676577474,4998.771900577233,4185.642291165547,3591.425088918116,2123.007805398029,1499.3881049647473,1408.5508794227705,1980.1546652641177,3833.9373460094516,4567.57141880647,5319.631815428467,5947.802766439937,6465.520929430276,7240.883428412855,9373.403691470114,10683.719541340513,4323.177428848824,3356.3798469656476,2621.9311701372185,1848.9470145168123,1033.2073219419424,690.5853435012519,1950.0989532751692,3709.4740465986524,4640.82547528036,5482.1930742254135,6050.524861089551,6798.40980670864,9149.088730452851
Canal del Norte,20975.32189666081,19659.517224262163,18922.90112940561,18063.87132458542,17079.271089598817,16669.249224920513,15182.066834538897,14573.214740071622,14198.670068987463,13427.666927263528,12431.94696717103,10699.5908633176,10121.27113237013,10223.502994289258,10382.37501443088,9752.848185826193,10086.676344774944,10276.551101208637,10594.061353049672,10987.840268231983,3815.616098139408,3179.377269150762,2350.5875637086165,1610.7628158017926,1077.1023099848048,1141.2962534810645,1865.3069935714134,1891.8516926974507,2471.654165553946,3057.1396969032803,3870.9342354648975,5021.352448201259,5918.805303226868,6982.0084900509055,8144.469322351588,8622.687563084477,9710.063408747808,11149.70418930923,11822.679107991238,12606.48201691166,13276.141889115675,19604.633986634744,17692.16901117017,16052.091403953284,14884.334400728623,13356.767516348893,11013.930536712729,9720.802060194903,8144.926200939944,6927.514656785487,5952.399047866512,5824.514884414411,5190.996317906682,4676.05770251955,4504.335862366324,4459.387155971511,4852.843719776454,5504.294161629773,6291.084921361057,7276.71738950634,8122.365264080398,9177.538186091511,12655.58845138973,11672.590901396938,10771.500136762408,10364.194740265066,9336.885072048331,8430.814967498749,7763.576282337756,6728.147459760016,5613.715352189167,4985.308118692956,4795.581436430647,4921.10312798445,4156.327987288751,3580.2336276574365,3264.3124295213365,2872.8084056692464,12357.649648774746,10293.073568602653,9696.032178275784,8907.35591423154,8373.742505354036,8037.711499907607,7954.746493603162,7529.84632438987,8133.516835187928,8448.010752577411,9512.080429242516,10765.577876644144,3870.6739131534036,3637.388843288619,3941.785719786574,4769.278681254807,5744.288045361527,6166.187489218286,6598.428996849842,7644.4429311681915,8706.684908080368,9809.586081155276,4007.6837154929726,3364.0875496892154,2107.285265837366,1169.103462730837,737.2152481915687,1153.4046788879332,2156.862139882264,3137.5939979468053,4212.497286570832,6697.296620008627,3063.7233720768027,2261.686681280409,0.0,1789.600487952918,2939.200392483751,15070.493114187093,14031.95159528496,13241.250842149224,12299.612765666654,11271.960529488208,8965.47247944684,8179.37804353571,7212.477433441397,5510.974964341706,4854.286423186736,4259.748368935505,3741.2799069644348,3464.0296909448793,2914.681992284091,3542.964103885895,5147.516716422114,11900.79417248594,11020.515647550554,9147.341948666844,8029.153236170418,7204.206168009412,6369.720216354584,5751.972789220825,4126.236221371939,3242.4906946153687,2486.256742917685,2634.459311209668,4143.022893324037,4740.713853193326,5392.043579911708,5843.708437665541,6248.5005352796015,6925.31360276021,9179.275054352884,10535.890056299873,5425.165182761737,4508.743930458598,3829.72526584688,3161.1452960587862,2535.1139740822928,2760.0221731224015,3380.766503796629,4792.4399692202405,5689.526896288118,6507.494785297762,7059.121817369919,7981.495228132928,10477.9921662298
Bondojito,22280.706758393007,20992.003894947902,20305.164884465015,19502.069087648015,18582.07707025755,18199.437257093137,16743.831740713053,16192.022608267269,15863.953697426085,15128.21391045592,14148.406762540604,12399.44574764322,11888.118071826804,12012.822840609699,12161.135354231877,11502.330365781965,11810.283491907143,11974.40091860954,12251.3222548359,12591.357131964578,4704.824791268894,4185.75636474289,3558.285899397717,3047.8356941816596,2730.6706911640094,2928.8788674814887,3572.583246871101,3225.277334182637,3228.137579795486,3339.9180357520195,3745.1593908751524,4540.471048532655,5322.956643598193,6092.49111177183,7017.351685065002,7427.284558873831,8397.425997184895,9734.290189490128,10371.888456719085,11121.801985481758,11767.130861409607,20276.056621377516,18384.645575713475,16847.71634776519,15715.849912641235,14198.299429011728,11901.810480536642,10651.924589016537,9145.226712777143,7997.767423527227,6893.209028602105,7077.132501996857,6591.078415479985,6277.718354386185,6228.699958563215,6242.740725814543,6627.6550414268095,7221.075613547879,7919.641616431563,8802.144113964974,9559.364524800958,10593.905958674544,14076.412683042514,13163.781699393487,12334.22995896984,11981.56579833177,11049.581131770088,10129.909419730271,9471.538935178518,8450.636505758599,7344.239971303733,6760.033075868969,6584.866582780396,6610.33177554144,5786.451361091318,5150.955313797812,4778.256153300472,4273.917296745926,14007.48952893573,11850.126525407986,11210.27026672484,10183.824914427243,9443.213057205076,8975.807264298877,8655.094264149619,7926.5525227327535,8262.62775821249,8350.925677085315,9214.248647179073,10263.372947416812,2081.212205070356,2009.3479731194623,2511.9397696746673,3554.21744141292,4790.762169608778,5399.365730198589,5980.207995629264,7135.282240981421,8324.424203490322,9437.934793615213,5114.10799259373,4194.417221115773,2220.8897879134197,1623.8267530209043,1063.213679272665,1014.0743387836549,1924.6110082421324,2636.282085308983,3408.2098543233988,5585.907724934155,4848.275940421289,4047.0492922421454,1789.600487952918,0.0,1154.9294900337138,16837.30028164732,15780.747806235935,14963.716314805913,14023.423886115557,12997.190598383037,10693.945826152549,9898.89819330214,8902.348680950357,7105.814033669615,6420.539784788734,5744.186897002018,5110.721339607127,4738.388577355865,3438.01709466452,2521.051540726071,3490.240763593593,13689.28024013755,12809.278545630797,10935.030334301668,9814.96754270929,8987.554903050794,8149.325304208483,7527.615274539074,5879.426076336672,4969.556896033951,4144.953035582662,4145.627990898644,5252.404395356975,5697.302467951863,6216.187301081965,6505.217968532774,6793.586812390246,7345.082796577071,9574.678428388394,10919.348698965741,6615.6267727542245,5799.657739137237,5215.219007785444,4669.731561237526,4188.410169317089,4544.24635249754,5028.642774652797,6216.064174916258,7043.41529923652,7809.867070321764,8329.76116689288,9314.710184430824,11839.301504175955
Talismán,23060.38353334936,21792.02101094816,21139.5071410904,20375.166492674976,19500.162795144737,19136.687761946694,17704.93945220175,17193.14682659751,16898.311639879004,16189.146010186012,15222.266356349797,13463.152907230084,13004.730914587726,13161.734892176688,13315.820266636663,12654.552906170939,12956.607115300878,13113.44790149122,13377.170299418807,13697.63275510149,5603.507889126588,5146.997725682207,4605.096593235549,4162.454167741161,3880.2978673034045,4080.179474531152,4677.160193198337,4207.556858726053,3983.855920226656,3851.9583560645888,3968.532662437708,4446.5051909319645,5093.4216065195515,5608.855233341759,6326.363195257383,6676.546255145475,7545.858830053422,8797.835242481027,9407.413429286373,10131.192933163029,10758.27073476745,20649.68245998185,18779.31966513726,17315.22805725641,16211.984356710442,14709.943343161889,12460.0483731244,11248.867537469647,9801.656681032071,8711.700444085818,7556.7927615351055,7907.310283990134,7507.492486689717,7303.881487488875,7323.466782865447,7379.39092775676,7782.497919029741,8368.154599949388,9042.0013157183,9887.256069394527,10607.939357041867,11630.133092358212,14951.706052333448,14087.067578937991,13306.01764857897,12989.856715187347,12124.532953406542,11197.067455284187,10546.162565620392,9537.438666463077,8439.211859206864,7888.045387672686,7730.276119284731,7751.856868366681,6915.321458028859,6267.560611323417,5882.913899196545,5354.974010419585,15129.463896122075,12939.753419217628,12284.405487422677,11162.187841161549,10333.498796750995,9809.072260921583,9375.69264254761,8501.056905387586,8678.707323721337,8628.24542363115,9344.79498487382,10237.847509035655,951.416106085469,1360.3082713096244,2077.0821809390554,3222.972455996022,4598.930918524434,5322.032145609595,5985.521417716828,7174.5845869776995,8417.884519232892,9515.247648183404,5916.4890431482445,4906.534056106193,2841.4590456659967,2557.496471788838,2205.4143190632703,2095.96603686008,2645.4669635924033,3037.999686909905,3466.26309138194,5215.0360137265325,5987.620243385642,5188.28736870202,2939.200392483751,1154.9294900337138,0.0,17991.81119015735,16932.379000073743,16108.915946213492,15169.203046690154,14143.599168842955,11841.840576554801,11044.924368757725,10041.233113819017,8220.055638745822,7528.81462460376,6831.710824033363,6169.342813755676,5773.21124653657,4261.679380455665,2539.1392272029425,2617.5048581476767,14831.244534999087,13959.443038609339,12086.536844065593,10967.753690805625,10141.285137450986,9303.805255387448,8682.4454105742,7033.35357270341,6120.721213983566,5286.8301832649295,5256.495985501886,6219.003461675334,6593.424325469686,7042.639132096493,7248.916078343487,7472.487562426939,7945.183887683444,10118.988003818367,11439.040524890259,7420.893390747332,6674.244761133689,6149.21267380257,5672.322260655196,5262.596377054477,5697.35663129899,6164.625357442537,7279.857480986788,8075.035044087804,8815.029554924633,9317.809559133388,10322.163966001162,12847.648758456875
Universidad,17316.311126329267,16101.115352475617,14991.143160882266,13715.156083382333,12228.452207030658,11593.634895304627,10475.549721579824,9265.021911776344,8220.362432092583,7307.125514425284,6967.037856049252,7777.430960910092,6493.875618820132,5190.607528374474,4729.2121398611,5369.990881926058,5221.434061814019,5285.5718531360635,5465.0515581364525,5840.947146952384,13676.645175791842,13686.24913649767,13764.485485151612,13936.638089503718,14118.808883198784,13934.514960781835,13565.32860161482,14448.036932044375,15376.931943162917,16229.722234973768,17185.911828450495,18439.56214834105,19257.818278429764,20675.5247471128,22170.59641989516,22746.54903683715,24007.023900078537,25606.028227007286,26336.33156051036,27176.289735435206,27887.277006530916,22568.867835525692,21060.22350854992,19200.340209863225,18236.705545444784,17352.60539446778,16011.83886867168,15318.239657017148,14581.154183721465,14113.43633071804,14704.955706257593,13289.127418617256,12731.740460111974,11922.641673360848,11293.070904527747,10834.643287134772,10218.872797445061,9676.45004618259,9292.847314586019,9048.552844651576,9065.653609442283,8658.41164869319,11818.303097602551,10826.851061633453,9921.595300360974,9233.913034525807,8121.7643052009225,8814.370651936526,9087.731058657051,9607.181054164625,10361.448912505468,10454.998224543788,10401.977560761772,10329.04881746288,11234.191797549647,11928.967524399988,12356.79009975035,12958.6811204619,4416.1975112114005,6772.786546078212,7536.062430444887,9848.42744939928,11385.467870249178,12219.128320985597,13487.350458663648,14885.102745821552,16158.341595726622,17214.718320235115,18544.65075057822,20157.066306509198,18892.395809644546,18374.313032993523,18341.113946207224,18581.790976862434,18650.154475147283,18416.997860200587,18226.050866487443,18411.135903589195,18483.116349231706,19021.278365743543,14275.9347038947,15146.271036849601,16249.046144898937,15804.606173836035,15807.224994393773,15951.60582770302,16031.520289476273,16559.708609220106,17480.325020893775,19691.266724730314,12138.775507304244,12898.663948902287,15070.493114187093,16837.30028164732,17991.81119015735,0.0,1339.0830229559433,2527.9511286065513,3229.626971034189,4109.628919315126,6256.742418168628,7065.6545559797405,8142.9364007887025,10133.250797883951,10818.011040689706,11603.648227834312,12366.482647947978,12833.228918836243,14826.71321208062,17482.7568687522,19772.577993826602,4206.018064796362,4412.272581295927,6083.9319827125,7121.688720584139,7905.555748775471,8714.168907244131,9321.637280468269,10959.29457135156,11881.206183051074,12747.780450725404,12911.82662486666,12884.290398787753,13086.9629101542,13325.284931062799,13830.097402626832,14232.106334416918,14733.020328281205,15174.594935813915,15604.209547936738,13662.99599663245,13467.947486064246,13362.8317135584,13267.429421881408,13196.333991632198,12318.607785157568,11915.469924276293,11397.229198148128,11048.963189841186,10796.980486623224,10674.328473378999,9844.016279374868,8643.062478608863
Copilco,17982.126750827392,16724.037063108823,15615.084911542726,14334.30572854947,12835.259648173223,12192.769032054584,10959.795764304947,9728.228062939603,8673.434567231237,7663.838159673036,7146.875456704821,7656.97979122672,6143.242147854548,4547.786234135822,3874.678949982651,4279.306850346262,4027.9271233994923,4026.274176824452,4147.758945931868,4501.919025225601,12457.998534062139,12497.275501353415,12619.116017990114,12834.104799836889,13052.218747951523,12904.78221708455,12600.816146416904,13524.653096106427,14492.259127497755,15363.868385908281,16339.963505087422,17614.963637872897,18456.150680708288,19861.09629359649,21335.274068329985,21904.015444792883,23149.979248000094,24733.058400073594,25456.791102337895,26289.797334676696,26995.258226659436,22755.540302458296,21177.596317168533,19287.956955828726,18275.133612958867,17299.810685146123,15808.186856374705,15023.023341199247,14164.230791719197,13595.573153103118,14094.451434112103,12675.007078054934,12050.04705830265,11154.774779095676,10450.211987281284,9910.914429459088,9200.851597810426,8574.561242916056,8103.97728767825,7780.7469943965425,7752.5721157054995,7323.388085046161,11941.497620469672,10860.310785390708,9849.142600669358,9099.30024295387,7772.114014954193,8357.287997979853,8539.448278721997,8933.73617472647,9586.400661390564,9575.529866749419,9458.555644663538,9213.277721865672,10102.773391272192,10792.217732796344,11215.634685650934,11811.831318132146,3094.0391144709197,5435.193706243358,6201.416192010304,8511.545840350474,10050.361473766368,10886.615365044083,12155.81094875924,13561.79509352155,14831.991091127327,15890.185595210358,17215.697861833945,18825.628487384678,17818.17079087542,17256.84184270015,17193.48311525329,17393.002571772122,17416.821888881568,17161.587778038476,16952.75507803182,17113.007419092806,17164.825971897022,17692.193333737847,13510.442388577687,14327.793154814028,15312.477386447074,14818.197298497376,14765.993104041108,14871.060212367587,14891.788705027528,15384.116788366115,16279.618329231145,18450.343266271742,11167.418725829035,11905.692505753486,14031.95159528496,15780.747806235935,16932.379000073743,1339.0830229559433,0.0,1192.0542152917976,1924.3873405945596,2868.9383511450133,5110.594875911295,5918.985356894993,6977.739747716429,8950.56777439624,9643.922022988289,10425.52622229421,11185.682032009083,11651.27307047555,13639.805860828317,16316.540828121706,18631.835757994973,4024.4015569419107,3857.071461099153,5277.276421472346,6224.169343633099,6958.594110678508,7729.201347350502,8314.300690426475,9906.34316899425,10811.658000241954,11659.437831611787,11788.21326036792,11663.390643211631,11836.37010013203,12049.33143479773,12539.4141275003,12931.430911228816,13419.36262569005,13836.569815108012,14266.659274697337,13014.48376295582,12737.467177432021,12570.696978837821,12412.183231857258,12276.25217739572,11299.811940497784,10807.485865556364,10188.700664687898,9797.461437705957,9512.10967422221,9370.648003091566,8523.298440289265,7310.014099028711
Miguel Ángel de Quevedo,18730.816897757682,17443.809941558116,16339.85042863626,15061.059504104604,13560.709165016977,12916.508416974764,11606.29813893004,10371.430739386953,9322.707793368647,8257.905765518108,7615.827052408506,7862.824600987154,6186.674459055055,4377.135848104097,3506.1627177126934,3558.5729050615287,3154.7395409430073,3034.5985170008394,3033.496108611063,3319.8002969777067,11458.461277204411,11535.026606857722,11709.79326208571,11974.8326625959,12233.745703403367,12129.061577855242,11899.803857243052,12863.471406293986,13867.597630968983,14754.979722026947,15747.717672461586,17039.948197082038,17901.72971974423,19289.346883282557,20738.402673294284,21298.478864679844,22527.035833374393,24091.004213942462,24806.86392880289,25631.525528856364,26330.359193450095,23101.617811831176,21469.091978664816,19560.501125514358,18509.34372735093,17458.855197051274,15840.694200192504,14976.784527479189,14010.148300078368,13348.889716073512,13753.30204556321,12340.946018132561,11653.24814490045,10677.133658649826,9899.580571678951,9276.609068770777,8465.24833876641,7743.227993416856,7163.789140972938,6730.347755471011,6629.117509981931,6155.64196498193,12289.306849115253,11143.924681507857,10054.97285283407,9262.667296671212,7766.710790618552,8235.6990662096,8324.043714952486,8583.348334459275,9119.017479373602,8994.453568100616,8806.8421355705,8358.869994963896,9222.583301011438,9901.46893070764,10317.339142008015,10903.895554197836,1909.7972911583822,4260.986448203467,5035.934966957648,7337.668872114788,8880.760520648266,9722.697194455712,10993.420482766895,12414.112574594277,13678.471606605237,14739.471316468274,16056.840487521451,17661.82139112819,16976.117941772747,16367.311604703256,16269.429926122182,16420.319967239695,16390.11342820157,16107.405460572085,15875.565587293753,16001.94393301588,16023.898413039713,16532.994019014513,13016.388959678228,13773.746267872446,14628.613519027082,14082.231753084145,13969.467284048336,14029.783875850979,13982.086158401366,14430.788726236233,15294.410342317646,17413.124790659487,10468.30115544841,11177.10887146936,13241.250842149224,14963.716314805913,16108.915946213492,2527.9511286065513,1192.0542152917976,0.0,941.8753137288867,1969.6731769295277,4276.230613420824,5064.999512909366,6081.209552159644,8012.456739990275,8712.677083859198,9484.958350318457,10238.33677264316,10700.656497994527,12676.870781997397,15372.449015037344,17713.18482678151,4340.923958997267,3835.122953538722,4880.4773740620485,5685.004448848704,6341.641331536671,7052.160208724069,7601.844371014648,9122.743878595047,10001.73773910786,10822.334224712622,10908.483033095177,10663.185179889575,10796.605330188413,10974.47068522926,11442.934134970754,11819.899276956741,12287.603455368568,12657.66781102418,13076.26223550373,12643.23768298155,12285.019124494394,12055.4900014085,11831.314116198024,11626.196967064609,10545.782383788175,9951.672345676063,9209.953831224931,8762.261787791049,8429.717300669632,8259.495990798327,7384.578518034252,6117.965327836937
Viveros y  Derechos Humanos,18570.089274811333,17258.481620505238,16162.725520538032,14890.439335583076,13395.351365554423,12752.783671426612,11378.92195880154,10150.385602774817,9116.976631985961,8016.359465329041,7280.106863593549,7329.959631541376,5574.166062559181,3679.0961332116008,2725.8396278673154,2630.795072020041,2213.4910968805843,2122.7066043449495,2236.419782080918,2707.712008700561,10561.232407559477,10622.297133843222,10781.813894316221,11038.134862905024,11293.226402933638,11187.187297347866,10961.337072692195,11928.966530996773,12937.837801784373,13827.376071664983,14822.561958151075,16117.427813372413,16982.921142625284,18366.62962183782,19810.860048542236,20369.423184406936,21595.181658113997,23156.45142578546,23871.316402701374,24694.998229891662,25393.1099804798,22598.337061741357,20930.88951130995,19013.06981091443,17938.92112060192,16843.44113851389,15155.355078073255,14251.357890053197,13233.942146613783,12533.089291518747,12899.593557363127,11492.547195419875,10783.806241485843,9783.978967805073,8988.22007917838,8348.588896393556,7525.256778344458,6802.565829825532,6241.139093652989,5861.164976415994,5836.245325286531,5455.1692521531695,11817.984271347179,10634.146165918482,9500.270413378305,8686.702452032663,7101.484410144724,7501.350546696678,7541.946091689513,7740.615334429751,8232.583842176218,8077.486468365977,7876.433259507338,7420.4062133812195,8287.958336609603,8968.968224068387,9386.46753964433,9975.302500108392,1653.1795306252889,3595.4563914815617,4334.104092843429,6653.091000912227,8178.595784523816,9003.347748594711,10268.781539940215,11656.912286612127,12932.074968262039,13987.035941718854,15320.814586276721,16936.77321098388,16038.227276807987,15436.363451013793,15346.25365603888,15512.849235603711,15508.43685143296,15243.397649895447,15029.599933073823,15190.00036364437,15253.507243115228,15797.55281879323,12115.21686385828,12857.318687980563,13691.03161283305,13141.079386680345,13028.048706422538,13091.417468920416,13054.870443730164,13515.895429122995,14391.799597960446,16537.924157104273,9530.528370927588,10236.753489284985,12299.612765666654,14023.423886115557,15169.203046690154,3229.626971034189,1924.3873405945596,941.8753137288867,0.0,1027.8085438909072,3334.4117143893754,4124.526710478262,5147.1327490537005,7089.9331993601345,7788.717858933483,8564.137426728324,9320.00136281842,9783.59251020513,11764.79974456875,14454.810763588855,16788.880608224456,3979.5289621550255,3256.1411413055744,4050.2800427023153,4790.860107792431,5422.887293518082,6120.078702296543,6664.444748771299,8180.869503418369,9060.452941681098,9882.959761460368,9974.460541965147,9765.963806196729,9921.743906523829,10126.091061660689,10615.12957351859,11008.940302007533,11503.751604406207,11982.262215284623,12471.255952616217,11780.71054708934,11396.607199182301,11149.91871226606,10910.824437330564,10693.784384934186,9604.329808778668,9013.967962133962,8302.424887017834,7883.681275925266,7587.886053238759,7448.914102561053,6615.240477784499,5584.462255200813
Coyoacán,18454.79550866886,17119.93411319773,16037.21347170323,14777.437318333874,13295.699025921924,12658.714722043922,11222.848017272356,10011.981867829447,9006.987561948941,7880.5658125699565,7047.091602727041,6855.897824828637,5029.456654287522,3075.723149442225,2042.4189807348782,1639.0638964476095,1186.9928831415968,1178.9194791924272,1556.800044556502,2302.0846283905316,9589.575092938387,9630.800231247546,9770.894259302255,10016.294297076174,10266.789684982301,10159.393187194353,9938.670324219998,10911.63195538425,11926.660512818898,12818.849733294737,13817.005815164843,15114.986335261972,15984.997000112766,17363.571901065163,18801.610777738217,19358.239713532552,20580.4293332702,22138.26458020074,22851.864355572194,23674.299262226723,24371.49141778437,22087.851196528012,20382.861900271673,18457.828259631708,17359.103622924467,16213.149212817285,14445.511798795622,13495.000788573641,12417.336991047534,11668.329605442692,11986.282048067835,10588.130605199216,9853.236224094258,8823.423617314256,8003.818948580209,7341.3412696378255,6500.6778789839655,5776.126548197325,5240.406518790032,4939.871447412004,5025.514899557102,4780.7941983715145,11376.81014503439,10154.744422262058,8974.953050721015,8142.367941264409,6460.171972160926,6763.931876959513,6739.777420828963,6854.148100939396,7283.925430074046,7086.206665089724,6866.010590399831,6396.781117887119,7269.213323672512,7952.805698237736,8372.286117471449,8963.855853565872,1933.2138077303894,3034.58785655278,3686.5639361239487,5980.946032622267,7467.6550785452455,8264.602037700915,9516.700845262312,10859.191083679541,12144.109757289665,13189.321619088922,14540.21628770156,16166.48884129691,15014.675652387099,14420.987512113757,14340.168222491578,14525.61160665761,14552.338785334723,14308.844290539606,14117.076572121772,14318.425836083667,14431.852436470044,15016.80082858588,11141.755940191715,11863.607838669759,12669.38088534173,12114.510243259247,12000.607401771642,12067.42967762268,12044.34282359816,12520.323934294027,13410.881608067408,15589.038470255111,8508.997366877693,9211.429568243862,11271.960529488208,12997.190598383037,14143.599168842955,4109.628919315126,2868.9383511450133,1969.6731769295277,1027.8085438909072,0.0,2306.628179852209,3098.7052465100724,4130.725417566006,6088.339682093342,6784.511315903839,7563.548796722696,8322.142653179613,8787.074308285079,10773.474248688795,13455.603968541986,15781.216923624132,3825.123878253071,2860.812801567751,3219.7918945563415,3844.174788059449,4433.400834479964,5108.339555459076,5644.079477976665,7153.099363565266,8033.1876283220045,8857.934994450252,8956.105792993074,8795.172871752775,8979.672072233192,9217.700613204612,9731.84940211714,10145.969762431429,10673.402210321046,11283.743132451737,11855.709548616143,10857.632420618686,10440.415655085646,10171.401839654778,9912.608657617493,9679.521187536136,8577.351662172767,7991.1004040068065,7319.860500051972,6941.002464089285,6696.104636702569,6600.173503041359,5829.085200990543,5131.546773090687
División del Norte,18422.88088533344,17051.4852427364,16013.486645823497,14802.380378967466,13379.513022669567,12769.454398478554,11232.050998807912,10102.209434536362,9202.801203229423,8078.014851822667,7080.255975699086,6312.340334730942,4494.205685409148,2847.7127979863308,2148.7063291437553,946.5083709963235,1124.1138344311075,1436.739719269505,2067.98914935622,2888.479188106796,7455.513901990162,7434.790425277491,7514.1920276937835,7726.095024447538,7963.281753945484,7853.055310172292,7651.342950968483,8641.281692762945,9674.680666054783,10573.821712286524,11579.600499625209,12885.120132877833,13767.094630893762,15129.66604412276,16549.313378876537,17100.256660672538,18312.03463234851,19859.93967819876,20569.90336564193,21388.76306290954,22083.323885717182,21097.913003893224,19313.686192353955,17386.84005812668,16237.72759828216,14976.815100143025,13023.981897326505,11961.337385435512,10731.945298286326,9855.336790011741,10028.79577511413,8671.024706053653,7864.466466936086,6749.918191051746,5857.387720207083,5116.7560441686155,4209.709116896985,3473.8524920715063,3052.467219551859,3109.671946951579,3613.395308382872,3861.0225175300625,10703.446214304726,9423.362303399166,8171.14198493726,7328.523805890017,5487.404846712294,5479.647657672081,5251.51910381362,5077.293840431267,5275.2823913525535,4924.445840573155,4632.115146334543,4104.355039460636,4992.591624497501,5683.368376285365,6108.388645496022,6707.329344149859,3690.3114004671,2906.670444863941,3083.3521697203755,4921.544960056411,6186.770767905913,6865.518838711309,8037.712596526818,9221.201554980047,10512.708930305469,11518.136309525142,12900.53401293975,14539.586998642266,12718.04962859957,12146.284753608052,12090.83688483423,12327.725891070071,12439.836165491108,12256.32148784045,12125.851976321015,12437.425558491414,12684.149877734577,13372.272104640982,9009.294354022402,9665.926829638607,10383.779488623315,9812.92968532585,9694.520226589775,9770.252880903468,9785.176179291773,10303.129434624341,11232.983529088428,13492.90154020978,6227.184785786567,6915.060206560218,8965.47247944684,10693.945826152549,11841.840576554801,6256.742418168628,5110.594875911295,4276.230613420824,3334.4117143893754,2306.628179852209,0.0,809.9910902354068,1888.169460542206,3883.430906291543,4562.777835333639,5349.131073040794,6112.360169158716,6579.207371365741,8573.42602132855,11226.43623218285,13526.341347879857,4445.943023043666,3249.055872322086,2142.6263104819145,2046.5584899472083,2347.5983626155007,2886.2608583006945,3375.0215390305034,4847.0003647480025,5727.665064937816,6558.805535219569,6677.6454539718325,6670.18686268797,6944.023331177484,7283.47351401009,7865.570661110855,8333.108686282187,8946.21564788877,9910.247030533732,10689.615872431048,8881.221825399647,8365.988595658337,8028.361088654881,7707.110604590192,7421.2778287285655,6274.8128692099535,5699.325689365323,5170.662080849519,4938.931628970474,4879.108054809785,4933.702720523941,4422.678239428411,4790.295371904747
Eugenia,18673.31997988845,17294.88611996571,16276.206222991575,15087.006267984963,13691.381389132137,13093.936982706397,11536.102911402308,10443.187793471978,9586.830046222933,8478.461078833969,7449.394759358996,6507.57504621952,4763.806917102559,3344.186697409888,2814.8696487277507,1724.3141205361471,1911.7198290003078,2126.547731494764,2615.6294331883896,3311.5665376641577,6663.5374047808355,6630.354232670721,6704.2207588720885,6921.439637905493,7168.769325114171,7073.998392361631,6909.852314394072,7917.674619564221,8966.991599969295,9870.70905148671,10881.344993797105,12191.15922221301,13081.254121355645,14430.18471673104,15834.010252049779,16379.84836178212,17581.91242511053,19119.929450047955,19826.05685543793,20640.98773730251,21332.5352938313,20992.137369402273,19181.208761153353,17260.054588263145,16094.884719504364,14791.539435237753,12767.919015878084,11660.078619761976,10365.196692688825,9428.585022153178,9520.317371501458,8195.306112489949,7352.562996955742,6192.965118399303,5255.8126829352905,4454.550166520817,3474.1197248250096,2678.248955187166,2260.452091198222,2489.667317247591,3174.4740235401196,3628.958997275439,10774.459580777846,9487.29349447933,8225.946534709956,7395.646625596203,5541.372281080798,5394.2893210505645,5072.624863099008,4742.336770628509,4784.745908504074,4322.031967304563,3965.4848134794083,3300.0236528577884,4183.788746979606,4873.850467503447,5298.5592664585865,5897.342004845908,4336.070051056296,3096.076059916425,3062.493991488912,4571.399067811123,5708.7355385376095,6329.218218507898,7457.036559463545,8575.3749610122,9862.343531370048,10850.856906549783,12238.829788820018,13877.637185715233,11916.94476186998,11338.02014810023,11280.84636322311,11521.303996210258,11647.840563531694,11477.793759406666,11362.758084634665,11704.017286842995,11989.589013376963,12707.74090314714,8396.051097131582,9003.040988567098,9640.889995850115,9047.165860749727,8905.927803447184,8969.405927077043,8975.343881762668,9494.938928924603,10429.613811372055,12703.699483740693,5496.228643354114,6161.589261098612,8179.37804353571,9898.89819330214,11044.924368757725,7065.6545559797405,5918.985356894993,5064.999512909366,4124.526710478262,3098.7052465100724,809.9910902354068,0.0,1086.2685909681018,3082.180271348408,3756.6547663322335,4543.365028352053,5306.669060742868,5773.472583248178,7767.7756606855655,10417.156344638328,12716.450161775705,5048.356031773991,3863.652413496514,2435.5272405295145,1927.7010697532999,1922.390995655951,2269.3506749886515,2682.321716629402,4072.2834215543307,4937.977452500267,5759.31559855259,5869.5030931371975,5881.862870528713,6179.841365076919,6549.560536910205,7150.866314881535,7633.568334386492,8271.886896960377,9351.064258149023,10197.168671716843,8368.826620369098,7795.438523195292,7412.5412465243135,7045.054957428192,6713.03277207308,5510.213622972412,4895.056979410699,4379.944978061075,4197.9422313275745,4211.600578031838,4327.621945417267,3944.9768307159607,4731.715986311454
Etiopía y Plaza de la Transparencia,19237.866553454765,17854.44523959654,16861.150656179612,15700.83886180576,14340.916638864144,13759.839766450641,12186.200197426617,11139.713000417316,10334.166366237132,9250.164329350846,8198.226660875622,7084.942042035577,5457.290055865727,4272.892628981391,3858.4029648245123,2810.440779267524,2951.644221679435,3072.2661198996593,3402.982067123006,3925.5804387362846,5578.151069039736,5546.637163092767,5642.27147142773,5895.561428827001,6179.488584163578,6130.652313684074,6061.628952414417,7102.389921815079,8178.926291648468,9087.307981851915,10103.285399402874,11416.881164731845,12319.883577680212,13639.431919292536,15010.012404964848,15545.011523960857,16726.285374531893,18242.858721554578,18940.58312290562,19746.845347424478,20431.703262199713,21101.30186898918,19258.846809758714,17351.29451643567,16168.569783954692,14812.516547588497,12700.219876560886,11534.545629923326,10152.741299537593,9132.480320590535,9091.178480286684,7834.876960605872,6943.753154315822,5726.296476029289,4728.185053076431,3826.6696656796453,2703.9412644777753,1731.618775919506,1177.8151115201902,1717.2520904272415,2655.7587190884433,3388.829439050692,11156.019503917183,9871.485675483867,8613.443071577793,7810.146470737054,5979.11125835509,5665.272423735436,5231.390947706851,4690.162571371498,4477.198255531766,3824.4703230469063,3346.326301057032,2293.8915258332413,3141.3787366425363,3822.2596695900634,4241.7147581400495,4834.990223189765,5167.550149748209,3458.575851471773,3166.3525267399473,4103.830117844083,5020.750658464145,5548.646064205054,6604.474152626881,7633.558805928737,8910.677918395748,9877.236989515462,11268.95159953009,12905.140229974044,10898.88691843627,10290.347191190967,10215.743864608672,10439.851695320387,10562.167874744775,10397.808789095803,10293.165634639752,10659.779686889684,10984.17718157789,11733.98011941304,7795.157039312282,8303.853155774304,8774.790042324143,8130.3888572848655,7930.1389136361295,7955.1502041059075,7915.53758927319,8417.100267814796,9345.112329883435,11618.759840574037,4688.009780690727,5290.785633866148,7212.477433441397,8902.348680950357,10041.233113819017,8142.9364007887025,6977.739747716429,6081.209552159644,5147.1327490537005,4130.725417566006,1888.169460542206,1086.2685909681018,0.0,1996.304066103087,2675.151881793852,3461.2047331817107,4224.3567920933565,4691.198139650876,6685.343703893093,9343.310569046535,11654.547047087754,6028.524277254153,4864.303450796503,3254.369102830792,2431.9907743592266,2016.7991678682179,1915.454848668083,2082.765722389122,3169.468836387827,3975.766837721968,4757.598434348775,4827.453594232065,4798.017545863331,5113.029333597826,5512.19685250154,6132.970468713094,6631.416763566958,7297.007619594569,8513.816295910197,9440.852137492147,7945.234292770533,7278.323284249466,6817.686855072688,6365.473596259622,5941.32130345245,4616.908594094195,3876.9538269179766,3295.5538455268447,3162.920802249392,3278.8812893075683,3484.443001573581,3314.0726400013514,4667.928680852039
Hospital General,20332.258196020917,18948.653627699063,18005.357598315644,16902.316738070564,15612.844895363522,15063.766172215688,13480.214463782184,12520.174948344988,11803.810948320064,10771.105118713938,9702.137415722424,8366.50046634714,6959.321172513593,6094.471400906845,5805.906553847926,4805.506637523531,4923.964744266029,4978.818733161854,5168.035409966779,5487.999506180228,3591.1561264942065,3553.0253723218766,3705.8255049069758,4059.505965282358,4440.478732933852,4519.18483751084,4706.2164196304275,5783.122866277794,6887.9662430872895,7783.244528281746,8790.05406446205,10090.636880000282,11009.243931062652,12253.005576269206,13543.727516697083,14052.978303037053,15185.364299100305,16652.20649795746,17330.678228768065,18117.199848213084,18786.934368644215,21379.112333883342,19493.133379485833,17627.313136208573,16425.499784395888,14991.062188889526,12751.01076682241,11502.87093842992,9994.225903756673,8847.118954441748,8543.671636272406,7477.95681872889,6538.580635201908,5292.626244025962,4272.505838805388,3286.1833902521525,2106.736730527976,1159.2272290963306,848.8197776814378,1823.059189333647,2826.0208775285414,3871.9819967373205,12025.455967248983,10772.847839760565,9554.186123344054,8820.0292861917,7103.882979015257,6560.63621770506,5987.40419662564,5159.683441999454,4514.17992101848,3585.477830204628,2939.2435617634937,969.0300830239663,1363.7988911766683,1954.8735214886829,2340.843565427197,2905.0889026257496,6911.958754436102,4783.79663575288,4215.870191191185,4007.689127138794,4284.025764117364,4523.164396337162,5322.723748949456,6076.317426155034,7303.467252483719,8201.00978503634,9590.087419822492,11209.372871491969,9041.290795692426,8369.22090530408,8257.040824455322,8448.851034558062,8571.58208128349,8427.923004758482,8355.1840091946,8792.048295377645,9217.30557179399,10042.170114925775,6939.008996398345,7211.055863285762,7287.945679960559,6535.887417806811,6194.574739316478,6124.107744240037,5973.457981095283,6433.609087312143,7349.724576908413,9631.181165383634,3544.090789866708,3920.8731158322557,5510.974964341706,7105.814033669615,8220.055638745822,10133.250797883951,8950.56777439624,8012.456739990275,7089.9331993601345,6088.339682093342,3883.430906291543,3082.180271348408,1996.304066103087,0.0,702.179375178459,1475.2295958298585,2235.386437207548,2701.5169099060467,4693.698329089547,7367.266934787409,9700.776129275488,7881.669561307311,6755.052796672735,5005.635931305412,3981.9560828280473,3263.681955899547,2616.6026272216673,2232.731755697251,1980.9405493361996,2435.5764349319393,3027.798139837794,2963.5832792015717,2821.335960922428,3210.7542288340596,3713.810699935234,4386.1700260629095,4923.076692338057,5654.904171831055,7205.713121454452,8303.026636415394,7455.684577396976,6627.817760731736,6024.459306346194,5407.165776339261,4787.864216014493,3235.7735510389825,2139.4927347355456,1324.9042148147137,1520.0197562716007,2079.5319949591108,2553.527661115333,3018.823399516667,5240.437781360242
Niños Héroes y  Poder Judicial CDMX,20565.04276211038,19184.17763836959,18262.181465456528,17183.90098060368,15925.18999807007,15390.152631936324,13808.052221246773,12885.084648703445,12206.38632158703,11198.279307039182,10128.186913976639,8720.36728802177,7406.400712922573,6667.534038167164,6436.873756640425,5475.100248866129,5616.167871998803,5679.66498650043,5867.924824586913,6171.0025220214475,2964.1010580767784,2874.8562795329726,3003.652873235031,3372.708658118119,3779.007998055671,3899.555950475409,4178.943399739371,5251.752022670149,6354.158408227803,7237.753973380232,8235.42541973839,9526.030845984564,10446.114405931072,11664.0277088437,12929.932211813231,13431.530434515533,14549.926852348708,16003.333482970425,16676.847510747008,17458.434719616027,18124.500508272322,21310.53573604895,19413.52299985244,17567.498132299937,16362.890297180471,14906.454304414849,12632.81895587775,11363.896372955429,9823.139085007952,8643.357427136372,8251.278393241044,7267.319330070962,6327.613956928058,5103.139015689983,4115.105497263705,3158.288346186898,2106.6410237899377,1484.5975034904018,1549.235233670013,2426.4745882646585,3344.8974147392364,4405.626711351277,12202.424567239475,10969.59696834267,9774.98581224573,9072.545854643256,7417.801481280894,6805.424235295165,6197.539284564134,5297.342623137201,4527.87380583266,3552.7026028973673,2898.271295634532,957.9821785742462,787.1189704371856,1277.0219633837728,1646.04112415662,2203.48516069221,7608.573660924629,5443.242791052701,4844.000537249392,4388.875237236503,4431.193025121377,4536.448107619908,5186.3828395905175,5774.2783209828485,6956.884683888985,7805.940252682776,9185.186093566326,10787.717304859787,8343.994134758312,7667.054723512115,7557.546731685313,7764.9639803612035,7924.977886854471,7812.2663153941185,7773.131024363859,8266.998671040565,8760.157129174851,9627.484634290295,6557.8266349653695,6742.477281435623,6686.78753944452,5905.6724892849725,5525.684087279565,5433.388659232972,5271.6514597250125,5742.84200872109,6674.798713023054,8989.45822841105,3141.580984131573,3406.9061618492888,4854.286423186736,6420.539784788734,7528.81462460376,10818.011040689706,9643.922022988289,8712.677083859198,7788.717858933483,6784.511315903839,4562.777835333639,3756.6547663322335,2675.151881793852,702.179375178459,0.0,786.816242632533,1550.0677409286786,2016.8338880431068,4011.1249207299256,6672.621990695879,9000.625786475364,8458.809056026304,7354.056797214613,5563.288783775313,4497.87602073917,3728.723923170849,2992.5684607703756,2498.500288015855,1705.0931454935055,1908.2289545139674,2386.342850079075,2274.9819754808505,2223.726544731223,2707.312401416203,3295.66244424126,3991.818939044407,4545.210694576394,5307.986392237096,7020.739612470854,8185.144169761138,7198.055384930899,6326.055817061404,5682.091929814877,5016.517909259266,4337.154853834045,2742.171686107232,1522.102675605836,816.2693950796804,1434.2726295486445,2196.0380174002007,2740.558407030574,3398.726813267503,5755.944073464095
Balderas,21036.13185411121,19659.22267379917,18757.92111799996,17703.365346574832,16473.485363716445,15951.340379415578,14372.830073103407,13482.48752523747,12835.256133629835,11847.877197429929,10778.962998890207,9319.064361604382,8079.658933687981,7420.208485414378,7215.05082169843,6261.855712670274,6398.448594307616,6450.5631515141595,6612.923690796728,6874.127874294839,2209.030133908523,2088.2489871208677,2257.2470788719265,2710.010090491318,3185.419185472066,3400.6449776124923,3846.8421010911143,4891.770330320115,5976.469987862061,6833.405001004061,7809.816784575788,9078.170155890672,9997.383819890336,11169.448141913823,12390.38749012287,12877.684394759664,13969.27878047149,15395.931351852805,16059.258053906642,16830.49331333382,17488.70783637837,21473.941072232912,19567.35366950456,17746.09051117992,16540.764811963552,15063.519284175587,12759.326507132651,11471.969459554979,9902.300797299551,8692.286375675,8195.568033068375,7320.509762320857,6391.912998367716,5213.749382436595,4287.907328461515,3401.6046978685454,2543.3795440294703,2182.203335414768,2323.421481103812,3058.1184828162013,3862.617030588886,4918.539394233812,12634.957619898458,11424.487823820557,10256.304512002509,9585.00175653675,7990.183209107095,7324.348211918092,6691.993868145122,5738.803402813782,4867.835640460554,3876.0318947307737,3243.243653429417,1557.5746652932023,823.3339223233187,769.5385915435373,995.7166531787544,1477.1621190306703,8340.946652418077,6108.644656290399,5468.218755707667,4730.617830333303,4513.460011447518,4466.233963737582,4931.978074638911,5326.1961152630265,6449.155068508836,7242.840874585173,8606.251766659885,10187.84725315855,7623.9337802215605,6914.06386993883,6785.087472512358,6978.648350531255,7147.304788237927,7052.6540879469585,7037.949878874156,7578.326648195631,8132.282892723902,9037.516383779755,6403.30515756757,6461.817013873054,6190.818260158394,5359.767629044527,4896.765417154177,4743.178755972577,4510.8128569005175,4959.044353004037,5888.180521228379,8213.78210682102,3044.7937531817824,3121.965061327177,4259.748368935505,5744.186897002018,6831.710824033363,11603.648227834312,10425.52622229421,9484.958350318457,8564.137426728324,7563.548796722696,5349.131073040794,4543.365028352053,3461.2047331817107,1475.2295958298585,786.816242632533,0.0,763.3049639214051,1230.1283618605169,3224.434165700892,5892.056962671046,8229.911848708653,9211.393966549247,8118.585816901412,6310.251435463932,5226.632313723972,4434.859595205358,3657.6122680061503,3109.352454006273,1914.7302549363567,1708.8327970633552,1886.9579172801637,1627.6119582061456,1512.2180227618276,2097.059926286302,2768.143023411356,3472.324528891849,4032.7629584017136,4817.316900971706,6685.677021850033,7912.644076519234,7195.391996347183,6279.014671048363,5592.271137441129,4873.714838975626,4123.317675038738,2526.0372472915033,1179.4266497341855,588.8552849440989,1526.9413856207518,2372.807314974013,2942.597247757806,3767.8936076029786,6230.645816279253
Juárez,21500.910595619713,20128.937231705168,19247.850944157006,18216.44389548707,17014.556639058905,16504.8616015396,14931.540083120199,14072.0421404755,13454.049351236421,12486.469153798746,11420.05967113854,9917.449018419647,8745.03868079668,8153.273728038489,7969.8991995017395,7024.889476975963,7159.348437674635,7203.756455788435,7347.3686714582045,7576.801375523725,1514.0470205694917,1326.089707284603,1564.777090135691,2139.168063152971,2694.904435236446,3023.8264054452043,3647.4840169380086,4632.1313313237315,5678.652229989268,6496.680054735508,7441.870374427038,8678.73944898342,9592.693131589489,10712.6395511312,11883.596434077566,12355.045185814985,13417.054655946167,14814.36126308199,15466.581441368478,16226.569469303271,16876.28744238833,21646.340109948393,19733.12636263922,17938.458854079152,16734.71751739723,15240.946056094592,12914.40225555882,11614.492251257892,10025.201551478976,8794.461899005362,8200.848751717558,7439.176839893177,6532.422909464739,5417.016948433615,4568.835628340812,3771.4366744626745,3094.10075136734,2899.196944742988,3081.909617074838,3733.1738945446,4448.687738238245,5486.659768901313,13076.041570519275,11889.137986019437,10748.310525890656,10106.938947703506,8570.111612767736,7861.738699913793,7212.558879378447,6223.121591000269,5279.2230534067,4295.4852717885915,3699.6495975755106,2247.79657024548,1378.3265299893699,865.7903687546788,700.1074177004139,868.6261215831771,9064.146101685239,6784.732368563872,6116.190327491287,5166.103484816793,4730.811559336815,4542.08119066321,4809.541474428961,4984.202825909001,6025.116822489575,6749.471243430602,8087.794304444133,9640.664697478704,6933.485474245186,6187.403670745638,6036.5101973973,6215.532678113833,6397.391737308865,6326.094767364038,6341.978884481732,6937.32841093445,7560.299860229045,8505.001824231353,6331.029670076535,6259.98267424061,5760.871718227407,4882.86302340539,4327.138691839693,4099.5085450281,3778.833243328806,4198.4603200900965,5125.594747632212,7466.074983094377,3129.839337423478,3008.1036071940875,3741.2799069644348,5110.721339607127,6169.342813755676,12366.482647947978,11185.682032009083,10238.33677264316,9320.00136281842,8322.142653179613,6112.360169158716,5306.669060742868,4224.3567920933565,2235.386437207548,1550.0677409286786,763.3049639214051,0.0,466.84723063386826,2461.134670737105,5134.811767941706,7482.608816667976,9943.177478593674,8861.2913944022,7039.750094765699,5943.783698624798,5137.823904268543,4336.637667215606,3758.9331016667197,2354.1905174409444,1833.1273564059684,1622.5339174371284,1163.6637921774723,954.6391190829189,1665.788050551587,2408.226060900326,3090.2532052995944,3642.070454937719,4435.164395284047,6448.545801556644,7728.4764986669325,7262.050270984171,6314.646412592878,5597.559366078393,4841.831067139215,4040.696016478325,2529.0353318626917,1283.244783772364,1110.8829612277354,1953.6645234185535,2766.287552027497,3320.3526515308185,4245.725819517846,6756.056419013192
Hidalgo,21788.808498272007,20420.33650930142,19551.647894867216,18534.421372115696,17349.615149266534,16847.48553682708,15278.04062953192,14436.988628953608,13836.265959435821,12880.601704166553,11816.239122687803,10290.68482208531,9156.799372602469,8602.674500972356,8431.489309282999,7491.420752219586,7625.347274612325,7666.233431763325,7800.719162807056,8014.107407330273,1137.1993734666098,861.6368616238489,1181.0046053812518,1854.2898636866105,2458.8695407919467,2864.273369875489,3594.662666987347,4523.846533949378,5534.838097817472,6321.752240806419,7241.809728691262,8453.794950142264,9361.955574468333,10445.901458400906,11582.8380666482,12043.51594613065,13085.470605492708,14462.974704446473,15107.734810443779,15860.188623927676,16504.23273800027,21758.517558582695,19842.508688349437,18065.268906114587,16863.549564264507,15361.39695660779,13024.608894139288,11719.522271317424,10122.204355249638,8882.895793330523,8233.046634965513,7543.180094253887,6654.432252623471,5583.784757214942,4787.590896898256,4047.5920382990003,3467.4586251994597,3346.2535570410646,3547.3029609864175,4163.342597535583,4834.849360400356,5859.5559826588205,13355.413822640987,12183.596522709822,11060.039370841627,10436.671473987833,8934.762545695095,8204.119365085462,7547.257194421341,6541.350495771673,5562.940875826643,4591.397069579274,4020.7528664707575,2687.6794771986833,1792.436696809156,1188.0770952590717,865.7230515376307,669.1435492440571,9511.270801089537,7209.275892989176,6527.576034681404,5472.401581299835,4923.059342859437,4655.760306198769,4799.368101171425,4828.577970414214,5805.462144642515,6478.550396931444,7795.306672613095,9325.452458665059,6516.3994594714395,5745.60547026832,5579.335433736056,5748.714728230756,5941.728278269982,5888.4284915234375,5927.302336719631,6561.831229484176,7232.2355106292625,8201.921086076612,6325.942727070744,6173.977715154279,5528.139078315821,4624.015734199623,4006.0565967171974,3724.3793490773623,3336.0091889580503,3733.2502063934558,4659.652088958305,7011.809864483502,3264.1754234057094,3026.562009931404,3464.0296909448793,4738.388577355865,5773.21124653657,12833.228918836243,11651.27307047555,10700.656497994527,9783.59251020513,8787.074308285079,6579.207371365741,5773.472583248178,4691.198139650876,2701.5169099060467,2016.8338880431068,1230.1283618605169,466.84723063386826,0.0,1994.3082267564419,4671.798021878264,7025.921868012327,10391.37715165637,9315.887326972024,7487.63960741473,6385.853829300696,5573.561866435618,4762.212536599709,4172.6330494154945,2691.322374592051,2045.3415964459248,1618.6756568016467,1060.0150501174196,808.7079785107285,1541.0609057103613,2293.7902250824504,2936.7164896935333,3470.5125901258175,4257.9745488501685,6350.425822403061,7657.201978541079,7335.862611431305,6375.598578555942,5645.907568580328,4875.469138499045,4054.69914727248,2636.214666437145,1537.3510917046365,1535.4497224008005,2305.700882105545,3080.4787620362886,3616.3830152437677,4580.336057803091,7102.660374049755
Tlatelolco,23100.004995034367,21749.3531578608,20931.82913722321,19972.82073148678,18857.391268448133,18385.669481875666,16836.384648247255,16067.03848495334,15531.729691524697,14622.244920376528,13568.795620225685,11969.89948105567,10973.553948134464,10543.957946958108,10410.997346334392,9485.231065489641,9615.903273647436,9644.329353468513,9747.762300132683,9906.769409342809,1378.9179660674506,1142.7004244228324,1354.245421644239,1884.864783703191,2418.79255180743,3035.5546070789965,4043.0067100247397,4617.8211856325315,5373.717740971163,5961.78011092331,6714.225959386278,7760.562856066681,8614.909193957365,9501.57219509928,10454.546321605763,10856.623547976295,11789.37941032529,13059.239395306657,13663.622191890303,14375.408072346503,14988.94427673064,22361.14676450168,20443.312749862962,18748.045966100824,17562.81627032384,16038.83968994112,13685.271674320378,12377.3772756846,10776.244941959301,9531.76694831802,8677.222958058574,8292.715791599683,7505.222729735944,6643.656115368131,6061.757257150381,5535.919660734216,5241.979320055019,5298.099907538397,5537.102464429663,6057.034078749502,6594.59268006145,7561.292851295679,14671.762416786909,13565.318043626465,12514.464693174412,11961.266937269254,10594.017122202886,9794.935284636418,9120.667281773534,8077.382202174224,7012.448160622364,6112.7677430338745,5637.483668063744,4630.347761005946,3709.4738948535437,3029.45026086225,2606.6620898134884,2018.2520529342619,11434.116329762077,9063.019240547594,8343.34197185143,6971.877712777181,6073.625594086086,5555.584267232306,5227.23720636127,4637.55962515534,5224.282413266381,5598.7807826276885,6750.70585567981,8126.660376310843,4851.303322622088,3934.5693605849365,3660.874678406445,3755.154087600772,4017.3523068668314,4081.347502531231,4265.007947106489,5113.300220661049,6021.939574913936,7091.163411861005,6701.879335743178,6222.022579164956,4944.6988304110855,3992.896690488664,3107.0352619259156,2517.805343524666,1620.466113742875,1759.9206694458242,2670.5765016018295,5090.217997276304,4399.985888496297,3830.1218343399632,2914.681992284091,3438.01709466452,4261.679380455665,14826.71321208062,13639.805860828317,12676.870781997397,11764.79974456875,10773.474248688795,8573.42602132855,7767.7756606855655,6685.343703893093,4693.698329089547,4011.1249207299256,3224.434165700892,2461.134670737105,1994.3082267564419,0.0,2713.7420143179747,5102.10995120732,12326.36497612486,11272.892530250721,9426.170604781828,8309.811980492857,7482.671248866732,6648.744343528696,6034.25834140333,4414.768122213761,3560.7873298693526,2746.269593769397,2256.4729345015016,2104.586631009749,2347.4732062550697,2788.622877052832,3075.8932317200097,3406.227583115456,4036.2052206299436,6293.668804048953,7651.075152289905,7976.65553752303,7008.813162850357,6272.175147724191,5502.464379715205,4690.624618997236,3785.1499074091294,3222.1259950873614,3470.2419656667303,4070.8078207106287,4706.854090660358,5162.00728941698,6194.723688214063,8699.469028881658
Potrero,24515.05650221444,23201.550643152736,22465.37230810655,21599.669999033402,20595.892499542475,20173.206361744928,18668.99143072536,18012.658593801985,17579.976811781682,16749.036908279588,15722.72898511821,14038.524080464425,13253.33692757938,13031.7460839646,12985.275048320009,12121.617195272407,12288.767831926178,12338.026943255574,12458.110987098447,12619.137621168282,4041.920714039861,3845.5769843271264,3737.229781405256,3765.0401295748106,3898.1915636539125,4406.758645481634,5349.517216693926,5389.70015337984,5652.672984247539,5854.575376309197,6244.45524499178,6916.347482406596,7612.08324696556,8140.125491977148,8770.382973451286,9070.678599012535,9817.640697363717,10912.015458542895,11453.402264486755,12103.586741359333,12672.340300425185,22788.50661664393,20893.622801095582,19336.895324220397,18195.211921099057,16673.224786420073,14359.334652941281,13091.977653435222,11553.61541051976,10369.537222739438,9314.098743435936,9337.820394295406,8732.471501975144,8180.996207691258,7876.1984497139165,7605.340901623722,7605.483987411548,7858.052102217997,8215.361168512243,8770.658686347186,9283.180381214555,10225.026914815255,16196.28374313493,15199.43416867396,14267.529903581863,13819.52779143133,12659.917319669932,11790.04197793567,11112.872854741961,10060.441340906445,8947.084774915988,8176.000082629183,7825.20253907972,7190.931426862491,6270.0919666558375,5572.829552016052,5141.292484874714,4534.642069346131,14147.804433666453,11769.48854231537,11041.712281601553,9553.665863448561,8493.074043276703,7849.376606068395,7215.37826046659,6160.065827554585,6201.125279550341,6096.13740006429,6814.325369597018,7773.378202555436,2652.8099204298474,1518.0146974155175,990.4945859626846,1250.7805725331568,2283.5515551938192,2882.224088319702,3491.876919033336,4668.90212523573,5895.4133086090405,7000.063173238362,7446.076418263722,6621.986017175263,4729.514106477657,4001.924065960739,3117.476559086769,2416.752389566175,1569.6640319733854,957.6942671145015,930.6602321744946,3165.7497477013144,6271.721030156722,5521.422098948558,3542.964103885895,2521.051540726071,2539.1392272029425,17482.7568687522,16316.540828121706,15372.449015037344,14454.810763588855,13455.603968541986,11226.43623218285,10417.156344638328,9343.310569046535,7367.266934787409,6672.621990695879,5892.056962671046,5134.811767941706,4671.798021878264,2713.7420143179747,0.0,2399.756896038627,14791.406505216915,13788.669265634166,11916.857062990422,10785.983271008765,9946.39909116314,9095.384508400797,8464.015004640916,6776.573411670394,5846.7512257142935,4947.138229503207,4636.508850504913,4806.3382284515965,4930.556591241181,5172.397949681518,5195.103025189394,5297.6649669942435,5645.579702275926,7726.1655574923425,9014.689981764139,8914.21813782154,8026.862733107913,7365.830370234843,6703.355876683059,6040.846251683957,5769.803112343313,5656.543875142139,6177.787102888599,6776.039164232145,7375.199158522519,7796.234194077963,8837.608295071357,11308.486997917707
Indios Verdes,25676.23266185576,24404.987048086605,23744.37758073646,22965.304795985623,22064.52441873106,21686.757699033613,20233.9571775442,19677.40399187738,19333.35491754208,18574.28321776353,17579.336928749166,15845.717218643313,15234.493789576496,15180.487455665065,15207.269011415294,14402.897942728554,14606.01057688992,14679.504578705188,14826.0425034305,15007.665211971229,6441.319859930045,6220.765051962961,6012.777455522554,5878.325209475381,5836.8348541456135,6217.893749884001,7004.476238922487,6713.882891186585,6592.3575891675555,6457.639487856044,6471.239244008498,6693.483079767102,7151.054829158042,7252.524804135335,7482.00823189752,7651.337032839103,8157.686397896816,9028.523222011883,9492.316154384858,10068.703613892729,10585.498967814954,23112.674192686572,21261.520381754446,19847.288639355862,18761.666462483507,17269.988687819205,15043.852420013012,13847.200069189717,12414.341158350835,11329.198834248711,10172.233705501214,10507.663948888763,10067.964894708375,9760.718456460536,9651.825286041943,9551.21158444181,9731.053595309419,10105.002662026345,10549.39685702323,11155.461124031064,11682.59129060003,12623.835374148952,17539.496448418122,16646.74022386067,15824.465329678671,15466.053276499888,14484.343801945648,13576.231358517283,12910.411541093916,11875.60847964084,10760.727784666835,10098.547944840873,9836.765522517391,9446.21543851262,8538.41855594681,7844.295055980479,7418.016403436016,6820.030677768473,16527.638596569144,14164.42987901311,13439.792221762315,11936.686262913143,10830.836541832163,10149.798549180552,9412.749963978164,8205.830175882653,7985.117432882556,7619.217552794075,7978.517121258111,8525.6530251271,1865.2447389610213,1510.2418190744875,1446.759759846466,1819.0059662385895,3041.9411553301925,3878.5669487981204,4623.806321516635,5759.248607618374,7025.464865580592,8031.913152537285,8521.213062745088,7522.762785335505,5458.424376380074,5087.721091013764,4493.976520233513,4037.15053422483,3741.412005302668,3356.1626534909624,2858.174244664081,3173.296276658337,8164.650932283902,7370.254315246481,5147.516716422114,3490.240763593593,2617.5048581476767,19772.577993826602,18631.835757994973,17713.18482678151,16788.880608224456,15781.216923624132,13526.341347879857,12716.450161775705,11654.547047087754,9700.776129275488,9000.625786475364,8229.911848708653,7482.608816667976,7025.921868012327,5102.10995120732,2399.756896038627,0.0,16910.695115343515,15956.414577817504,14075.611080399858,12942.767386443327,12102.346590055397,11249.481391324382,10615.825079515249,8921.232415244978,7980.673412662897,7083.6876361573095,6863.945305418138,7201.988922908391,7325.435546345222,7532.798801839686,7491.693490017078,7523.576393504101,7754.747027652966,9656.417976606335,10860.214288389137,10027.371474745765,9255.879372087205,8696.292552210789,8159.580063850255,7649.924490448907,7753.921731128223,7871.261690129988,8548.193596196521,9171.152557115593,9774.822636084276,10192.376142109688,11234.266888521795,13696.32301443772
Tasqueña,14640.131746373643,13313.260898427852,12225.011826136288,10960.618806895747,9474.824779256265,8836.463439917887,7420.3543098585105,6200.097292520016,5185.207400791669,4064.422112620142,3301.994580471192,3636.6259919934764,2316.7446730742654,1791.422704431481,2312.5163083749403,3596.104144810267,4061.402286711524,4541.829878322138,5236.777713810406,6090.362003302223,11418.361969195175,11243.902393719032,11085.443950147166,11053.159206067798,11081.938343283722,10767.682718884178,10198.202382946434,10941.118555322058,11754.098142073743,12550.111136396823,13451.21444270626,14649.434439890709,15418.901040444754,16848.800038939804,18372.20098162003,18958.17614217615,20239.26204103699,21861.422942883022,22601.485275869854,23451.831977728234,24171.174666468778,18779.85081562488,17174.02165604871,15276.900108178546,14254.391748444988,13277.53422642516,11835.461157419975,11115.017108826873,10387.375535235406,9970.145497228705,10637.65922219425,9237.662166482562,8773.400155102298,8125.30391006351,7677.104368320291,7454.691005485283,7191.364993147512,7045.207733933062,7164.593797952397,7525.767819714623,8047.38028269014,8152.846846647629,7960.952928952599,6847.033089283512,5825.408949827399,5085.948075924306,3925.998602802543,4670.261812112548,5026.39805393782,5709.3586495218915,6628.703328702466,6969.520398712519,7106.222135202698,7705.780877081505,8619.674066927464,9297.29137331538,9723.066941140869,10322.897818227497,5581.881206804108,6681.630544145015,7180.249190573154,9290.475610522017,10621.18265004077,11311.301905572816,12479.248484120948,13623.729790067933,14910.367010387181,15894.325361292145,17283.844993894498,18922.08116134112,15770.263477230865,15434.818234171644,15538.636599412268,15985.989056317449,16328.470541421204,16263.98904427777,16229.24533577347,16664.032296994235,17012.697132539568,17751.552031536827,10427.817176035585,11383.888204335004,12740.221112603685,12446.068343890898,12628.031035574542,12915.011852180776,13247.664655983019,13941.441388551797,14978.877479348062,17400.323157527102,8843.696748966953,9643.216526300223,11900.79417248594,13689.28024013755,14831.244534999087,4206.018064796362,4024.4015569419107,4340.923958997267,3979.5289621550255,3825.123878253071,4445.943023043666,5048.356031773991,6028.524277254153,7881.669561307311,8458.809056026304,9211.393966549247,9943.177478593674,10391.37715165637,12326.36497612486,14791.406505216915,16910.695115343515,0.0,1196.9853440443012,2903.7381340758393,4017.503326647263,4851.089237807072,5698.201945710506,6327.915241382117,8016.098079759752,8951.177415221424,9852.951467491797,10165.804116873189,10680.434762266803,11088.201154902434,11532.426390123721,12160.965450749061,12659.209354478471,13314.013488922868,14355.956211292894,15121.184205161368,9648.139683096928,9573.087748809025,9579.918275711496,9620.476338289287,9713.537891860171,9174.568046985034,9148.61246645252,9203.23617386731,9189.03103665024,9259.395094466749,9362.228906307048,8862.75758459358,8792.98730872476
General Anaya,15631.407361669404,14287.267947518118,13211.903092015118,11960.75015431233,10490.407275370371,9859.028115666595,8392.59687785686,7195.607300469003,6215.83107489173,5080.819108103196,4199.975553520392,4073.8472109410172,2351.6465250104125,810.3408023056138,1121.3937123371122,2406.9121464142804,2911.973129649696,3421.167388607069,4153.352388472333,5039.169664923719,10318.120424086184,10173.736060140514,10062.658925968666,10080.765547791043,10153.992537406428,9880.402657199535,9384.126475778607,10193.572038827615,11068.7392849007,11898.742522620067,12834.609743834768,14070.033866611844,14873.67269031812,16296.504233034604,17802.402348689637,18382.442996705715,19651.70515477323,21261.185531403957,21996.075232452786,22841.037164414734,23556.125996410774,19342.268906309477,17677.45628485599,15761.416640676534,14694.691948993326,13625.996560864429,12018.84439688704,11189.46344514291,10307.173201523701,9754.770068084603,10302.701066438382,8884.782916518761,8319.75684408223,7536.640030441788,6969.339371079913,6625.882647562655,6227.154559820287,5975.538698777542,6014.803044590844,6333.952203418709,6851.418593481253,6975.74361673053,8570.614254287717,7378.707546436437,6247.673547431551,5440.9975715772325,3947.6081628535844,4500.216897678624,4703.216080943451,5196.168913560782,5987.619429093441,6185.917065947844,6237.75211138107,6642.583005588474,7564.110834391217,8251.375416769646,8680.976912721655,9285.599372344053,4738.195167857981,5563.486443910626,6024.953225996562,8104.048970185417,9425.502858485845,10114.329175430423,11283.705335377466,12437.11870304158,13725.154968293307,14714.208180991023,16102.452328964568,17741.21021882696,14888.648867622884,14497.134892286223,14565.047374164198,14966.177871419675,15257.588153198203,15166.322316900192,15110.17333120452,15517.884518113706,15843.770995003691,16571.199703288206,9882.458643924743,10780.419554945422,12000.29998112547,11639.044622686239,11754.355089887253,11996.22006223578,12260.817757697097,12919.265957536498,13936.540019020793,16327.157658140393,7991.179086914272,8781.04008112197,11020.515647550554,12809.278545630797,13959.443038609339,4412.272581295927,3857.071461099153,3835.122953538722,3256.1411413055744,2860.812801567751,3249.055872322086,3863.652413496514,4864.303450796503,6755.052796672735,7354.056797214613,8118.585816901412,8861.2913944022,9315.887326972024,11272.892530250721,13788.669265634166,15956.414577817504,1196.9853440443012,0.0,1881.4553714152917,3013.7201636759464,3854.0894606600955,4707.105777971235,5340.87134190123,7036.033340428365,7976.381694661171,8875.617689285466,9152.589143136414,9567.962608544201,9951.102014408623,10375.722273347266,10995.82283456748,11488.265718570945,12134.760796119617,13159.218407152483,13926.284088087074,9252.270902549471,9063.385699184568,8985.569035862778,8940.77824066288,8948.516618680676,8268.639258140438,8132.517800384089,8079.705698978642,8027.214894584993,8074.974950436637,8169.117369316663,7666.215843356685,7662.743810619639
Portales,16291.158522444422,14917.502742627508,13885.23379237442,12682.511973446273,11273.108113920422,10670.519225786933,9120.297350271338,8013.514262962978,7151.303916081464,6044.315912974753,5013.998133168292,4170.183438529608,2358.1905666052007,1118.052085334374,1404.6237524224412,1803.587283040541,2526.6144108021253,3087.8847294369516,3874.3478791999705,4787.247118705365,8518.443122635772,8340.45097004029,8197.472531300442,8201.042748229698,8273.25886522219,8006.471466746469,7537.942038485959,8381.404124822247,9294.50174632127,10145.822306834982,11104.517644635253,12364.92555444942,13194.188510249804,14606.001051133486,16093.42541180035,16667.41402844312,17924.96478489999,19522.319793533265,20252.410520932754,21092.43811208868,21803.694792439677,19098.2152469528,17345.350016208227,15416.513289170633,14289.091965302838,13086.962433461835,11253.091982922115,10280.594087934145,9201.276198812124,8482.82722858434,8874.784020089048,7461.028286411411,6790.644364124399,5878.428597590349,5209.771499264022,4783.996017153136,4345.747419523834,4141.481907626152,4331.026289585968,4889.187299022222,5607.354986760886,5977.691220276843,8590.239214137458,7317.127609058963,6075.402899154583,5229.679758560408,3417.913453966803,3576.8392467953195,3520.0126428246804,3703.1016402964824,4310.069234084627,4376.891377820905,4378.196153769604,4802.3989048196545,5717.810638795754,6398.347236980059,6825.6538041597105,7427.639684317264,5096.262594247501,4993.567421503193,5224.918800622994,6986.042435320487,8142.579569398292,8746.03618439039,9843.486031955617,10885.817089598086,12159.650604978036,13115.204768312802,14507.873840197679,16141.159883387325,13013.172555770043,12615.680309374302,12686.371614328167,13101.103627378083,13425.340340159226,13362.133208352843,13336.384725132313,13797.651117524068,14192.113677913809,14970.080403378739,8234.851168537496,9072.40437578676,10186.826066436512,9791.075738539317,9882.302512376622,10115.906036944285,10384.267737369308,11054.769550263289,12082.984853515465,14497.000629523465,6131.832757557053,6916.112565026481,9147.341948666844,10935.030334301668,12086.536844065593,6083.9319827125,5277.276421472346,4880.4773740620485,4050.2800427023153,3219.7918945563415,2142.6263104819145,2435.5272405295145,3254.369102830792,5005.635931305412,5563.288783775313,6310.251435463932,7039.750094765699,7487.63960741473,9426.170604781828,11916.857062990422,14075.611080399858,2903.7381340758393,1881.4553714152917,0.0,1133.1174095138854,1974.036775718479,2827.2459732344914,3461.0070344998303,5156.274649131309,6096.323095673986,6996.2403505086595,7282.897220047893,7786.7850465736365,8216.382091024268,8692.188353859268,9339.339151802498,9853.35915933436,10537.662226103113,11747.865061328495,12624.449052053542,7771.168805492452,7461.223105645975,7301.437815385241,7183.6566709703675,7130.989066386667,6392.058705068232,6263.384331219786,6320.216632683444,6370.300393606869,6532.961761065289,6712.712751653917,6380.220022581851,6931.644287429425
Nativitas,16826.878383904757,15444.876495705374,14442.716350818486,13274.812836490099,11909.64174693767,11327.85689595331,9754.597089384413,8710.252158446061,7919.278750912559,6849.72261031669,5789.427920912168,4661.25606317596,3038.593289440752,2245.7693632928967,2392.4766045620863,2222.5463095126215,2873.7750954596486,3361.888588774229,4080.111862529888,4930.55152039865,7435.150737488328,7233.885285958421,7070.505921074942,7067.926855916674,7144.317670572719,6887.868512627966,6451.479192979361,7327.31288378043,8273.059902507362,9140.583326716329,10115.91497810313,11393.461552859839,12241.167070961748,13641.013685920901,15111.387580256465,15679.8466524408,16926.790730451852,18513.262128791128,19239.081432143434,20074.72588110428,20782.594042608234,19095.26911748988,17297.182108426437,15372.551194589745,14215.865213319563,12939.87234530391,10977.442742682724,9920.05765092581,8716.244271875283,7884.2455400578765,8148.256884840817,6758.074601923765,6009.43967737573,4993.718712919073,4230.983503140269,3712.95529406778,3213.888806345019,3046.365854856503,3382.2942735761744,4143.616007114038,5001.841578694377,5546.630664369426,8851.936166756212,7564.3579508884,6302.488149225151,5476.035456832392,3623.3455088995156,3478.7089835157253,3208.9295657403077,3070.501739185553,3442.905533776001,3351.8751482838125,3285.655526587478,3698.2144409015,4605.972504716581,5280.422788304574,5705.677406418677,6305.440958978601,5565.638620850901,4917.231414017228,4974.009758567954,6434.282192057602,7446.252681014058,7979.137530810876,9013.942788377675,9970.897343694764,11229.349110219377,12158.962835738308,13550.968572698852,15177.265815630699,11891.245581143934,11484.124074760191,11553.306274490282,11973.240958827075,12315.779385335805,12269.867206397601,12263.521163700812,12759.096853134864,13198.09047592807,14007.814091684171,7331.725314551959,8110.830929387244,9127.389997233002,8699.400885769057,8765.156371303756,8987.617967140593,9251.699475145675,9927.490069486965,10961.441760191243,13388.252908444785,5033.463359325789,5809.589676577474,8029.153236170418,9814.96754270929,10967.753690805625,7121.688720584139,6224.169343633099,5685.004448848704,4790.860107792431,3844.174788059449,2046.5584899472083,1927.7010697532999,2431.9907743592266,3981.9560828280473,4497.87602073917,5226.632313723972,5943.783698624798,6385.853829300696,8309.811980492857,10785.983271008765,12942.767386443327,4017.503326647263,3013.7201636759464,1133.1174095138854,0.0,840.9507866018818,1694.1440322559108,2327.8929648268877,4023.1574296709455,4963.223255460477,5863.132913038711,6153.690468699481,6718.913674773898,7181.615205906235,7693.260127461093,8357.037609087129,8884.171907699156,9592.177106161154,10925.509213244357,11871.597821361824,7015.557394496652,6605.777624537058,6373.838295808139,6188.193968652179,6075.704835137289,5270.731402872438,5134.850814227574,5276.032835653557,5410.002557585768,5664.044115561134,5909.014431986615,5717.4761444976475,6655.89821310495
Villa de Cortés,17269.921547954473,15885.363972498148,14906.648094489843,13765.98665250381,12435.208007920704,11869.424059649586,10288.185927064394,9289.880840349359,8548.103083841534,7508.140532515143,6439.6847084386045,5165.414671331436,3695.751302397061,3085.7121149687587,3185.996561917918,2795.9040906469636,3355.8450637621854,3770.2404665960075,4409.954240431563,5187.674921344752,6638.621752652095,6416.193321578153,6234.404051325807,6227.058880343631,6308.499411357947,6063.112982861652,5660.416364766325,6566.320040018061,7540.543350921077,8420.686360728989,9408.652695786204,10698.599609462384,11560.668332730042,12948.0048699991,14402.150414355403,14965.392614776976,16202.404152863885,17778.77026707175,18500.653346496998,19332.269348765727,20037.03617083152,19146.073387508317,17318.952778736108,15403.437046693996,14229.355092461834,12903.747423382642,10854.6482453093,9738.901737117112,8446.22163435147,7528.872459722765,7681.211484650096,6326.185125953228,5517.364093384713,4418.593244112108,3570.5896761565355,2952.7660628001004,2375.4339743515307,2254.1872425757833,2762.1119990571465,3710.395346676026,4671.786506645651,5351.338145870206,9141.482076736896,7858.041519352368,6601.757412509114,5805.5097521499765,3990.9522110905305,3648.8638605780507,3234.970049210254,2821.569298373922,2927.751920646326,2654.675519122819,2502.2242778656523,2890.1660452979163,3786.531849301417,4453.733196752097,4876.6035718349285,5473.9031401153115,6021.430066249387,5018.316330261951,4940.33490924176,6119.868057919014,6995.247953980396,7462.582502495393,8436.783869092038,9316.644336176429,10558.547996715522,11464.510345411238,12853.768088006063,14472.354576384689,11061.645952508425,10645.174938376309,10712.356331556399,11135.900242388478,11493.162720347966,11461.56673320508,11471.39342242453,11995.20555181643,12470.708018144473,13305.596378895209,6713.509044263674,7434.435071219929,8357.616086358357,7899.820540223539,7940.926927460388,8152.212656432748,8410.963985298658,9090.748870491328,10129.250898544306,12566.06168730407,4233.324963950743,4998.771900577233,7204.206168009412,8987.554903050794,10141.285137450986,7905.555748775471,6958.594110678508,6341.641331536671,5422.887293518082,4433.400834479964,2347.5983626155007,1922.390995655951,2016.7991678682179,3263.681955899547,3728.723923170849,4434.859595205358,5137.823904268543,5573.561866435618,7482.671248866732,9946.39909116314,12102.346590055397,4851.089237807072,3854.0894606600955,1974.036775718479,840.9507866018818,0.0,853.2113741871489,1486.9891729935237,3182.2681215803177,4122.42895090873,5022.2050051598,5315.778037382223,5938.18190802358,6430.499321802084,6973.198686952708,7649.538535686632,8186.497891071673,8912.881654243982,10346.02628065757,11346.07944814114,6533.903954301743,6037.744053775339,5739.96229948389,5489.672919397148,5317.666356229371,4444.267794750248,4297.788903816949,4524.118217339278,4740.597272142203,5079.530394995027,5381.771534084688,5320.323663510226,6561.595432749515
Xola,17742.40290099746,16357.89743587765,15403.715916108844,14291.586433067147,12996.565806580043,12447.255513389868,10863.705323008093,9911.08199749398,9216.014488570629,8205.980883717128,7135.935061453839,5752.5047680920825,4422.778654263343,3938.053593640152,4012.656359266825,3494.322823075272,3974.1460481869626,4320.16088184827,4878.0716350061875,5574.285263825244,5846.297606943687,5595.91818673914,5388.7400642636,5373.863561106772,5461.0773164588,5229.7420954593945,4871.637636561805,5812.81089063309,6818.4971756492805,7710.755920940507,8710.635347018375,10011.655504372666,10888.140898962363,12259.003305318498,13693.27854520738,14250.192691550868,15475.250016178203,17039.570324669803,17756.799469783877,18583.66902906369,19284.79843385267,19227.2559499206,17374.781846732098,15473.622025879844,14285.82742799144,12915.155978444376,10787.89279472568,9619.10280886387,8243.441783675564,7243.08139695422,7269.259903340243,5970.303550715349,5104.767555085819,3927.273005875559,2988.251710884561,2236.3110622443137,1526.5188462186836,1510.1826494309987,2289.348773596629,3437.0536779608246,4483.499555594795,5292.113804715582,9495.503131088355,8226.511647273439,6989.394100733486,6232.069356272688,4489.896429047625,3991.9114843588372,3468.4736851358143,2806.18581813179,2578.411067838404,2053.7426653848743,1757.789642943663,2100.3998580885273,2970.0099797331513,3623.6897970879386,4042.2311357528492,4635.251038196355,6567.936594258957,5265.497587876614,5058.810241592274,5914.842795340197,6623.227321832098,7009.935149643245,7906.11152681426,8691.289802511914,9909.805397293825,10786.18117251804,12169.81106793119,13777.44248912955,10220.435771214386,9793.770336558484,9859.17302428213,10287.813005810725,10663.344506054722,10649.115531383512,10678.33374793882,11235.106080544987,11752.583065829851,12615.23524062049,6134.526268624964,6780.550472678239,7588.44738598187,7095.543032782722,7106.886186315029,7304.908084216058,7558.269107497867,8243.633350362526,9287.869029985837,11736.471674168217,3438.2516564884886,4185.642291165547,6369.720216354584,8149.325304208483,9303.805255387448,8714.168907244131,7729.201347350502,7052.160208724069,6120.078702296543,5108.339555459076,2886.2608583006945,2269.3506749886515,1915.454848668083,2616.6026272216673,2992.5684607703756,3657.6122680061503,4336.637667215606,4762.212536599709,6648.744343528696,9095.384508400797,11249.481391324382,5698.201945710506,4707.105777971235,2827.2459732344914,1694.1440322559108,853.2113741871489,0.0,633.7936157627582,2329.067743958597,3269.2939505165673,4168.994476145706,4467.718169972055,5169.048409223869,5698.430130129041,6278.247761111486,6967.05423369502,7513.7513958628315,8259.407235035165,9803.144039413883,10860.169808532315,6117.910405648179,5526.302765809764,5151.665684134373,4822.338428556045,4574.0606790532975,3610.683972272667,3451.53388897255,3804.1582591069396,4131.998327813448,4575.676550112648,4943.545156737765,5037.902638162068,6583.228015993323
Viaducto,18106.65393361403,16723.693533699472,15788.052182840018,14697.462686745477,13429.23938836402,12892.166526091964,11309.84740964591,10390.097434150419,9727.554340261779,8739.147640415245,7670.637733498692,6224.810132612382,4986.2537710306415,4571.183890142016,4634.068048409672,4054.277282046961,4486.914252272481,4790.340217072299,5292.76245323011,5929.770509627492,5272.672933324742,4995.721017346918,4763.28160172309,4740.072609251743,4832.099024004121,4613.866348443323,4298.934815964942,5269.560522674326,6299.834761306927,7199.9073777435615,8207.401774395366,9515.012405496354,10401.82925657449,11757.424975034617,13174.303019405539,13725.723330314953,14940.475265264517,16494.50331330476,17207.78570683406,18030.643673328283,18728.711747576734,19305.907385535895,17437.305949127574,15550.025858847272,14354.627401822072,12954.148275231406,10775.92003827017,9572.553409850281,8141.693840864811,7084.253274772229,7009.457288314835,5768.057463440534,4867.3259040376815,3644.164219843366,2647.052037725753,1779.1986576609545,899.9786911650045,1073.9286374235207,2105.738003498861,3368.12985334199,4451.550043291679,5342.586911059587,9793.252468596591,8540.177427279932,7323.662016981837,6598.010403967977,4919.784556409445,4334.01480796321,3754.680824166887,2952.9519647293346,2476.388637704538,1743.314837740876,1290.1764791762964,1561.233093699995,2382.6356115962617,3017.342746804271,3430.070272561809,4017.639108794417,7017.680130304409,5532.996604060774,5241.399857696774,5844.987201411003,6412.377289878361,6729.633318868508,7555.294028300439,8257.623674515486,9453.135315057549,10303.035810868183,11679.984400747684,13276.866407094389,9595.863031633126,9161.137344139244,9225.486487483775,9659.15605181166,10051.007019764698,10051.985642661151,10097.990761700543,10682.531730460876,11234.840089824434,12119.585657213402,5744.009278184771,6321.401065485177,7026.778745173256,6503.931370269356,6489.147056594916,6675.703516068463,6925.208365490072,7616.080397212251,8665.487648529243,11124.074658497739,2866.5251474997413,3591.425088918116,5751.972789220825,7527.615274539074,8682.4454105742,9321.637280468269,8314.300690426475,7601.844371014648,6664.444748771299,5644.079477976665,3375.0215390305034,2682.321716629402,2082.765722389122,2232.731755697251,2498.500288015855,3109.352454006273,3758.9331016667197,4172.6330494154945,6034.25834140333,8464.015004640916,10615.825079515249,6327.915241382117,5340.87134190123,3461.0070344998303,2327.8929648268877,1486.9891729935237,633.7936157627582,0.0,1695.2791378133138,2635.5130987984035,3535.2450293479587,3840.0842326925713,4619.970175376683,5182.256465659995,5793.413922359918,6490.312731834043,7043.451697691519,7803.2026908270045,9434.545304121935,10534.63549777572,5864.8697072129835,5199.492071821046,4761.942993424221,4364.389854602089,4046.2568473624633,2996.9740677160703,2826.6771065804937,3314.5855176509153,3747.1874914001673,4279.198323992454,4698.1075662847425,4920.111740677891,6676.080740834339
San Antonio Abad,19156.161974856564,17782.339607527403,16895.933238407793,15862.253888198316,14663.839847464234,14158.172439588476,12587.528882665187,11748.134143760075,11161.61898337098,10225.409214347977,9166.592214127044,7608.600826375699,6559.431855786841,6265.579307508423,6307.272314196008,5627.0517577589935,5970.456749691399,6189.123355914823,6571.352531175608,7069.232605701171,3827.8087409528175,3446.015021514798,3104.8899548543704,3044.7967373557167,3160.7818695355186,3006.45781994808,2900.3829063747216,3957.040418350179,5049.4198811432925,5956.733718904325,6972.710208548849,8284.937715287584,9195.692005670282,10491.932343043725,11846.363535808468,12378.294226903337,13556.854393637695,15075.200811716695,15774.95012833748,16584.12118469683,17271.809179808417,19623.32636784022,17722.96845018635,15885.058545879578,14679.890335378825,13215.913304449668,10933.8262003809,9661.458446898518,8118.12746735665,6939.584986811185,6577.324338623132,5563.868098928803,4623.726850156934,3398.2603552229402,2418.5957890041614,1491.976597344591,833.487617583294,1439.4517372533394,2488.2024309527797,3739.642155689856,4788.613395954063,5817.5408043089665,10740.228940736337,9542.804653516934,8395.096373714983,7753.906575153632,6247.158768255629,5514.16102938588,4860.698905488218,3869.520327778339,2956.4551514288887,1964.8282547670399,1347.8075777382296,1044.1496622732504,1095.471311234756,1505.6000150030543,1861.0298081297374,2404.193625310845,8334.491541961082,6497.04564952133,6031.036844437228,5985.213046338701,6133.367320319219,6232.008578800892,6813.28538340126,7237.338505209967,8339.81138618109,9096.119207028227,10440.468752434974,11994.525205659784,7934.138378311108,7470.55828666863,7530.420975000973,7980.378854124036,8426.240986827,8477.757972113819,8579.100708882892,9251.24265748431,9911.16511466088,10859.03770568927,4960.661579498718,5280.999917960714,5605.391442576707,4976.723905402593,4859.677671299122,4999.751430435391,5232.260777144524,5942.554866166884,7008.903220297018,9497.404410939465,1595.3763888060748,2123.007805398029,4126.236221371939,5879.426076336672,7033.35357270341,10959.29457135156,9906.34316899425,9122.743878595047,8180.869503418369,7153.099363565266,4847.0003647480025,4072.2834215543307,3169.468836387827,1980.9405493361996,1705.0931454935055,1914.7302549363567,2354.1905174409444,2691.322374592051,4414.768122213761,6776.573411670394,8921.232415244978,8016.098079759752,7036.033340428365,5156.274649131309,4023.1574296709455,3182.2681215803177,2329.067743958597,1695.2791378133138,0.0,940.560753444027,1840.0743395510508,2176.820689878297,3298.060275927765,3966.35227813933,4668.605851790735,5370.47728610285,5930.377041393265,6719.374160366725,8594.686074647192,9805.75407064219,5506.495634091525,4656.144450572673,4043.75742892882,3434.155725860651,2861.535445086886,1447.9313558723336,1198.8047735023324,2361.6339638324675,3135.3780086074116,3895.6683788537875,4429.546309036899,4994.131195263059,7190.831489713757
Pino Suárez,19753.958200535762,18387.87582938762,17529.005911463948,16527.018701778434,15367.01103526367,14878.40402042993,13318.068649995053,12520.371354717645,11971.96787813197,11062.824392673756,10011.394107080028,8410.63180272229,7446.12234830322,7204.646202651414,7243.289315022201,6534.163188338024,6847.0209810642755,7034.85138216684,7369.59287642633,7807.732460434074,3159.705130956594,2683.788221903316,2220.893162576911,2104.865594375279,2240.7299345633214,2156.8300430668637,2277.0858481814894,3353.1840535835436,4457.744043282983,5349.504172569566,6354.870773262043,7655.090660813609,8573.66868948375,9822.911302878292,11131.522360799232,11649.369567431555,12802.124148552237,14295.49163774571,14985.912835922307,15785.724287896188,16466.377317467366,19829.88502386241,17918.74343223859,16115.280021568871,14910.898916610915,13421.614702213208,11102.327411208918,9807.083579785369,8226.17773394767,7005.88381886096,6486.9765183475265,5639.863029252357,4721.170879304338,3585.686334107107,2745.902017884463,2024.37155238551,1760.0904326036905,2261.805668243305,3126.071497139395,4258.599280407458,5235.5831371819995,6291.948378018826,11317.619062749858,10156.193259336616,9050.993691715468,8454.472564637315,7036.507866517855,6254.0943132981065,5584.857626486517,4554.90492078785,3537.2521451004627,2587.134785447664,2077.6801861730487,1696.9843218246406,1121.1441185585707,1006.1339346861873,1181.8938459822818,1603.6733418598994,9135.046218235373,7171.033143998515,6640.205123834817,6291.393178128717,6207.615995400989,6174.085438142529,6586.6322961327805,6816.975117385625,7839.588010519209,8523.749211287759,9835.792776920196,11352.837355247639,7012.0702648401675,6531.322024080983,6591.227150629735,7058.301016693835,7549.506356763098,7641.152492664071,7784.856379540708,8518.921794138116,9251.785358470643,10237.619402585067,4706.046745764495,4836.687606734447,4871.494730696485,4167.885563966899,3967.9613812745397,4070.82797122721,4296.676116475713,5027.562624964557,6107.939180516574,8617.258853548818,1339.4297036222558,1499.3881049647473,3242.4906946153687,4969.556896033951,6120.721213983566,11881.206183051074,10811.658000241954,10001.73773910786,9060.452941681098,8033.1876283220045,5727.665064937816,4937.977452500267,3975.766837721968,2435.5764349319393,1908.2289545139674,1708.8327970633552,1833.1273564059684,2045.3415964459248,3560.7873298693526,5846.7512257142935,7980.673412662897,8951.177415221424,7976.381694661171,6096.323095673986,4963.223255460477,4122.42895090873,3269.2939505165673,2635.5130987984035,940.560753444027,0.0,901.7777549860543,1304.6005764215722,2775.095411832372,3497.942908534262,4241.176297399642,4922.159787356224,5471.740871372432,6264.431804789558,8272.391520454858,9538.121142045746,5495.483159155272,4572.119944270886,3883.4943135740505,3170.541073279997,2445.528570334391,839.760942950999,559.6838876364699,2279.180764209558,3188.455321150824,4019.5475969511085,4584.062153670141,5303.605893794081,7651.784726422856
Zócalo,20414.441436325214,19056.177760393468,18220.53971509775,17244.906171545445,16116.109273467579,15641.06886538542,14090.415565256677,13324.15467382481,12803.047487054591,11912.849538435998,10867.12328521388,9241.185403436946,8328.63717621018,8105.552929664313,8130.481857149435,7388.574898927786,7670.995038776245,7829.491749701158,8119.612648194045,8501.686818151058,2598.4337807008346,2021.237735395233,1392.131920962506,1205.4862506989982,1426.672721799856,1522.5930991422583,2025.8296554770477,3030.8213457287447,4101.060935351537,4949.011902534896,5922.899071448596,7192.664960281352,8112.240652977741,9298.0602683079,10546.542754588852,11045.828424942243,12164.51688870736,13624.82922320335,14302.898237169638,15090.299836493044,15761.623649891584,20151.74010203897,18234.792939606785,16466.863110206396,15266.759200276207,13760.240640667944,11419.088727381002,10112.194657206954,8512.316198600201,7270.562935138078,6615.904019527563,5938.960708559257,5063.714855129097,4045.833237645386,3351.8681298378556,2791.1982030411746,2661.7612665355105,3085.7289086106002,3805.6451696329937,4812.6264088288535,5706.054475122205,6767.259404926148,11977.061931312961,10847.371031178009,9778.02452832478,9215.897304681785,7862.3625838849,7051.61144850645,6376.312034756151,5331.511953949127,4268.3609974898045,3369.162350386365,2923.1460131076005,2465.5097401833086,1670.1189949495333,1138.5974747826951,950.6265012703723,992.6580190477207,9880.85658794182,7811.559944714983,7228.695836132649,6617.5121044417865,6322.223880093055,6163.4732052649615,6401.943920758393,6432.0834897053555,7360.261225757524,7965.113521059017,9236.742384432993,10711.101029950798,6159.623419826953,5642.227346294119,5690.350999311634,6163.012127701256,6691.310667108447,6820.717722056744,7005.707598439339,7798.674016428988,8601.094306776193,9620.073001368659,4720.480105318283,4642.711612314087,4316.917002566343,3519.427630644314,3184.5184424370455,3211.9233759955428,3395.016911135584,4138.984134048598,5230.095259023112,7754.594556018354,1724.390647017631,1408.5508794227705,2486.256742917685,4144.953035582662,5286.8301832649295,12747.780450725404,11659.437831611787,10822.334224712622,9882.959761460368,8857.934994450252,6558.805535219569,5759.31559855259,4757.598434348775,3027.798139837794,2386.342850079075,1886.9579172801637,1622.5339174371284,1618.6756568016467,2746.269593769397,4947.138229503207,7083.6876361573095,9852.951467491797,8875.617689285466,6996.2403505086595,5863.132913038711,5022.2050051598,4168.994476145706,3535.2450293479587,1840.0743395510508,901.7777549860543,0.0,591.7214919516554,2425.4734357424495,3159.7009161452584,3912.3770309501065,4547.296452240226,5071.696133183612,5852.582431138428,7968.090452217716,9275.76220408942,5720.205119578833,4757.963451113032,4027.316152194178,3257.1187102172194,2439.219689477852,1084.9346474568865,894.9111058121266,2466.2833819482794,3403.8437619060364,4248.971644392911,4817.671806635002,5653.421337920894,8098.23473837544
Allende,20979.08942118795,19618.442594415803,18775.30478854831,17789.670436192147,16646.591371833852,16164.358657648854,14607.989689562528,13820.778114460325,13276.501563785756,12366.05094298585,11313.36978401187,9715.045685965837,8732.135415239252,8399.075662222975,8356.860834011646,7541.906403526367,7772.888571683199,7889.821464218074,8124.627909140406,8445.967388927413,2006.7793422679867,1439.5296465793122,928.0694407246649,1097.8203745977728,1564.3913333539824,1860.171407289584,2535.6429082796485,3484.0817543901426,4518.877150463142,5333.059650112352,6279.663307626755,7521.9253748869805,8437.4426484786,9575.148380253522,10773.551350313472,11256.127534664698,12342.431850140669,13768.92451476121,14433.685966382529,15207.303125246093,15867.982911655807,20737.583587515855,18820.27111580321,17055.544603163962,15855.851608350957,14348.307827529252,12005.847813355074,10698.31859049081,9097.36006660903,7854.271675956187,7180.381892868046,6526.915511812433,5654.620109409918,4634.692623640673,3919.141809673934,3302.2360826642425,3009.80786325527,3241.289933937681,3788.7611877645754,4669.8252803071655,5489.200959347282,6543.354584042408,12540.628918501874,11400.773964607088,10317.302282548417,9738.483684314224,8340.39584184016,7551.442968376557,6879.837637217731,5843.240975309455,4800.718912078448,3874.399774952595,3382.085898475457,2582.9603486908654,1686.926613649969,1013.2661716689728,636.9303381202977,405.8878111884731,9873.878401706032,7709.7812840653405,7086.5993719753915,6298.599347340318,5893.506800877215,5681.505568566336,5859.296117656057,5847.734518280712,6768.665163058253,7376.293162617649,8653.25102691887,10136.377913389984,6085.35379529537,5468.639797701524,5441.96176386458,5820.230753079557,6254.267309207442,6336.552107105155,6487.371560925296,7248.339461250113,8027.769794403928,9039.887620516904,5266.879428875242,5125.692735907657,4609.8648835746835,3750.3181133207922,3271.0316637639403,3160.5355399723717,3128.1702753983914,3776.071759502949,4832.778163762647,7324.143539125583,2310.0213733944715,1980.1546652641177,2634.459311209668,4145.627990898644,5256.495985501886,12911.82662486666,11788.21326036792,10908.483033095177,9974.460541965147,8956.105792993074,6677.6454539718325,5869.5030931371975,4827.453594232065,2963.5832792015717,2274.9819754808505,1627.6119582061456,1163.6637921774723,1060.0150501174196,2256.4729345015016,4636.508850504913,6863.945305418138,10165.804116873189,9152.589143136414,7282.897220047893,6153.690468699481,5315.778037382223,4467.718169972055,3840.0842326925713,2176.820689878297,1304.6005764215722,591.7214919516554,0.0,1867.7587086817791,2594.966415383129,3344.2166299785736,3967.6529560514878,4487.2597730690795,5265.767104099517,7394.3130663724505,8708.630803208634,6301.2248129624895,5336.083871264102,4602.0450937422065,3827.332521533638,3001.8871359617556,1669.9364542026706,1020.0881804175152,2160.5429495772323,3071.902359101347,3903.9838725154473,4465.372219192814,5358.055287064437,7845.4340192371155
Revolución,22451.547012946026,21078.77648698465,20193.966615447047,19156.817026508987,17945.664153376096,17430.949324931273,15855.165160483895,14979.877803491308,14342.651381237914,13359.080697233732,12290.396090811428,10819.154747998848,9591.527311460475,8889.512637285616,8627.231776888611,7605.126732625525,7663.087452366703,7643.794508073154,7695.867085391996,7817.267116541635,795.3451240447922,1072.2496185288232,1793.7573757381037,2558.6832901995776,3191.5707510404095,3639.7456354396413,4399.98911379146,5313.448105276401,6306.397925245123,7073.002020808773,7972.532420718654,9160.345198332607,10061.224976858697,11104.10685702464,12193.855976990413,12637.490642193843,13644.551012458649,14982.896727990877,15611.49402997237,16346.724831986745,16977.154472488965,22551.535985459715,20636.368016748762,18852.62320631556,17649.98856865243,16150.986240222452,13817.58207991586,12514.002595112574,10918.840975568624,9681.620106476032,9041.003761371228,8336.911748507622,7441.35387396859,6348.918001460441,5517.856328505281,4725.899305717585,4011.4270943029132,3684.061556053993,3621.4140832527196,3980.0174000532284,4490.597401620275,5466.429573852689,14028.806830467907,12838.912190000467,11692.741263439973,11043.184643667488,9481.805151647426,8791.755538867978,8147.820050037653,7167.1118830263,6232.58802668952,5247.44862457915,4645.621098893133,3069.6088789065175,2274.766532991401,1820.3471133520268,1604.73057739232,1470.9088817561196,9358.17212751356,6963.168511395382,6239.301696876439,4943.435538482682,4240.450092708847,3904.9841186583776,3993.6925720397016,4048.180936348462,5071.297323223096,5798.862681088097,7143.347154799502,8706.463005986241,6892.544759903673,6026.719871705606,5763.772691605589,5772.777871541005,5770.898476790673,5606.597525372565,5549.642963140351,6066.250309263013,6636.654646476788,7564.991574083332,7134.405057500901,6968.3578278930745,6236.449202219303,5311.75695968136,4621.5005039652,4246.649168041895,3651.516764824765,3848.707081476105,4634.974301089504,6822.765051610548,4042.07757678455,3833.9373460094516,4143.022893324037,5252.404395356975,6219.003461675334,12884.290398787753,11663.390643211631,10663.185179889575,9765.963806196729,8795.172871752775,6670.18686268797,5881.862870528713,4798.017545863331,2821.335960922428,2223.726544731223,1512.2180227618276,954.6391190829189,808.7079785107285,2104.586631009749,4806.3382284515965,7201.988922908391,10680.434762266803,9567.962608544201,7786.7850465736365,6718.913674773898,5938.18190802358,5169.048409223869,4619.970175376683,3298.060275927765,2775.095411832372,2425.4734357424495,1867.7587086817791,0.0,737.0800056473228,1491.0465822808683,2152.104261112096,2697.6243163361796,3489.834901564809,5548.8026041818575,6850.773766475823,8137.632665285951,7179.552137287677,6451.571533207501,5682.583581202593,4862.983588220211,3422.980690914805,2233.0422019914417,1502.6646723343322,1969.705751713093,2616.807322526987,3100.873953380881,4117.808624235302,6637.900666779846
San Cosme,23119.563189862085,21744.336574367786,20849.16242088596,19799.02342972078,18570.418221071588,18047.267480638504,16468.17436084164,15569.58663624164,14906.877936047642,13904.355102097572,12834.338173926035,11404.618070524839,10113.503241575472,9303.27208223403,8970.401050137623,7888.684255801595,7882.116445838289,7810.725882851542,7788.441656062965,7823.0006949072085,993.4810694208157,1566.3589778476605,2403.302027734166,3198.8092949053434,3843.60292071117,4325.505582854432,5119.050421619866,6009.5052234302375,6980.0364574387695,7723.317904317316,8599.635814534724,9760.326431266729,10652.093529162128,11651.80463307892,12692.975800834938,13119.12780157088,14090.432271160389,15388.63269530757,16000.647902207216,16718.188072133948,17334.62495228278,23288.123893221396,21373.094287887794,19588.027707412275,18385.17381050667,16886.970001457452,14554.230151700944,13250.863284404732,11655.887263969986,10418.687748674382,9773.542284431465,9073.75204959829,8177.097117246244,7078.393577463132,6233.897469020339,5419.47747576001,4638.82658658008,4191.890164411909,3942.142648464913,4066.443913216487,4401.577530515941,5304.757135784966,14706.580478256092,13506.183317944922,12346.682364060556,11680.964847454,10082.884189671813,9421.218002765645,8787.02317708521,7824.253164122805,6917.144098448637,5927.735336524789,5312.145934035431,3621.025229261866,2905.266163289127,2523.0725147174016,2336.6314035310666,2193.3008789842725,9393.34302144422,6930.171144987064,6173.8360825534555,4638.161186754178,3747.6548295379016,3310.4236157105834,3284.9492635390757,3319.146722065179,4374.722967868314,5146.170206084688,6509.735004488472,8096.499206581882,7198.453619099758,6258.330934626454,5913.551552496904,5778.050243156947,5596.512225643339,5330.457345154414,5183.107608524157,5581.433622814447,6055.0924642856935,6942.962492390334,7860.704779831338,7668.528179273991,6846.616455194562,5907.591688204372,5160.421423053079,4713.5852325571595,3964.301408343284,3984.3276327068193,4620.0122972850695,6616.934356888332,4776.550781585748,4567.57141880647,4740.713853193326,5697.302467951863,6593.424325469686,13086.9629101542,11836.37010013203,10796.605330188413,9921.743906523829,8979.672072233192,6944.023331177484,6179.841365076919,5113.029333597826,3210.7542288340596,2707.312401416203,2097.059926286302,1665.788050551587,1541.0609057103613,2347.4732062550697,4930.556591241181,7325.435546345222,11088.201154902434,9951.102014408623,8216.382091024268,7181.615205906235,6430.499321802084,5698.430130129041,5182.256465659995,3966.35227813933,3497.942908534262,3159.7009161452584,2594.966415383129,737.0800056473228,0.0,753.9905999725981,1424.4675168662961,1977.4935645390528,2770.572210025905,4811.816372098769,6116.153864603014,8874.362317895168,7915.642846257785,7186.769742880542,6416.502319209009,5594.900952131904,4159.369631917707,2948.876079689582,1907.0434719786085,2039.0180730844168,2476.4402292504196,2867.181178061743,3909.3819718900627,6382.411065859937
Normal,23803.617896964075,22426.240475478113,21521.090567400275,20458.541575189756,19213.388145913526,18682.281052690003,17100.85306345698,16180.445640985532,15493.839708789792,14474.269235484478,13404.417761779376,12015.942441484589,10668.130158910722,9759.40304446061,9361.422261604937,8229.651336224508,8161.360097970267,8040.012729876475,7944.742411905565,7891.865914710209,1577.0860062199101,2219.7699277557363,3088.168613508382,3892.385507216641,4540.6529312409875,5044.434101852073,5860.725870906853,6732.897768367483,7684.15418597186,8406.890817486632,9261.891737997903,10396.823881810951,11279.010688079814,12237.955221981336,13232.46849582597,13641.543399996799,14577.479279809271,15835.275655125552,16430.402527612194,17129.793528023358,17731.787552295715,24041.2971426879,22126.448798507157,20339.838148492847,19136.753015094364,17639.450517779882,15307.504296185787,14004.41544591062,12409.727439709608,11172.666642652714,10524.346058985402,9827.296582335126,8929.453813514821,7824.985660745366,6969.154817384533,6137.0369793831,5306.178129452078,4768.505081805213,4368.985138251301,4278.24746057783,4428.668983056605,5233.896595983058,15402.360952240466,14192.495181856797,13021.132030694276,12340.837018373446,10710.782322953719,10076.168190176748,9451.789048251794,8506.58058773957,7624.768349317096,6633.38268295741,6007.974013669173,4239.338502312744,3589.2587758868262,3255.9349420436643,3087.2025823548615,2940.82302117958,9480.16295225786,6968.781153095985,6188.989361325203,4423.843314279114,3330.4571261068163,2767.4299175124293,2573.204939156427,2579.9792836621637,3682.1723998461316,4510.382729220893,5891.6750955055195,7501.634828310608,7580.284979443798,6580.351690329693,6162.87431288713,5888.212942057866,5523.752868621512,5151.247528364461,4903.510707559861,5155.133003951935,5505.007357929136,6337.560294663635,8606.79022805457,8393.593219248525,7498.572179977367,6551.189079204701,5762.240212138225,5261.256590319271,4397.188364038577,4260.43707425965,4733.502824398842,6495.287336399964,5527.979153651526,5319.631815428467,5392.043579911708,6216.187301081965,7042.639132096493,13325.284931062799,12049.33143479773,10974.47068522926,10126.091061660689,9217.700613204612,7283.47351401009,6549.560536910205,5512.19685250154,3713.810699935234,3295.66244424126,2768.143023411356,2408.226060900326,2293.7902250824504,2788.622877052832,5172.397949681518,7532.798801839686,11532.426390123721,10375.722273347266,8692.188353859268,7693.260127461093,6973.198686952708,6278.247761111486,5793.413922359918,4668.605851790735,4241.176297399642,3912.3770309501065,3344.2166299785736,1491.0465822808683,753.9905999725981,0.0,704.361388298858,1264.6776067389574,2050.8608022206,4057.8406860475607,5364.590094571507,9628.238176738252,8669.136647816928,7939.6768506991675,7168.554217839262,6345.636138410033,4912.542009642642,3688.3428124106977,2479.42772851032,2352.1140266683415,2546.2407476415324,2805.3993027565134,3824.98313987343,6192.927479974193
Colegio Militar,24507.97130031628,23130.601210454144,22225.131505100955,21161.476491816262,19913.863921267977,19381.240625152543,17799.432805814195,16873.857373932107,16180.308428240633,15155.276918256825,14085.810303510752,12710.198901761754,11345.288876685165,10395.91842196188,9965.733133137195,8809.342846627496,8705.093560006893,8552.974414683986,8409.480500506192,8293.970894683125,2068.581226372356,2730.9330078764015,3610.2791297366302,4414.189323733593,5061.037570003291,5595.382623921361,6453.875476770553,7284.988612855766,8199.864677914979,8888.261220454306,9709.682547794548,10805.993596044425,11673.230089023205,12577.465307106988,13512.932234407937,13901.000811197944,14794.271058717686,16004.498002284834,16580.072259934015,17258.64200351509,17844.208824532212,24695.154224369864,22779.009250223007,21001.091713086007,19798.987400076356,18297.846076117297,15961.29328669264,14655.989427730106,13057.962187864194,11817.427675819545,11140.820853559968,10479.858482576656,9589.716475881993,8500.641982451009,7657.918260793235,6835.25299309116,6010.442233441169,5458.678149823857,5008.86873496152,4809.8183092935415,4836.177269979112,5552.14869371523,16106.002017920855,14896.765993218762,13725.383668021454,13044.085984514846,11409.155592725814,10779.041028678459,10155.625412124606,9210.8954554201,8326.085842133067,7335.004994789218,6711.132197601562,4939.0497449496925,4293.037902354865,3945.816105900494,3756.7554370797234,3561.8092279510697,9887.824425139894,7354.3879808322135,6563.615274172136,4632.051644444299,3360.8188324281527,2659.3515099087667,2151.419601225746,1896.108174118609,2977.8847207581694,3819.3003095651547,5205.427508035911,6823.301598434148,7711.724061751379,6660.8605442639755,6177.155819456516,5774.207570664594,5248.392370527646,4787.906682823946,4458.063817918602,4589.637072089252,4854.02523516955,5656.0591435012375,9207.395098907287,8944.891795189636,7938.3276362054785,6984.74785967799,6149.876356036891,5592.508828618971,4623.013419599901,4336.650881068423,4643.856626223532,6164.598175591117,6193.13365354136,5947.802766439937,5843.708437665541,6505.217968532774,7248.916078343487,13830.097402626832,12539.4141275003,11442.934134970754,10615.12957351859,9731.84940211714,7865.570661110855,7150.866314881535,6132.970468713094,4386.1700260629095,3991.818939044407,3472.324528891849,3090.2532052995944,2936.7164896935333,3075.8932317200097,5195.103025189394,7491.693490017078,12160.965450749061,10995.82283456748,9339.339151802498,8357.037609087129,7649.538535686632,6967.05423369502,6490.312731834043,5370.47728610285,4922.159787356224,4547.296452240226,3967.6529560514878,2152.104261112096,1424.4675168662961,704.361388298858,0.0,560.4672705223117,1349.8269287186176,3433.373986445992,4765.3859351791,10267.343697870685,9303.50712318003,8569.637271831698,7793.98269516722,6965.851585442551,5570.6035967275075,4373.279751721296,3175.7880118660732,2972.9061425694745,3036.11192625023,3194.4694844391142,4160.7754706614,6394.866795683362
Popotla,25068.247358906483,23690.7803460509,22784.588761096304,21719.54861574718,20469.419969393137,19935.362621273227,18353.235342914635,17423.076852656955,16723.648884735932,15694.179362409004,14625.154167144712,13260.388425323566,11881.67832216547,10901.229345346028,10447.039584811855,9273.636567316742,9142.997505094743,8968.470633406007,8789.699671544546,8628.063802966852,2541.15875784513,3199.7093316839937,4074.5902461451315,4872.161204259131,5514.454891940318,6065.848287754628,6948.825901680075,7751.546427343381,8640.015502696928,9303.290337659462,10099.420531376221,11165.966371690338,12020.845787247783,12883.358572476602,13773.214758262566,14144.832494178036,15004.349756128706,16176.420664761288,16736.163852560403,17397.779419453578,17969.907198721052,25223.394169273368,23306.489067622315,21534.726813022222,20333.394340546245,18829.779756828728,16490.401890564302,15183.828775750751,13583.915142273074,12341.425313879594,11646.097437023009,11009.482422524123,10124.652054549908,9045.596198748086,8210.864594766721,7393.427908890489,6570.349877438404,6007.009947545752,5522.848774482829,5251.817782711462,5193.139411290817,5839.328343440686,16666.422690904055,15457.168728694161,14285.2227773268,13602.577095682982,11963.00700664323,11337.157164487446,10714.851950872262,9771.256358050947,8885.673872863996,7894.74742976303,7271.448057593749,5494.757958983969,4853.4960470385,4500.536544850675,4301.540897912277,4081.658343378166,10221.650720377538,7679.8226746488845,6884.866553134464,4849.106099017858,3471.236386086653,2687.3185604738883,1920.2012716882818,1360.490677610448,2418.186217938133,3278.023678245589,4668.190394841787,6293.258114109621,7876.52296739105,6793.57234855913,6262.656536247079,5761.337494747727,5105.654232108432,4572.600200967876,4170.43612052581,4182.3147306471465,4356.118001449706,5123.645114610305,9703.419937406894,9407.977418199043,8326.751871333876,7372.150504559934,6509.627172263369,5917.006142365022,4883.597917372188,4492.756249305277,4665.535707708423,5964.55661811302,6732.855621488727,6465.520929430276,6248.5005352796015,6793.586812390246,7472.487562426939,14232.106334416918,12931.430911228816,11819.899276956741,11008.940302007533,10145.969762431429,8333.108686282187,7633.568334386492,6631.416763566958,4923.076692338057,4545.210694576394,4032.7629584017136,3642.070454937719,3470.5125901258175,3406.227583115456,5297.6649669942435,7523.576393504101,12659.209354478471,11488.265718570945,9853.35915933436,8884.171907699156,8186.497891071673,7513.7513958628315,7043.451697691519,5930.377041393265,5471.740871372432,5071.696133183612,4487.2597730690795,2697.6243163361796,1977.4935645390528,1264.6776067389574,560.4672705223117,0.0,793.1288285858429,2952.299383152956,4300.86475797269,10788.21688329614,9821.80046788892,9085.569389258386,8307.669413746666,7477.153967545112,6106.712945181972,4925.289965949192,3729.835495796838,3483.1778124130637,3468.750260341262,3561.3658884153288,4475.662499313639,6588.990759292941
Cuitláhuac,25849.31088544828,24471.058756233793,23560.737423787083,22490.21656134863,21232.323906817655,20694.385666519735,19111.573514829062,18170.417585939278,17458.297859419974,16420.038390370755,15352.230917885428,14010.791541796534,12604.169245599567,11569.660993749423,11077.056263742541,9879.348154979103,9708.9231147069,9501.515219602621,9271.631187054028,9044.04419452737,3296.6593634528763,3947.563070906575,4814.175144690366,5603.1791126010785,6239.300295333304,6804.090520802443,7706.282958351575,8483.263863431235,9345.304869005651,9982.21410727639,10750.379137632497,11782.506611002318,12622.044495373173,13434.967586294344,14268.775058615718,14619.650301577596,15435.785691761148,16557.523904768474,17096.002494722354,17734.597454035877,18288.305317523904,26003.329775771203,24085.931395421372,22318.667603090842,21117.902227046212,19612.669817982434,17271.449160220844,15964.078033360869,14362.975722450832,13119.236234037051,12409.145502644018,11791.521605242979,10910.262331060618,9836.568113097192,9003.976750150909,8185.064183026516,7350.151128056081,6757.495424018499,6216.1553482028685,5842.234256348102,5667.539054007743,6210.692475832897,17452.26132905778,16239.868101579155,15063.6694070516,14375.301599707644,12722.491398344162,12108.864418012567,11490.754514276434,10553.747468302125,9675.35657960741,8684.091094267636,8058.612805745918,6261.762106181183,5639.349350709021,5293.563211064271,5093.041432704275,4860.866367785021,10630.529575619372,8088.752383459749,7293.506733785101,5139.681167170164,3657.0411991398264,2804.1872917449327,1731.7059751595918,605.1573584119354,1650.7053131990801,2580.632574168415,3971.944482460587,5608.732030680153,8275.542046539542,7161.1977366528245,6576.307113969677,5952.566045586163,5125.022069929424,4493.415307582427,3984.2295082857954,3779.145233199371,3759.5923448700223,4437.820106669485,10459.472394693901,10134.348003114386,8980.2192044476,8027.388265475393,7139.740508348116,6513.553191848459,5421.208347064911,4918.8204845977725,4922.382990747468,5882.6369348729295,7521.7004964738135,7240.883428412855,6925.31360276021,7345.082796577071,7945.183887683444,14733.020328281205,13419.36262569005,12287.603455368568,11503.751604406207,10673.402210321046,8946.21564788877,8271.886896960377,7297.007619594569,5654.904171831055,5307.986392237096,4817.316900971706,4435.164395284047,4257.9745488501685,4036.2052206299436,5645.579702275926,7754.747027652966,13314.013488922868,12134.760796119617,10537.662226103113,9592.177106161154,8912.881654243982,8259.407235035165,7803.2026908270045,6719.374160366725,6264.431804789558,5852.582431138428,5265.767104099517,3489.834901564809,2770.572210025905,2050.8608022206,1349.8269287186176,793.1288285858429,0.0,2257.513286227076,3615.0033320637135,11564.025391304987,10595.943462061923,9858.189537157976,9078.93677919597,8247.09660814417,6893.855411402327,5718.367521314453,4495.33448486149,4182.216886613859,4067.4651035436887,4075.5187626681727,4904.150395154913,6822.911503516775
Panteones,27537.810885787974,26154.06524058973,25206.432829921607,24091.958109303127,22778.795057608895,22215.405311850423,20633.854300205403,19626.310621988498,18843.717678019988,17763.83882188964,16710.0934458666,15510.652050585264,13963.281577968088,12694.25895684428,12054.178498064262,10790.293728154933,10479.972837029536,10164.015661740485,9769.922547746999,9337.922191468624,5489.044502149964,6149.647613833909,7026.075082614308,7824.435433757925,8466.611351379754,9016.812503627176,9887.058064179335,10703.472287372486,11588.142468061269,12236.41390661028,13007.87539097384,14034.479005654312,14868.520294370672,15654.723273830778,16443.796546495552,16774.69626497842,17543.631162150457,18601.9676598729,19111.013507131564,19716.012951809807,20241.572254959276,28094.321014919802,26180.466647410798,24386.44958933931,23182.430049365386,21689.489143377687,19361.437973401047,18059.736461977256,16466.5179385572,15230.284705789401,14572.397027504181,13882.850934012095,12980.488272414512,11856.596643392226,10966.178709689564,10085.533605950717,9125.246441168889,8361.214081098946,7583.914596393626,6864.334899746991,6338.907589400056,6527.593619360011,19214.01069843639,17970.515943817634,16758.205831641928,16025.16463834823,14289.56635059171,13766.252017560986,13186.107793830633,12315.138292656664,11528.315401773998,10540.701088499369,9894.000585366282,7970.510883265346,7499.300426441276,7271.993545976694,7137.991252500732,6989.041732817158,10848.817155654227,8401.921706513573,7648.167302640426,5329.472610397272,3816.097597121566,3050.752808555643,1911.7165914515924,1657.52636384811,1772.937157081885,2640.4485370875586,3631.085366758181,5111.814268633284,10378.285776953353,9241.121658056603,8603.871839763127,7837.9324710883275,6781.59113498885,6019.472501852896,5352.777208495917,4659.876498640835,3978.385083686466,4079.310997511639,12640.758171041767,12360.256491840018,11237.70635501368,10284.769055835308,9396.15769490495,8763.345483705176,7650.476935273959,7080.990077690781,6921.0284650788635,7313.633792238736,9577.665132036169,9373.403691470114,9179.275054352884,9574.678428388394,10118.988003818367,15174.594935813915,13836.569815108012,12657.66781102418,11982.262215284623,11283.743132451737,9910.247030533732,9351.064258149023,8513.816295910197,7205.713121454452,7020.739612470854,6685.677021850033,6448.545801556644,6350.425822403061,6293.668804048953,7726.1655574923425,9656.417976606335,14355.956211292894,13159.218407152483,11747.865061328495,10925.509213244357,10346.02628065757,9803.144039413883,9434.545304121935,8594.686074647192,8272.391520454858,7968.090452217716,7394.3130663724505,5548.8026041818575,4811.816372098769,4057.8406860475607,3433.373986445992,2952.299383152956,2257.513286227076,0.0,1357.527755212998,13685.938970157553,12725.906206281968,11994.89938088186,11221.573930320235,10395.474068576148,8967.636308723677,7714.078520390301,6253.56129190195,5687.498326495008,5268.608939303915,5035.277929500778,5516.381314251949,6687.049947882004
Cuatro Caminos,28598.887827352817,27214.099938722844,26247.99717659558,25112.048976498874,23772.19484993538,23196.60705492074,21619.899223206794,20580.51458785457,19763.638366076597,18666.39448946129,17624.998139436815,16504.37094845476,14895.082034372492,13517.68724505046,12808.870849198696,11528.250359075548,11150.741385895553,10783.684321909848,10310.20215141556,9776.711110089682,6829.725853402039,7491.554932184356,8369.640364153767,9170.290540114365,9814.119715513973,10358.584788616407,11215.597190093731,12047.026339546279,12940.421332074955,13592.98823827786,14365.299858423496,15388.652451417469,16219.763303498332,16992.291263887506,17758.62182557398,18079.29317514715,18823.813971523392,19848.759282344632,20342.068581145966,20928.917276885782,21439.119405416997,29367.976394473957,27456.746782636023,25649.916114020627,24444.9805419794,22959.24738702637,20639.462233706487,19341.611472866163,17753.652958179882,16522.22578296401,15888.921010485621,15167.42478427544,14257.008508814746,13113.334216935047,12200.52216987077,11297.336417055081,10290.392988541129,9462.107435168135,8597.189650031656,7744.591230230737,7076.7440304559,7078.357768141888,20327.84633507964,19071.674324052907,17844.83295762553,17092.04336621261,15323.205193710233,14846.832701619498,14287.932854332228,13452.646629554585,12711.760782320918,11730.958297728565,11079.01640054985,9120.170827261389,8714.080321934829,8533.120015107508,8423.977677929517,8304.700330885713,11211.41301336175,8877.623566420387,8171.602889880887,5885.224628450941,4502.856982631122,3892.4670466624075,2998.8189406460074,3014.1122343338197,2875.6591637351557,3465.0951383115857,4054.8654906529864,5263.440594225495,11666.870794942379,10523.255577762719,9866.97029266267,9048.697534549941,7915.554313116089,7119.799351384854,6414.903071208707,5567.334578411047,4653.88389976115,4428.121064129183,13966.781068557693,13705.447954317062,12595.21816908742,11642.29679935263,10752.89123287857,10117.044274170374,8996.308242129175,8402.72564236939,8183.660520096137,8344.03447432691,10856.711664761344,10683.719541340513,10535.890056299873,10919.348698965741,11439.040524890259,15604.209547936738,14266.659274697337,13076.26223550373,12471.255952616217,11855.709548616143,10689.615872431048,10197.168671716843,9440.852137492147,8303.026636415394,8185.144169761138,7912.644076519234,7728.4764986669325,7657.201978541079,7651.075152289905,9014.689981764139,10860.214288389137,15121.184205161368,13926.284088087074,12624.449052053542,11871.597821361824,11346.07944814114,10860.169808532315,10534.63549777572,9805.75407064219,9538.121142045746,9275.76220408942,8708.630803208634,6850.773766475823,6116.153864603014,5364.590094571507,4765.3859351791,4300.86475797269,3615.0033320637135,1357.527755212998,0.0,14984.639077199492,14029.414840182177,13302.340108768698,12532.655481392605,11710.22266312273,10255.944361111751,8978.482569892116,7447.347447908548,6802.9549959587985,6285.452606332609,5968.388907943574,6268.927011198966,6977.862313574614
Zaragoza,15665.690376839131,14382.23588091655,13718.652009596999,12967.122314597385,12149.012949899638,11826.615744567152,10471.73230614599,10130.177950323934,10037.334638013426,9562.6149490695,8769.609157611258,7016.507596131616,7372.812979802273,8492.235747737632,9169.725637269537,9236.721463413385,9861.636810975859,10301.218522887382,10938.22212268241,11680.281691740154,8278.06161601271,7647.659214171108,6826.061841236214,6111.699037061026,5561.4519209465825,4942.474678546637,3936.9938778592423,3536.4282526642196,3437.037470530049,3773.929402306554,4338.307618118419,5290.087067842861,5928.820966503517,7348.527370163266,8890.64951025049,9483.023413040877,10777.100677070257,12413.069473389096,13158.838614332391,14014.966874444437,14738.908374403287,14444.462187854644,12525.98173517638,10787.629290896413,9595.780235814997,8076.535754954092,5724.638044432864,4414.3979882242975,2809.350349597017,1561.390402793589,1151.6270776328656,523.7021924577048,1017.2933806304932,2223.7064822679504,3246.2354838579495,4219.110716011538,5441.127367845471,6568.315361493826,7767.74863541059,9081.160951750362,10169.606965981733,11138.238886099003,7554.428396814788,6782.547231159298,6194.5095428501745,6101.273155872205,5942.943981548856,5048.3784741938525,4621.933232659841,4080.8193516549595,3606.313982191674,4121.561753633874,4655.1662111357,6487.235197043344,6484.376473221151,6495.21324041981,6563.517363472675,6707.024201436289,12546.599985791534,11375.041373169744,11106.102580579898,11454.611980728667,11626.906527060115,11658.255900004197,12066.932908892657,12148.591306844022,13028.194013750659,13540.392637241179,14726.731017036716,16082.467868130589,8294.79428935723,8607.551682655176,9118.544211110197,10092.030361664776,11158.227305405679,11589.897822220117,11999.59831104395,13001.309847955226,13988.17194999886,15066.165612103252,1506.4800386287727,2547.7139617167018,4593.641488541546,4993.898127457805,5801.709570209057,6501.732775835398,7580.611989134649,8561.431145512233,9633.823300950353,12079.54734115633,4156.440756666297,4323.177428848824,5425.165182761737,6615.6267727542245,7420.893390747332,13662.99599663245,13014.48376295582,12643.23768298155,11780.71054708934,10857.632420618686,8881.221825399647,8368.826620369098,7945.234292770533,7455.684577396976,7198.055384930899,7195.391996347183,7262.050270984171,7335.862611431305,7976.65553752303,8914.21813782154,10027.371474745765,9648.139683096928,9252.270902549471,7771.168805492452,7015.557394496652,6533.903954301743,6117.910405648179,5864.8697072129835,5506.495634091525,5495.483159155272,5720.205119578833,6301.2248129624895,8137.632665285951,8874.362317895168,9628.238176738252,10267.343697870685,10788.21688329614,11564.025391304987,13685.938970157553,14984.639077199492,0.0,973.0050096829477,1714.9209722601283,2496.049552192904,3328.5440146977876,4733.482293930453,6049.050338938853,7745.225756510019,8605.667142958699,9394.083195705853,9934.429994251566,10471.049469938524,12497.183741830584
Gómez Farías,16502.611139560697,15202.664907852406,14505.800616147315,13709.565011320088,12827.833676382817,12473.738898079657,11068.154773804385,10637.747937072789,10458.210594654385,9892.721948767708,9032.168409182928,7252.887555003954,7363.240437830986,8277.347883081404,8865.60621337738,8804.262376951961,9392.863324981547,9799.820401570947,10397.385489970846,11098.074899649479,7307.694902711282,6675.715679725898,5853.056866489448,5140.602694132094,4596.414542039889,3976.9352355819124,2966.9078680764314,2637.3976265784963,2728.947402455694,3248.678061487922,3989.492856400359,5103.19906254947,5847.222547114348,7277.921482223898,8806.815605821494,9395.251600071893,10682.025452200325,12311.239970965247,13054.444770502369,13908.171079639296,14630.28322740809,15416.025836414185,13497.389010532468,11760.565477105303,10568.384568662246,9049.478200480004,6697.642138560773,5387.402053412883,3782.3553100927024,2534.3947301261455,1925.3919027217648,1316.1117260542173,897.7809444169991,1619.412480217256,2553.498826189943,3473.1011087356824,4680.017523708114,5806.935104234609,6999.77725894981,8307.449268666333,9387.71413426623,10379.911408889684,8283.634800997448,7420.043311315033,6706.757607438377,6501.278619716705,6064.188783750221,5130.095009058493,4606.8487633164195,3876.747225543526,3166.0331870539776,3478.578191539735,3938.786560227,5665.039529540367,5592.4917768300775,5564.317980612676,5614.9178282978655,5741.971671195669,12053.981811467818,10732.483298185025,10415.455800427484,10635.399910326136,10742.802933399109,10745.247822514297,11123.401231959055,11181.922069300057,12055.804113168017,12568.08170236855,13757.763206056889,15120.772692631659,7577.1635513248175,7805.869667348568,8281.580764247614,9222.903671171027,10252.329177961516,10662.45934859211,11057.274481092487,12047.157839878319,13024.003081745599,14099.508782893728,898.1575530019405,1981.9674855948465,3901.2721750246396,4177.765725744371,4931.237875770693,5610.132168067003,6656.94980281368,7636.587793267306,8721.148703168376,11191.70853767863,3234.2284531418145,3356.3798469656476,4508.743930458598,5799.657739137237,6674.244761133689,13467.947486064246,12737.467177432021,12285.019124494394,11396.607199182301,10440.415655085646,8365.988595658337,7795.438523195292,7278.323284249466,6627.817760731736,6326.055817061404,6279.014671048363,6314.646412592878,6375.598578555942,7008.813162850357,8026.862733107913,9255.879372087205,9573.087748809025,9063.385699184568,7461.223105645975,6605.777624537058,6037.744053775339,5526.302765809764,5199.492071821046,4656.144450572673,4572.119944270886,4757.963451113032,5336.083871264102,7179.552137287677,7915.642846257785,8669.136647816928,9303.50712318003,9821.80046788892,10595.943462061923,12725.906206281968,14029.414840182177,973.0050096829477,0.0,741.9177629077507,1523.18518349448,2355.995770509816,3790.5206988077143,5120.147092358046,6838.4425567139,7716.154737377168,8518.38438832822,9066.613362655586,9646.375517744485,11747.645379865944
Boulevard Puerto Aéreo,17149.37715393864,15838.764119060514,15119.35515223186,14292.973239365287,13368.42741479742,12992.985614632255,11555.743358475262,11064.955154122525,10825.147443421527,10197.825172302906,9294.040455823106,7511.234686889585,7439.7697983190565,8185.576521975033,8697.813482325071,8532.487675734748,9087.317342395712,9465.016622474874,10027.012584211485,10690.556371982371,6568.127823019854,5934.722618574876,5111.142053741308,4400.8836325977,3863.6252405304954,3244.0798827352223,2229.1881084994893,2000.2598698772117,2323.665468194661,3004.3908181013617,3871.7160151885287,5084.87386753271,5895.339311360138,7313.317350401988,8816.986487757844,9397.892199749109,10670.923832840575,12287.088945597634,13025.390076128446,13874.28954331881,14592.746862861857,16157.067144861117,14238.345621003527,12502.411724789052,11309.984726356812,9791.332196106687,7439.558985177567,6129.3189141317625,4524.270894073757,3276.3113508140686,2607.4367933216804,2028.3362649666956,1378.5028911983054,1455.2307672488905,2172.6694203063803,2991.414670345311,4157.826245910087,5271.782489887407,6449.965595779428,7746.271484890431,8815.688398281394,9825.64839712373,8869.86364536494,7950.463871323076,7160.186891762022,6881.709087998589,6255.477181725382,5310.602937615779,4729.622003471292,3878.982740035402,3001.592712413497,3103.934519317005,3475.5553239970545,5072.712136699491,4932.02297278177,4864.8171309805975,4897.452344051537,5007.846560005734,11716.839395814663,10275.746688710398,9919.050830437202,10027.948218479252,10078.68334745543,10055.809664689246,10407.017850615908,10445.353454404945,11314.3443686218,11826.863640711577,13019.547682648143,14388.861402053242,7072.760321268961,7224.324376548796,7666.268110077177,8576.30142734106,9571.32534119288,9961.864953935432,10343.175092725898,11322.245255652102,12290.082580337305,13363.323920524452,983.5450590376932,1803.9724271562588,3467.044268268016,3609.6132435403206,4298.370166132241,4951.991860733537,5964.026848602963,6941.037318406969,8035.613901322211,10525.836774384672,2555.481086520584,2621.9311701372185,3829.72526584688,5215.219007785444,6149.21267380257,13362.8317135584,12570.696978837821,12055.4900014085,11149.91871226606,10171.401839654778,8028.361088654881,7412.5412465243135,6817.686855072688,6024.459306346194,5682.091929814877,5592.271137441129,5597.559366078393,5645.907568580328,6272.175147724191,7365.830370234843,8696.292552210789,9579.918275711496,8985.569035862778,7301.437815385241,6373.838295808139,5739.96229948389,5151.665684134373,4761.942993424221,4043.75742892882,3883.4943135740505,4027.316152194178,4602.0450937422065,6451.571533207501,7186.769742880542,7939.6768506991675,8569.637271831698,9085.569389258386,9858.189537157976,11994.89938088186,13302.340108768698,1714.9209722601283,741.9177629077507,0.0,781.5241151172954,1614.6854640414742,3083.3473630970884,4423.804954485453,6159.685677278722,7051.719085441048,7864.97250163152,8419.265419097046,9036.130956531555,11197.746946813182
Balbuena,17824.974280800732,16504.053710842833,15762.022718276325,14905.719107505074,13939.077096329998,13542.752612318045,12076.776981523954,11527.118779793747,11227.845850588095,10541.026524835339,9598.419372428936,7824.7921067345305,7570.39760713751,8132.351378763012,8558.586860362182,8280.77178695319,8794.470274440926,9137.50993025367,9657.151223997711,10276.625909259239,5787.594493564213,5153.31708379276,4330.3464938311345,3626.183135715574,3103.1701470315847,2485.0923150286253,1462.8737022717644,1465.6391039456912,2134.0517052402765,2962.569083835201,3927.785943354344,5209.714773742365,6072.529314665605,7458.968285179738,8923.195223804145,9492.19239593872,10743.445462530211,12338.66312376918,13069.08125901282,13910.118248611656,14622.620888002788,16938.548140774452,15019.808701902259,13283.009414137903,12089.964395680634,10571.975761375155,8220.566627686196,6910.337611996565,5305.289709045989,4057.3733891622037,3360.6372364599083,2790.272114805087,2048.2541856566695,1641.0421187784316,1975.1167071104005,2592.4360598249855,3666.0706599299697,4745.640663667896,5894.843464691351,7170.10337957903,8222.705996752664,9249.827018348504,9494.673403202261,8524.923094597154,7665.692460981395,7319.726355852395,6516.20932291735,5575.548166870897,4950.028900921099,4004.176384433498,2993.4608182989764,2840.1801816516854,3080.4008341551234,4476.855425794764,4249.773448470667,4132.519451374692,4142.353888626062,4232.83127919877,11376.770085832288,9808.452837842126,9408.429712172821,9391.303850612523,9378.035811914298,9326.988565992138,9648.790564317467,9667.068686397632,10532.820340072496,11048.11700780873,12246.094710039935,13624.684308261454,6613.876627089647,6666.891633408005,7063.109542454812,7929.576356109202,8877.780964309826,9241.92799686484,9604.73703575277,10568.492818013623,11523.261407700616,12593.003324405885,1541.4307393590661,1959.230816700845,3164.353264276781,3115.303662070613,3695.2929285796454,4305.171204023822,5261.466603965265,6232.177974814678,7338.431834866051,9850.651369522839,1875.4789886409988,1848.9470145168123,3161.1452960587862,4669.731561237526,5672.322260655196,13267.429421881408,12412.183231857258,11831.314116198024,10910.824437330564,9912.608657617493,7707.110604590192,7045.054957428192,6365.473596259622,5407.165776339261,5016.517909259266,4873.714838975626,4841.831067139215,4875.469138499045,5502.464379715205,6703.355876683059,8159.580063850255,9620.476338289287,8940.77824066288,7183.6566709703675,6188.193968652179,5489.672919397148,4822.338428556045,4364.389854602089,3434.155725860651,3170.541073279997,3257.1187102172194,3827.332521533638,5682.583581202593,6416.502319209009,7168.554217839262,7793.98269516722,8307.669413746666,9078.93677919597,11221.573930320235,12532.655481392605,2496.049552192904,1523.18518349448,781.5241151172954,0.0,833.273340078185,2349.6540201878806,3697.312858790683,5449.247839022205,6356.05910844672,7180.291709643921,7740.38962009339,8398.558248311596,10623.35659790315
Moctezuma,18544.975313485502,17214.290184790203,16449.81905263705,15564.089050324172,14556.34857942137,14139.713664915216,12648.054263186834,12041.256196727902,11683.541494007624,10939.827209982397,9963.09138046145,8211.150605280489,7775.3524352159775,8138.515944650592,8467.631711993705,8068.036146839946,8531.180231752054,8832.556009639624,9300.827835388907,9866.83227925746,4954.76158433308,4320.055542532195,3499.634180742309,2808.3404698748877,2315.0009875426167,1706.642103034929,695.3498802214195,1251.7029622043947,2254.3738406025864,3157.8781471352395,4170.2543328087495,5482.27975699479,6380.420485008118,7717.487285902509,9128.08535736312,9680.587004238636,10901.411912784652,12466.916977601672,13186.086633556673,14015.800297131791,14719.70739289987,17771.751159105926,15853.030754590138,14114.317760003527,12920.46387318966,11403.397453658805,9052.560931035503,7742.384538572759,6137.40255797231,4889.621415116679,4178.724533534257,3608.839922366122,2820.1657906250734,2143.4810962622637,2072.5979607800464,2366.022960956133,3250.474818687159,4254.816852955978,5349.7352918727665,6587.66074733434,7613.875203355244,8656.992332573567,10173.913634862307,9159.090279877815,8238.63580984808,7830.945799332981,6864.393558213719,5941.877092839042,5285.878703598695,4275.365830577545,3183.9475829744633,2762.600184227468,2821.807137154867,3898.9004264823825,3555.4357963839293,3367.2794460082114,3344.0959638313984,3406.640655482063,11045.230232825537,9339.773545619128,8891.416161298237,8725.987597928503,8636.71728392074,8552.368270543811,8839.676888900734,8836.100122020185,9699.808774060992,10220.37150958858,11425.993595995951,12816.947523460887,6213.80328679424,6142.462553937416,6476.632667467016,7281.95635074658,8166.301698638847,8495.194322226433,8833.074623434462,9775.686135255315,10712.462740568279,11777.195499543635,2292.578737542879,2424.375795427937,3055.838568505254,2758.4001241553406,3156.1604698255383,3687.6971078003908,4551.732380061464,5508.2343835618485,6626.396942455463,9160.635553543354,1268.4300617637641,1033.2073219419424,2535.1139740822928,4188.410169317089,5262.596377054477,13196.333991632198,12276.25217739572,11626.196967064609,10693.784384934186,9679.521187536136,7421.2778287285655,6713.03277207308,5941.32130345245,4787.864216014493,4337.154853834045,4123.317675038738,4040.696016478325,4054.69914727248,4690.624618997236,6040.846251683957,7649.924490448907,9713.537891860171,8948.516618680676,7130.989066386667,6075.704835137289,5317.666356229371,4574.0606790532975,4046.2568473624633,2861.535445086886,2445.528570334391,2439.219689477852,3001.8871359617556,4862.983588220211,5594.900952131904,6345.636138410033,6965.851585442551,7477.153967545112,8247.09660814417,10395.474068576148,11710.22266312273,3328.5440146977876,2355.995770509816,1614.6854640414742,833.273340078185,0.0,1606.540174567795,2944.1725327337135,4706.7846787669705,5628.765340910135,6463.7040175984275,7029.113604560678,7735.291957316707,10027.495525320874
Merced,19337.818832433644,17981.588092892613,17152.909229043726,16187.924096166216,15076.283252277697,14610.545646876324,13068.238897502197,12331.808908445955,11845.728497578262,10988.518913676655,9956.314222051158,8290.469724904779,7500.121804094225,7475.663804703992,7623.081374306021,7025.796518746131,7398.911449111128,7631.598209387976,8019.191062611822,8507.56419201581,3671.766008815382,3105.804260237974,2442.7160523438397,2037.2170017801166,1917.715244945121,1619.2597776608118,1478.7819758428705,2552.9213648855393,3656.4653422625997,4556.959733146937,5568.845316128307,6876.354780526076,7791.951625958955,9067.021419658964,10406.618457666806,10935.36703310071,12110.025390425886,13627.295815582647,14327.42107838682,15137.443333163625,15826.107216402028,19128.782221821228,17213.926447444017,15430.564959687286,14228.383889614694,12728.145790244025,10394.962750552831,9092.229052377515,7499.43210666262,6266.281537360687,5690.779862225653,4915.227662335044,4019.1253132610204,2965.8878437676344,2279.4460896709943,1836.0292737421926,2101.1055295972824,2885.7960200940074,3871.910848230169,5054.873120708453,6052.876709625083,7105.2071346477915,10902.147022294177,9782.754386868724,8730.658351916676,8191.490910480733,6909.59963670242,6066.762621664777,5388.402337786869,4335.765608625319,3245.1227123581552,2409.7103013077963,2082.966673295877,2413.501552336084,1956.4474999149024,1783.614619782689,1831.9667764807677,2058.7369128454843,9782.422897780605,7911.078701576509,7410.7501363760775,7128.975893909639,7036.497793443932,6978.021129773061,7334.24877987599,7464.293037491801,8424.950656404722,9045.998997681721,10321.352260368274,11794.985627145574,6621.186490853969,6265.884302036093,6419.413968992293,7011.587965196992,7650.878374047769,7831.548385772199,8049.920861344351,8869.116200665308,9684.628725415658,10704.998996772058,3877.360825268707,4000.305831763024,4159.004403747658,3538.248372433628,3496.9332548808065,3740.5957428758893,4200.221007240359,5037.244550193413,6153.776718019865,8701.95140111811,640.1049089491369,690.5853435012519,2760.0221731224015,4544.24635249754,5697.35663129899,12318.607785157568,11299.811940497784,10545.782383788175,9604.329808778668,8577.351662172767,6274.8128692099535,5510.213622972412,4616.908594094195,3235.7735510389825,2742.171686107232,2526.0372472915033,2529.0353318626917,2636.214666437145,3785.1499074091294,5769.803112343313,7753.921731128223,9174.568046985034,8268.639258140438,6392.058705068232,5270.731402872438,4444.267794750248,3610.683972272667,2996.9740677160703,1447.9313558723336,839.760942950999,1084.9346474568865,1669.9364542026706,3422.980690914805,4159.369631917707,4912.542009642642,5570.6035967275075,6106.712945181972,6893.855411402327,8967.636308723677,10255.944361111751,4733.482293930453,3790.5206988077143,3083.3473630970884,2349.6540201878806,1606.540174567795,0.0,1347.9582078517776,3105.541009186042,4023.3041186827795,4857.236531103869,5422.5785482911815,6140.17374217236,8469.807308489177
Isabel la Católica,20252.536110943536,18883.54959938101,18014.35789123195,16999.118847142865,15820.825893252684,15323.205326147361,13756.827752376968,12933.36975962083,12356.830563691648,11423.971565213127,10365.382460607065,8801.242481199293,7752.2480047168565,7379.889381552427,7340.962663853121,6547.7499779240015,6804.972180647663,6948.970078268276,7227.641549593092,7607.077430543809,2670.0315607912144,2251.5707242163558,1937.2076843349842,2026.7941970697602,2320.3182828102154,2382.9865194364797,2694.4053157010626,3756.2263929211326,4853.0489701813485,5728.132076569871,6720.661299047751,8007.303543457606,8927.52396359775,10141.949414067689,11412.942876888997,11918.161987844678,13046.27502330957,14513.646253485638,15193.743811573971,15982.809711510776,16655.11848543761,20389.504476241946,18478.416907359515,16674.380389228507,15469.91899691013,13981.122775982933,11661.997248343936,10366.585669785412,8785.007905025814,7563.3987136621745,7030.179562233741,6198.476499979899,5280.689749519499,4142.8526527467075,3285.7582304506273,2511.2693143197616,2020.3560397470617,2239.02030046162,2910.736317896722,3939.444589215313,4864.56040196265,5925.904531133906,11820.54780170734,10646.364641451693,9523.968873529653,8906.795001058548,7435.737821279789,6683.64071794546,6022.010870932089,5008.554369575998,4026.110327851278,3054.396059276942,2493.99663711359,1595.098803366548,777.1316593284063,447.11724577086915,677.5484068674695,1206.6602010076472,8987.87933642296,6922.303776287994,6349.901659450424,5849.316634781962,5692.5718389161275,5632.532871664646,6027.860505048051,6266.415003837916,7303.588708661513,8007.105219690807,9330.704940993997,10862.67767655126,7024.445883146391,6458.8539092977235,6455.224940764945,6838.398841704638,7237.857052915777,7279.3353090400915,7383.0789938809385,8073.163875855204,8768.162282493546,9738.898875078292,5224.454883932172,5296.981966611021,5165.435470930481,4397.083910955994,4078.5862880391387,4078.7663979743984,4142.211908955543,4792.961282304492,5839.059256060721,8310.080382707778,1892.990505356939,1950.0989532751692,3380.766503796629,5028.642774652797,6164.625357442537,11915.469924276293,10807.485865556364,9951.672345676063,9013.967962133962,7991.1004040068065,5699.325689365323,4895.056979410699,3876.9538269179766,2139.4927347355456,1522.102675605836,1179.4266497341855,1283.244783772364,1537.3510917046365,3222.1259950873614,5656.543875142139,7871.261690129988,9148.61246645252,8132.517800384089,6263.384331219786,5134.850814227574,4297.788903816949,3451.53388897255,2826.6771065804937,1198.8047735023324,559.6838876364699,894.9111058121266,1020.0881804175152,2233.0422019914417,2948.876079689582,3688.3428124106977,4373.279751721296,4925.289965949192,5718.367521314453,7714.078520390301,8978.482569892116,6049.050338938853,5120.147092358046,4423.804954485453,3697.312858790683,2944.1725327337135,1347.9582078517776,0.0,1763.0576024975414,2691.003057481954,3532.1311386119783,4100.633854765031,4869.698795372267,7271.188988650661
Cuauhtémoc,21366.773929259736,19986.729881743682,19069.15654009108,17994.990652121705,16739.77108592812,16205.7042802859,14623.753846915308,13701.14831370405,13019.725205526505,12007.89429578791,10937.778162358492,9536.534600406594,8210.707404432149,7414.52150928805,7127.850374745346,6103.688967068097,6176.333170878001,6180.176648721163,6280.574679221275,6478.8226857407,2284.866348031847,2332.2297728335247,2675.650339064417,3213.7531808463937,3724.922199626518,3971.1158473737896,4435.634704570648,5479.118494067998,6561.806529459052,7415.169410823128,8387.68898478424,9651.008001721722,10569.517725526946,11729.25762605038,12934.001463575534,13415.12021285741,14493.59304299713,15904.845102292755,16561.61491882308,17325.74530810541,17978.25322424421,21976.20038237069,20073.014555990525,18241.569008253133,17036.241442317627,15566.842772199368,13273.245973709423,11991.790516514056,10430.8273693495,9229.254986486078,8758.846285804288,7854.787498877819,6921.4379530530105,5725.332875711493,4772.837034970922,3851.3555525925867,2880.7537745189034,2294.163161836063,2119.6420217868913,2628.2108919622688,3347.7992461648023,4393.859711234991,12992.149352867087,11765.510557227864,10577.316086521916,9881.216939896869,8233.468245394262,7614.367667837642,7001.046538388168,6085.2167841043765,5274.962810177293,4288.61751610964,3640.543937059817,1766.4278254273395,1281.7714988107052,1358.2929180947874,1547.6067655541588,1948.3707594928717,7981.094581425291,5676.75731703864,5005.307885521497,4154.689486402849,3930.964849601264,3914.0273124871846,4452.501975236145,4969.589446906396,6143.141723698893,6989.760970200836,8369.527613674525,9973.708299941867,8042.718061617244,7280.846974340121,7101.56150804849,7210.8063000857355,7269.223778549577,7107.199185389809,7030.4682616622595,7483.497153393363,7951.731563522691,8812.60659891356,6982.305482061832,7050.556413162741,6754.901051563827,5909.453541068939,5407.4981138498915,5206.564885612632,4871.310063082377,5228.653174675563,6091.108950672601,8323.799972941471,3606.3762144234465,3709.4740465986524,4792.4399692202405,6216.064174916258,7279.857480986788,11397.229198148128,10188.700664687898,9209.953831224931,8302.424887017834,7319.860500051972,5170.662080849519,4379.944978061075,3295.5538455268447,1324.9042148147137,816.2693950796804,588.8552849440989,1110.8829612277354,1535.4497224008005,3470.2419656667303,6177.787102888599,8548.193596196521,9203.23617386731,8079.705698978642,6320.216632683444,5276.032835653557,4524.118217339278,3804.1582591069396,3314.5855176509153,2361.6339638324675,2279.180764209558,2466.2833819482794,2160.5429495772323,1502.6646723343322,1907.0434719786085,2479.42772851032,3175.7880118660732,3729.835495796838,4495.33448486149,6253.56129190195,7447.347447908548,7745.225756510019,6838.4425567139,6159.685677278722,5449.247839022205,4706.7846787669705,3105.541009186042,1763.0576024975414,0.0,939.3728121229434,1785.5003346477938,2355.1757470745783,3201.3431291140414,5685.5993475619825
Insurgentes,21851.385348950043,20467.928080521673,19525.376860840028,18421.408731543543,17128.01030429584,16576.077254557225,14992.612229022008,14021.66285405791,13288.57057822897,12242.353154999151,11175.734453979581,9874.792407979876,8425.38202991136,7423.06463572846,7009.308284765238,5885.435542868596,5849.828591766062,5771.713427431901,5764.233810774384,5851.14257855639,2746.909410602313,2983.7509563746994,3485.1384647855066,4092.278240505822,4631.756930345572,4902.275836674037,5373.068451742564,6418.379269802761,7501.014389339029,8352.7948874625,9322.648836788518,10581.728020663373,11499.472073791922,12647.04054552787,13833.846081789723,14307.723065483151,15370.258403291207,16761.994938143718,17410.22915143889,18164.968987707314,18809.83633017355,22743.84494867048,20847.422666458053,18999.84414329389,17795.423182398164,16340.41415518589,14066.765882395635,12796.594130664302,11252.082569289096,10066.187525514772,9640.580376682055,8689.932160063814,7751.49989610809,6533.053110678595,5549.063600573603,4591.58136982332,3505.9338143052905,2673.71715892277,2039.698442103008,2037.0114206158871,2542.5853227546195,3555.1439661924537,13533.983348558486,12285.620509665858,11070.806744910291,10339.603165380951,8621.45457288306,8079.062247267815,7500.256013297642,6649.724397391527,5936.671592650721,4972.005517858899,4316.717118819705,2327.101925191991,2123.73049880076,2296.29019432655,2475.511876679888,2820.583656156133,7400.911023020585,4993.515605157346,4274.173118583812,3227.1511451517877,3027.3561229361026,3102.7239186085867,3812.613331865395,4576.175146413803,5822.091999873701,6751.341925618481,8143.943218175906,9773.99472520843,8798.800706488819,7974.854756122148,7731.581049336707,7726.356466101626,7627.8531786291705,7368.049494833613,7197.62545518182,7506.075407031444,7826.747121027932,8603.40129903816,7893.867795787504,7985.507548696348,7678.790648278828,6820.652457731465,6280.550304574299,6029.57075755124,5579.014417035551,5818.412830071852,6579.36677554799,8654.247023574884,4496.583913602694,4640.82547528036,5689.526896288118,7043.41529923652,8075.035044087804,11048.963189841186,9797.461437705957,8762.261787791049,7883.681275925266,6941.002464089285,4938.931628970474,4197.9422313275745,3162.920802249392,1520.0197562716007,1434.2726295486445,1526.9413856207518,1953.6645234185535,2305.700882105545,4070.8078207106287,6776.039164232145,9171.152557115593,9189.03103665024,8027.214894584993,6370.300393606869,5410.002557585768,4740.597272142203,4131.998327813448,3747.1874914001673,3135.3780086074116,3188.455321150824,3403.8437619060364,3071.902359101347,1969.705751713093,2039.0180730844168,2352.1140266683415,2972.9061425694745,3483.1778124130637,4182.216886613859,5687.498326495008,6802.9549959587985,8605.667142958699,7716.154737377168,7051.719085441048,6356.05910844672,5628.765340910135,4023.3041186827795,2691.003057481954,939.3728121229434,0.0,846.1279964637971,1415.8338959303624,2292.611904053254,4804.064506184419
Sevilla,22313.774463598413,20929.025121768827,19966.285428836058,18838.42588224908,17514.598459052704,16948.46755717809,15367.584591770445,14358.046314351364,13583.03189533321,12511.444560941318,11453.117817417493,10244.944208926832,8702.564482603915,7532.934900449751,7010.630728667686,5814.339065540671,5675.236359617412,5517.188927904612,5398.856850870554,5365.340594181369,3338.424405633284,3678.1182229151377,4259.716611260006,4902.625736614044,5457.760694572002,5743.170532452929,6218.01237507043,7264.445923519304,8347.005330363469,9197.589023119257,10165.393660820986,11421.126241964177,12338.181421331336,13476.030220291217,14648.29423561712,15116.223018953491,16165.524512205742,17540.800799585402,18181.75389690793,18928.425413229048,19566.68660226294,23446.67401768016,21556.853150436997,19696.905164336604,18494.10284350634,17052.11697055261,14796.758069011785,13536.943741133917,12007.193650676469,10834.928345601951,10443.772372397865,9459.423991009837,8519.122327320425,7288.192492940833,6287.037018918254,5313.103784292774,4171.886970325443,3219.230251819841,2318.7517286027296,1783.3288159869635,1925.3544054414272,2854.6508993249467,14058.885731783945,12796.072036292999,11563.690614972982,10806.886563652539,9041.543485941918,8565.487279527653,8018.748942860112,7226.167433430699,6591.436616336011,5651.530990276924,4999.797918805268,2999.5706168544375,2933.5063468648204,3141.9197497508844,3316.7275172725044,3634.6886287905695,6946.987502140474,4459.625585447803,3698.0241886685635,2399.8769624567276,2238.2697328429495,2450.6521101698904,3357.914148086876,4365.641818008373,5650.978313268842,6642.594992588084,8028.661523514071,9667.757545878889,9507.204150590189,8639.040004737511,8348.178358836334,8253.992923480966,8030.5758659643125,7693.03883220793,7445.909628973761,7624.847982878572,7808.5304266989715,8498.616966833317,8720.253650466799,8828.55729128278,8513.683861097596,7646.991809355576,7081.110474380902,6796.270533562523,6268.11962130655,6420.475828315556,7096.32776056915,9024.444629384147,5313.237911565892,5482.1930742254135,6507.494785297762,7809.867070321764,8815.029554924633,10796.980486623224,9512.10967422221,8429.717300669632,7587.886053238759,6696.104636702569,4879.108054809785,4211.600578031838,3278.8812893075683,2079.5319949591108,2196.0380174002007,2372.807314974013,2766.287552027497,3080.4787620362886,4706.854090660358,7375.199158522519,9774.822636084276,9259.395094466749,8074.974950436637,6532.961761065289,5664.044115561134,5079.530394995027,4575.676550112648,4279.198323992454,3895.6683788537875,4019.5475969511085,4248.971644392911,3903.9838725154473,2616.807322526987,2476.4402292504196,2546.2407476415324,3036.11192625023,3468.750260341262,4067.4651035436887,5268.608939303915,6285.452606332609,9394.083195705853,8518.38438832822,7864.97250163152,7180.291709643921,6463.7040175984275,4857.236531103869,3532.1311386119783,1785.5003346477938,846.1279964637971,0.0,569.791290039769,1507.1737335221474,4033.00658329174
Chapultepec ,22647.994222405596,21263.21685259743,20288.218723958806,19145.94824802117,17803.854373095994,17229.221929991396,15651.862169818485,14619.143337014933,13818.60408563838,12732.897024945047,11682.422900629655,10536.131140950909,8941.128682762204,7671.177637776194,7081.429845241833,5848.209566608296,5639.484249768896,5426.655657650691,5228.426476197796,5103.1262925683095,3784.1947760168746,4171.486375355264,4790.728674608615,5451.309468859453,6014.713362173,6308.905099737795,6787.616442774703,7834.20479842684,8916.381439261242,9765.835057833074,10732.037863892649,11985.310600409515,12901.83076407054,14032.921516206106,15195.329653742034,15659.249608011072,16699.63862315707,18063.806322405224,18699.831528833143,19441.028736325257,20074.797351394565,23931.93332698856,22046.59697409155,20179.558009270182,18978.131641115564,17544.56254225431,15301.050493028264,14047.90482578032,12527.47134399237,11363.58204997339,10991.816123050627,9989.289465451202,9048.640659117886,7812.19648860007,6803.51116119809,5823.468961631989,4659.7955040267,3659.404353812115,2655.8601084246175,1838.4216628202487,1641.7383893908957,2445.0557885030034,14439.039875701834,13168.929844447097,11927.740239930283,11156.73743764997,9367.3395388026,8933.004242930308,8407.16824557483,7651.049013338348,7062.385634269155,6138.980219543709,5491.71774338686,3500.910353607899,3491.0803316566085,3711.6993987655796,3883.278979686067,4187.294053228766,6696.029154195019,4170.169314669354,3385.8238865089397,1856.6005167963458,1730.6737635877284,2080.8130252461206,3132.182109915409,4299.774765269098,5592.452669757247,6616.718782473633,7987.910401547954,9624.748200211872,9989.825300759907,9096.016941416998,8776.86962344623,8628.587515832458,8328.673927908834,7944.0328381562995,7649.682662900155,7743.643502560314,7835.105918689029,8462.293360499605,9281.074011729459,9397.42527639126,9075.103332518589,8203.184916765787,7622.023088190936,7317.598005854527,6745.722847881313,6846.9362849405225,7469.0246452602805,9297.88961697733,5870.542923609223,6050.524861089551,7059.121817369919,8329.76116689288,9317.809559133388,10674.328473378999,9370.648003091566,8259.495990798327,7448.914102561053,6600.173503041359,4933.702720523941,4327.621945417267,3484.443001573581,2553.527661115333,2740.558407030574,2942.597247757806,3320.3526515308185,3616.3830152437677,5162.00728941698,7796.234194077963,10192.376142109688,9362.228906307048,8169.117369316663,6712.712751653917,5909.014431986615,5381.771534084688,4943.545156737765,4698.1075662847425,4429.546309036899,4584.062153670141,4817.671806635002,4465.372219192814,3100.873953380881,2867.181178061743,2805.3993027565134,3194.4694844391142,3561.3658884153288,4075.5187626681727,5035.277929500778,5968.388907943574,9934.429994251566,9066.613362655586,8419.265419097046,7740.38962009339,7029.113604560678,5422.5785482911815,4100.633854765031,2355.1757470745783,1415.8338959303624,569.791290039769,0.0,1042.3637240274059,3539.8622038267795
Juanacatlán,22543.112294719445,21160.52130641953,20160.180903675304,18989.03529173051,17611.50353019872,17020.76461889121,15455.26168386282,14378.968368529451,13531.323499528235,12423.328371837946,11393.36636828416,10378.458970792792,8690.724746159965,7249.543164638058,6553.203842940825,5280.618354707493,4967.8169899132,4679.514728562816,4379.017855350903,4153.533871940836,4818.922977617693,5183.076251939586,5761.050783535213,6384.722874591744,6920.860869091499,7168.273303876526,7560.764513995647,8625.89250927988,9721.9477352674,10591.007392592512,11574.089098964356,12845.846628679672,13765.185613815065,14930.532950461422,16125.960557741508,16600.327345565056,17660.110477085967,19043.2435062408,19686.318826272123,20434.556224290944,21073.554615574147,24225.469912629702,22357.321760586077,20469.590101842063,19274.655502345326,17871.687556268247,15674.291634146844,14448.71968048834,12968.461219119505,11842.625829573306,11562.395804525688,10479.492450123804,9542.589221263504,8292.921648395859,7265.900461897177,6277.469476221929,5066.433442069509,3973.870775495676,2815.862517486359,1613.226772429416,822.5562707253035,1409.3656769325305,14460.454153206065,13177.958511046241,11922.080362509001,11122.788306717597,9293.118937965632,8957.213061252649,8486.427049186263,7830.209112118856,7375.347977897329,6514.33518152913,5891.93838495175,3984.9469034386725,4183.740193217971,4520.66930947331,4748.787068911397,5113.142918677196,5746.459759571436,3204.1603851645846,2409.3781001970146,992.7612781539101,1767.739198297531,2466.4886015367993,3694.8804131834477,5041.920097615938,6320.412704948892,7372.486478463689,8713.927159291137,10337.91361048217,11010.305753203302,10129.28472617511,9817.369956429186,9668.833647012727,9346.597932633342,8939.079929900861,8615.939733436831,8642.608476598672,8641.728005633931,9190.674135276868,9937.134549103841,10140.102553761313,9955.72522752973,9108.37285530955,8571.411011918106,8300.83722615611,7768.714054376133,7887.463924224698,8509.284325623516,10303.056223102483,6524.378122884249,6798.40980670864,7981.495228132928,9314.710184430824,10322.163966001162,9844.016279374868,8523.298440289265,7384.578518034252,6615.240477784499,5829.085200990543,4422.678239428411,3944.9768307159607,3314.0726400013514,3018.823399516667,3398.726813267503,3767.8936076029786,4245.725819517846,4580.336057803091,6194.723688214063,8837.608295071357,11234.266888521795,8862.75758459358,7666.215843356685,6380.220022581851,5717.4761444976475,5320.323663510226,5037.902638162068,4920.111740677891,4994.131195263059,5303.605893794081,5653.421337920894,5358.055287064437,4117.808624235302,3909.3819718900627,3824.98313987343,4160.7754706614,4475.662499313639,4904.150395154913,5516.381314251949,6268.927011198966,10471.049469938524,9646.375517744485,9036.130956531555,8398.558248311596,7735.291957316707,6140.17374217236,4869.698795372267,3201.3431291140414,2292.611904053254,1507.1737335221474,1042.3637240274059,0.0,2525.9285074005556
Observatorio,23177.82137597409,21812.315557849335,20762.65296058087,19536.372975859205,18091.86127698568,17470.767597128797,15958.88121624863,14798.007564305302,13853.053062498644,12717.608118751974,11769.759021131611,11101.816396776847,9273.274228945655,7499.466595646489,6572.369705277443,5340.251463766777,4752.226376866881,4251.1968047209075,3592.772789511787,2882.6559022846454,7320.73131664004,7705.957145320004,8283.664250623076,8891.485994404527,9409.644846934912,9620.577638374192,9928.744506762496,11004.102711749498,12107.881518461423,12993.615924980999,13990.817314303134,15278.227369781463,16198.47269124568,17395.788289977805,18618.677819393495,19100.676931641778,20172.806373431093,21564.911400970468,22210.24344131158,22959.96181988228,23599.45295611395,25704.925996957838,23880.54425881464,21964.50445893589,20790.92632286056,19457.69196836574,17365.743702272997,16202.23914340126,14808.466808432431,13759.891256007035,13625.591294807453,12434.489869467185,11519.572999706217,10276.622078930928,9250.948786459925,8285.054034798824,7068.818066563793,5940.869438524488,4749.736724527285,3453.983848480747,2416.9463043914175,1373.5532741642485,15474.831489903687,14190.47843936248,12932.384904226808,12094.69592702097,10243.359168192763,10125.582372589975,9782.825314256923,9339.872510624964,9129.98664919027,8400.569391905403,7842.058146936552,6146.9972300178915,6537.710876297698,6959.644329382122,7223.735684391093,7620.008164576575,4236.272487440177,2116.4812058030107,1706.9447424922498,1770.1755710748107,3166.4347571291432,4028.982993265424,5251.680791116848,6780.186740235497,7948.687901466225,9013.565603305566,10237.758562595402,11784.894813075338,13529.235898497685,12631.666914296049,12294.164372761728,12080.810238823058,11643.242998655383,11157.424306566503,10749.480423096757,10592.292457972835,10360.701811639039,10705.47327729044,12139.787953022424,12451.256686883318,12414.817646735904,11590.038152829184,11082.877989860526,10825.294115273153,10285.46084855097,10366.065690561665,10924.799105487657,12545.327707603623,8776.744436387464,9149.088730452851,10477.9921662298,11839.301504175955,12847.648758456875,8643.062478608863,7310.014099028711,6117.965327836937,5584.462255200813,5131.546773090687,4790.295371904747,4731.715986311454,4667.928680852039,5240.437781360242,5755.944073464095,6230.645816279253,6756.056419013192,7102.660374049755,8699.469028881658,11308.486997917707,13696.32301443772,8792.98730872476,7662.743810619639,6931.644287429425,6655.89821310495,6561.595432749515,6583.228015993323,6676.080740834339,7190.831489713757,7651.784726422856,8098.23473837544,7845.4340192371155,6637.900666779846,6382.411065859937,6192.927479974193,6394.866795683362,6588.990759292941,6822.911503516775,6687.049947882004,6977.862313574614,12497.183741830584,11747.645379865944,11197.746946813182,10623.35659790315,10027.495525320874,8469.807308489177,7271.188988650661,5685.5993475619825,4804.064506184419,4033.00658329174,3539.8622038267795,2525.9285074005556,0.0
